data,indicador,valor_r_bilhoes
2007-01-01,- Cancelamentos (DPMFi),0.0
2007-01-01,- Emissões (DPFe) 5,1.0939
2007-01-01,- Emissões Diretas (DPMFi) 4,0.06592841648
2007-01-01,- Emissões Oferta Pública (DPMFi) 2,39.55121499961
2007-01-01,- Juros Apropriados da DPFe 10,-0.06576814962417984
2007-01-01,- Juros Apropriados da DPMFi 9,12.5921034209467
2007-01-01,- Pagamentos Correntes (DPFe),-3.9529407144400004
2007-01-01,- Pagamentos Correntes (DPMFi) 6,-57.80929798668
2007-01-01,- Resgates Antecipados (DPFe) 8,0.0
2007-01-01,DPFe,143.4548681617762
2007-01-01,DPFe,140.5295707142827
2007-01-01,DPFe,-2.9252974474935036
2007-01-01,DPMFi,1093.4952968928872
2007-01-01,DPMFi,1087.895245743244
2007-01-01,DPMFi,-5.600051149643259
2007-01-01,Estoque anterior1,1236.9501650546633
2007-01-01,Estoque mês em análise,1228.4248164575267
2007-01-01,I - Gestão da Dívida - TN (I.1 + I.2),-8.524860013707473
2007-01-01,I.1 - Emissão/Resgate Líquido,-21.051195285029994
2007-01-01,I.1.1 - Emissões,40.71104341609001
2007-01-01,I.1.2 - Resgates,-61.76223870112
2007-01-01,I.2 - Juros  Apropriados,12.52633527132252
2007-01-01,II - Operações do mercado com o Banco Central,0.0
2007-01-01,II.1 - Transferência de carteira 11,0.0
2007-01-01,Total dos Fatores (I + II),-8.524860013707473
2007-01-01,Variação Nominal,-8.525348597136762
2007-02-01,- Cancelamentos (DPMFi),0.0
2007-02-01,- Emissões (DPFe) 5,1.8068565224316189
2007-02-01,- Emissões Diretas (DPMFi) 4,1.91219675136
2007-02-01,- Emissões Oferta Pública (DPMFi) 2,26.07862781634
2007-02-01,- Juros Apropriados da DPFe 10,0.8507277782584924
2007-02-01,- Juros Apropriados da DPMFi 9,10.339938411324972
2007-02-01,- Pagamentos Correntes (DPFe),-2.8441415327599997
2007-02-01,- Pagamentos Correntes (DPMFi) 6,-6.177572861870001
2007-02-01,- Resgates Antecipados (DPFe) 8,0.0
2007-02-01,DPFe,140.5295707142827
2007-02-01,DPFe,140.34301348221283
2007-02-01,DPFe,-0.18655723206987024
2007-02-01,DPMFi,1087.895245743244
2007-02-01,DPMFi,1120.0484358603949
2007-02-01,DPMFi,32.15319011715497
2007-02-01,Estoque anterior1,1228.4248164575267
2007-02-01,Estoque mês em análise,1260.3914493426078
2007-02-01,I - Gestão da Dívida - TN (I.1 + I.2),31.96663288508508
2007-02-01,I.1 - Emissão/Resgate Líquido,20.775966695501616
2007-02-01,I.1.1 - Emissões,29.797681090131615
2007-02-01,I.1.2 - Resgates,-9.021714394630001
2007-02-01,I.2 - Juros  Apropriados,11.190666189583466
2007-02-01,II - Operações do mercado com o Banco Central,0.0
2007-02-01,II.1 - Transferência de carteira 11,0.0
2007-02-01,Total dos Fatores (I + II),31.96663288508508
2007-02-01,Variação Nominal,31.966632885085097
2007-03-01,- Cancelamentos (DPMFi),0.0
2007-03-01,- Emissões (DPFe) 5,1.0982897756114889
2007-03-01,- Emissões Diretas (DPMFi) 4,1.0344452484400002
2007-03-01,- Emissões Oferta Pública (DPMFi) 2,41.8339275449
2007-03-01,- Juros Apropriados da DPFe 10,-3.0744705951859688
2007-03-01,- Juros Apropriados da DPMFi 9,12.129669490405139
2007-03-01,- Pagamentos Correntes (DPFe),-1.26020804888
2007-03-01,- Pagamentos Correntes (DPMFi) 6,-32.395674930910005
2007-03-01,- Resgates Antecipados (DPFe) 8,-1.48273301393
2007-03-01,DPFe,140.34301348221283
2007-03-01,DPFe,135.6238915998283
2007-03-01,DPFe,-4.719121882384497
2007-03-01,DPMFi,1120.0484358603949
2007-03-01,DPMFi,1142.6508032132301
2007-03-01,DPMFi,22.602367352835135
2007-03-01,Estoque anterior1,1260.3914493426078
2007-03-01,Estoque mês em análise,1278.2746948130584
2007-03-01,I - Gestão da Dívida - TN (I.1 + I.2),17.883245470450653
2007-03-01,I.1 - Emissão/Resgate Líquido,8.828046575231484
2007-03-01,I.1.1 - Emissões,43.96666256895149
2007-03-01,I.1.2 - Resgates,-35.13861599372001
2007-03-01,I.2 - Juros  Apropriados,9.055198895219169
2007-03-01,II - Operações do mercado com o Banco Central,0.0
2007-03-01,II.1 - Transferência de carteira 11,0.0
2007-03-01,Total dos Fatores (I + II),17.883245470450653
2007-03-01,Variação Nominal,17.88324547045064
2007-04-01,- Cancelamentos (DPMFi),0.0
2007-04-01,- Emissões (DPFe) 5,1.129
2007-04-01,- Emissões Diretas (DPMFi) 4,0.002392902319999962
2007-04-01,- Emissões Oferta Pública (DPMFi) 2,38.80105031431
2007-04-01,- Juros Apropriados da DPFe 10,0.3082996463107122
2007-04-01,- Juros Apropriados da DPMFi 9,10.7741169104098
2007-04-01,- Pagamentos Correntes (DPFe),-2.58857042546
2007-04-01,- Pagamentos Correntes (DPMFi) 6,-40.76133188576999
2007-04-01,- Resgates Antecipados (DPFe) 8,0.0
2007-04-01,DPFe,135.6238915998283
2007-04-01,DPFe,134.4726980984274
2007-04-01,DPFe,-1.151193501400907
2007-04-01,DPMFi,1142.6508032132301
2007-04-01,DPMFi,1151.4665796766099
2007-04-01,DPMFi,8.815776463379851
2007-04-01,Estoque anterior1,1278.2746948130584
2007-04-01,Estoque mês em análise,1285.9392777750372
2007-04-01,I - Gestão da Dívida - TN (I.1 + I.2),7.664957462120524
2007-04-01,I.1 - Emissão/Resgate Líquido,-3.417459094599988
2007-04-01,I.1.1 - Emissões,39.932443216630006
2007-04-01,I.1.2 - Resgates,-43.34990231122999
2007-04-01,I.2 - Juros  Apropriados,11.082416556720514
2007-04-01,II - Operações do mercado com o Banco Central,0.0
2007-04-01,II.1 - Transferência de carteira 11,0.0
2007-04-01,Total dos Fatores (I + II),7.664957462120524
2007-04-01,Variação Nominal,7.664582961978944
2007-05-01,- Cancelamentos (DPMFi),0.0
2007-05-01,- Emissões (DPFe) 5,0.85558543921444
2007-05-01,- Emissões Diretas (DPMFi) 4,0.10183901113999996
2007-05-01,- Emissões Oferta Pública (DPMFi) 2,33.987335996629994
2007-05-01,- Juros Apropriados da DPFe 10,-5.748664625395305
2007-05-01,- Juros Apropriados da DPMFi 9,11.778112136875102
2007-05-01,- Pagamentos Correntes (DPFe),-0.63740893983
2007-05-01,- Pagamentos Correntes (DPMFi) 6,-23.42529461758
2007-05-01,- Resgates Antecipados (DPFe) 8,-3.56254
2007-05-01,DPFe,134.4726980984274
2007-05-01,DPFe,125.37982637166739
2007-05-01,DPFe,-9.092871726760015
2007-05-01,DPMFi,1151.4665796766099
2007-05-01,DPMFi,1173.908572203675
2007-05-01,DPMFi,22.4419925270651
2007-05-01,Estoque anterior1,1285.9392777750372
2007-05-01,Estoque mês em análise,1299.2883985753424
2007-05-01,I - Gestão da Dívida - TN (I.1 + I.2),13.348964401054236
2007-05-01,I.1 - Emissão/Resgate Líquido,7.319516889574439
2007-05-01,I.1.1 - Emissões,34.94476044698444
2007-05-01,I.1.2 - Resgates,-27.62524355741
2007-05-01,I.2 - Juros  Apropriados,6.029447511479796
2007-05-01,II - Operações do mercado com o Banco Central,0.0
2007-05-01,II.1 - Transferência de carteira 11,0.0
2007-05-01,Total dos Fatores (I + II),13.348964401054236
2007-05-01,Variação Nominal,13.349120800305085
2007-06-01,- Cancelamentos (DPMFi),0.0
2007-06-01,- Emissões (DPFe) 5,1.0003024465526051
2007-06-01,- Emissões Diretas (DPMFi) 4,0.8753829437100001
2007-06-01,- Emissões Oferta Pública (DPMFi) 2,44.37849347844001
2007-06-01,- Juros Apropriados da DPFe 10,0.7129194411139029
2007-06-01,- Juros Apropriados da DPMFi 9,11.036300977107484
2007-06-01,- Pagamentos Correntes (DPFe),-0.51127980566
2007-06-01,- Pagamentos Correntes (DPMFi) 6,-31.295189999999998
2007-06-01,- Resgates Antecipados (DPFe) 8,0.0
2007-06-01,DPFe,125.37982637166739
2007-06-01,DPFe,126.4389534298469
2007-06-01,DPFe,1.0591270581795107
2007-06-01,DPMFi,1173.908572203675
2007-06-01,DPMFi,1198.9035596029325
2007-06-01,DPMFi,24.994987399257486
2007-06-01,Estoque anterior1,1299.2883985753424
2007-06-01,Estoque mês em análise,1325.3425130327796
2007-06-01,I - Gestão da Dívida - TN (I.1 + I.2),26.196929481263993
2007-06-01,I.1 - Emissão/Resgate Líquido,14.447709063042607
2007-06-01,I.1.1 - Emissões,46.2541788687026
2007-06-01,I.1.2 - Resgates,-31.80646980566
2007-06-01,I.2 - Juros  Apropriados,11.749220418221386
2007-06-01,II - Operações do mercado com o Banco Central,0.0
2007-06-01,II.1 - Transferência de carteira 11,0.0
2007-06-01,Total dos Fatores (I + II),26.196929481263993
2007-06-01,Variação Nominal,26.054114457437
2007-07-01,- Cancelamentos (DPMFi),0.0
2007-07-01,- Emissões (DPFe) 5,0.059152933291641
2007-07-01,- Emissões Diretas (DPMFi) 4,0.3088792278
2007-07-01,- Emissões Oferta Pública (DPMFi) 2,18.883340196170003
2007-07-01,- Juros Apropriados da DPFe 10,-1.61127284967702
2007-07-01,- Juros Apropriados da DPMFi 9,11.634672325997505
2007-07-01,- Pagamentos Correntes (DPFe),-4.31322761508
2007-07-01,- Pagamentos Correntes (DPMFi) 6,-58.61221248166999
2007-07-01,- Resgates Antecipados (DPFe) 8,-2.297
2007-07-01,DPFe,126.4389534298469
2007-07-01,DPFe,118.27663343692579
2007-07-01,DPFe,-8.16231999292111
2007-07-01,DPMFi,1198.9035596029325
2007-07-01,DPMFi,1171.11823887123
2007-07-01,DPMFi,-27.785320731702495
2007-07-01,Estoque anterior1,1325.3425130327796
2007-07-01,Estoque mês em análise,1289.3948723081558
2007-07-01,I - Gestão da Dívida - TN (I.1 + I.2),-35.94766826316787
2007-07-01,I.1 - Emissão/Resgate Líquido,-45.971067739488355
2007-07-01,I.1.1 - Emissões,19.251372357261644
2007-07-01,I.1.2 - Resgates,-65.22244009674999
2007-07-01,I.2 - Juros  Apropriados,10.023399476320485
2007-07-01,II - Operações do mercado com o Banco Central,0.0
2007-07-01,II.1 - Transferência de carteira 11,0.0
2007-07-01,Total dos Fatores (I + II),-35.94766826316787
2007-07-01,Variação Nominal,-35.947640724623604
2007-08-01,- Cancelamentos (DPMFi),0.0
2007-08-01,- Emissões (DPFe) 5,0.050194185791877996
2007-08-01,- Emissões Diretas (DPMFi) 4,-0.06993852916
2007-08-01,- Emissões Oferta Pública (DPMFi) 2,11.573209074351414
2007-08-01,- Juros Apropriados da DPFe 10,5.835325867596325
2007-08-01,- Juros Apropriados da DPMFi 9,13.62127518143854
2007-08-01,- Pagamentos Correntes (DPFe),-0.97514785219
2007-08-01,- Pagamentos Correntes (DPMFi) 6,-7.156126898539999
2007-08-01,- Resgates Antecipados (DPFe) 8,0.0
2007-08-01,DPFe,118.27663343692579
2007-08-01,DPFe,123.187005638124
2007-08-01,DPFe,4.910372201198203
2007-08-01,DPMFi,1171.11823887123
2007-08-01,DPMFi,1189.08665769932
2007-08-01,DPMFi,17.968418828089955
2007-08-01,Estoque anterior1,1289.3948723081558
2007-08-01,Estoque mês em análise,1312.2736633374438
2007-08-01,I - Gestão da Dívida - TN (I.1 + I.2),22.878791029288156
2007-08-01,I.1 - Emissão/Resgate Líquido,3.4221899802532936
2007-08-01,I.1.1 - Emissões,11.553464730983293
2007-08-01,I.1.2 - Resgates,-8.131274750729999
2007-08-01,I.2 - Juros  Apropriados,19.456601049034862
2007-08-01,II - Operações do mercado com o Banco Central,0.0
2007-08-01,II.1 - Transferência de carteira 11,0.0
2007-08-01,Total dos Fatores (I + II),22.878791029288156
2007-08-01,Variação Nominal,22.878791029288156
2007-09-01,- Cancelamentos (DPMFi),0.0
2007-09-01,- Emissões (DPFe) 5,0.08456348404860599
2007-09-01,- Emissões Diretas (DPMFi) 4,-0.301248171965352
2007-09-01,- Emissões Oferta Pública (DPMFi) 2,33.31497676909142
2007-09-01,- Juros Apropriados da DPFe 10,-5.514052802464803
2007-09-01,- Juros Apropriados da DPMFi 9,11.048554140163986
2007-09-01,- Pagamentos Correntes (DPFe),-0.91951258653
2007-09-01,- Pagamentos Correntes (DPMFi) 6,-32.316300662989995
2007-09-01,- Resgates Antecipados (DPFe) 8,-1.75462880329
2007-09-01,DPFe,123.187005638124
2007-09-01,DPFe,115.083374929888
2007-09-01,DPFe,-8.103630708236
2007-09-01,DPMFi,1189.08665769932
2007-09-01,DPMFi,1200.83263977362
2007-09-01,DPMFi,11.745982074300061
2007-09-01,Estoque anterior1,1312.2736633374438
2007-09-01,Estoque mês em análise,1315.916014703508
2007-09-01,I - Gestão da Dívida - TN (I.1 + I.2),3.642351366063869
2007-09-01,I.1 - Emissão/Resgate Líquido,-1.8921499716353136
2007-09-01,I.1.1 - Emissões,33.098292081174684
2007-09-01,I.1.2 - Resgates,-34.990442052809996
2007-09-01,I.2 - Juros  Apropriados,5.534501337699183
2007-09-01,II - Operações do mercado com o Banco Central,0.0
2007-09-01,II.1 - Transferência de carteira 11,0.0
2007-09-01,Total dos Fatores (I + II),3.642351366063869
2007-09-01,Variação Nominal,3.64235136606406
2007-10-01,- Cancelamentos (DPMFi),0.0
2007-10-01,- Emissões (DPFe) 5,0.05240813050139201
2007-10-01,- Emissões Diretas (DPMFi) 4,0.2883409233600005
2007-10-01,- Emissões Oferta Pública (DPMFi) 2,32.46427601771
2007-10-01,- Juros Apropriados da DPFe 10,-4.221210479379425
2007-10-01,- Juros Apropriados da DPMFi 9,11.51812313365992
2007-10-01,- Pagamentos Correntes (DPFe),-2.8027511697199996
2007-10-01,- Pagamentos Correntes (DPMFi) 6,-46.07286666759001
2007-10-01,- Resgates Antecipados (DPFe) 8,0.0
2007-10-01,DPFe,115.083374929888
2007-10-01,DPFe,108.11182141128977
2007-10-01,DPFe,-6.97155351859823
2007-10-01,DPMFi,1200.83263977362
2007-10-01,DPMFi,1199.03051318076
2007-10-01,DPMFi,-1.8021265928600916
2007-10-01,Estoque anterior1,1315.916014703508
2007-10-01,Estoque mês em análise,1307.1423345920498
2007-10-01,I - Gestão da Dívida - TN (I.1 + I.2),-8.773680111458125
2007-10-01,I.1 - Emissão/Resgate Líquido,-16.07059276573862
2007-10-01,I.1.1 - Emissões,32.80502507157139
2007-10-01,I.1.2 - Resgates,-48.87561783731001
2007-10-01,I.2 - Juros  Apropriados,7.2969126542804945
2007-10-01,II - Operações do mercado com o Banco Central,0.0
2007-10-01,II.1 - Transferência de carteira 11,0.0
2007-10-01,Total dos Fatores (I + II),-8.773680111458125
2007-10-01,Variação Nominal,-8.77368011145832
2007-11-01,- Cancelamentos (DPMFi),0.0
2007-11-01,- Emissões (DPFe) 5,0.084716169862766
2007-11-01,- Emissões Diretas (DPMFi) 4,0.15159982565000008
2007-11-01,- Emissões Oferta Pública (DPMFi) 2,20.7067223817
2007-11-01,- Juros Apropriados da DPFe 10,3.4749750887266666
2007-11-01,- Juros Apropriados da DPMFi 9,12.24262638782009
2007-11-01,- Pagamentos Correntes (DPFe),-0.56116743243
2007-11-01,- Pagamentos Correntes (DPMFi) 6,-12.405106725789999
2007-11-01,- Resgates Antecipados (DPFe) 8,-0.88270441421
2007-11-01,DPFe,108.11182141128977
2007-11-01,DPFe,110.2276408232392
2007-11-01,DPFe,2.1158194119494294
2007-11-01,DPMFi,1199.03051318076
2007-11-01,DPMFi,1219.72635505014
2007-11-01,DPMFi,20.695841869380093
2007-11-01,Estoque anterior1,1307.1423345920498
2007-11-01,Estoque mês em análise,1329.9539958733792
2007-11-01,I - Gestão da Dívida - TN (I.1 + I.2),22.81166128132952
2007-11-01,I.1 - Emissão/Resgate Líquido,7.0940598047827645
2007-11-01,I.1.1 - Emissões,20.943038377212766
2007-11-01,I.1.2 - Resgates,-13.84897857243
2007-11-01,I.2 - Juros  Apropriados,15.717601476546756
2007-11-01,II - Operações do mercado com o Banco Central,0.0
2007-11-01,II.1 - Transferência de carteira 11,0.0
2007-11-01,Total dos Fatores (I + II),22.81166128132952
2007-11-01,Variação Nominal,22.81166128132952
2007-12-01,- Cancelamentos (DPMFi),0.0
2007-12-01,- Emissões (DPFe) 5,0.043185854642373
2007-12-01,- Emissões Diretas (DPMFi) 4,3.08556873026
2007-12-01,- Emissões Oferta Pública (DPMFi) 2,15.44356558411
2007-12-01,- Juros Apropriados da DPFe 10,-0.009451672351976867
2007-12-01,- Juros Apropriados da DPMFi 9,12.640789956019855
2007-12-01,- Pagamentos Correntes (DPFe),-0.34371775427
2007-12-01,- Pagamentos Correntes (DPMFi) 6,-26.02569991021
2007-12-01,- Resgates Antecipados (DPFe) 8,-1.0335600372899998
2007-12-01,DPFe,110.2276408232392
2007-12-01,DPFe,108.88409721397001
2007-12-01,DPFe,-1.3435436092691961
2007-12-01,DPMFi,1219.72635505014
2007-12-01,DPMFi,1224.8705794103198
2007-12-01,DPMFi,5.144224360179854
2007-12-01,Estoque anterior1,1329.9539958733792
2007-12-01,Estoque mês em análise,1333.75467662429
2007-12-01,I - Gestão da Dívida - TN (I.1 + I.2),3.8006807509102454
2007-12-01,I.1 - Emissão/Resgate Líquido,-8.830657532757632
2007-12-01,I.1.1 - Emissões,18.57232016901237
2007-12-01,I.1.2 - Resgates,-27.402977701770002
2007-12-01,I.2 - Juros  Apropriados,12.631338283667878
2007-12-01,II - Operações do mercado com o Banco Central,0.0
2007-12-01,II.1 - Transferência de carteira 11,0.0
2007-12-01,Total dos Fatores (I + II),3.8006807509102454
2007-12-01,Variação Nominal,3.8006807509106584
2008-01-01,- Cancelamentos (DPMFi),0.0
2008-01-01,- Emissões (DPFe) 5,0.014740472523001
2008-01-01,- Emissões Diretas (DPMFi) 4,0.27046343312000004
2008-01-01,- Emissões Oferta Pública (DPMFi) 2,23.20394665158
2008-01-01,- Juros Apropriados da DPFe 10,0.40827137225740195
2008-01-01,- Juros Apropriados da DPMFi 9,13.38882515354007
2008-01-01,- Pagamentos Correntes (DPFe),-1.92718644241
2008-01-01,- Pagamentos Correntes (DPMFi) 6,-57.77214843933002
2008-01-01,- Resgates Antecipados (DPFe) 8,0.0
2008-01-01,DPFe,108.88409721397001
2008-01-01,DPFe,107.37992261634
2008-01-01,DPFe,-1.5041745976300007
2008-01-01,DPMFi,1224.8705794103198
2008-01-01,DPMFi,1203.9616662092299
2008-01-01,DPMFi,-20.90891320108995
2008-01-01,Estoque anterior1,1333.75467662429
2008-01-01,Estoque mês em análise,1311.34158882557
2008-01-01,I - Gestão da Dívida - TN (I.1 + I.2),-22.41308779871954
2008-01-01,I.1 - Emissão/Resgate Líquido,-36.210184324517016
2008-01-01,I.1.1 - Emissões,23.489150557223002
2008-01-01,I.1.2 - Resgates,-59.69933488174002
2008-01-01,I.2 - Juros  Apropriados,13.797096525797473
2008-01-01,II - Operações do mercado com o Banco Central,0.0
2008-01-01,II.1 - Transferência de carteira 11,0.0
2008-01-01,Total dos Fatores (I + II),-22.41308779871954
2008-01-01,Variação Nominal,-22.41308779871995
2008-02-01,- Cancelamentos (DPMFi),0.0
2008-02-01,- Emissões (DPFe) 5,0.033418299985334
2008-02-01,- Emissões Diretas (DPMFi) 4,0.14886239118000003
2008-02-01,- Emissões Oferta Pública (DPMFi) 2,33.07958189604
2008-02-01,- Juros Apropriados da DPFe 10,-3.1022985419724503
2008-02-01,- Juros Apropriados da DPMFi 9,10.913575823473627
2008-02-01,- Pagamentos Correntes (DPFe),-1.09848685341
2008-02-01,- Pagamentos Correntes (DPMFi) 6,-5.939693729570001
2008-02-01,- Resgates Antecipados (DPFe) 8,0.0
2008-02-01,DPFe,107.37992261634
2008-02-01,DPFe,103.21255552094287
2008-02-01,DPFe,-4.167367095397131
2008-02-01,DPMFi,1203.9616662092299
2008-02-01,DPMFi,1242.1639925903537
2008-02-01,DPMFi,38.202326381123626
2008-02-01,Estoque anterior1,1311.34158882557
2008-02-01,Estoque mês em análise,1345.3765481112964
2008-02-01,I - Gestão da Dívida - TN (I.1 + I.2),34.034959285726515
2008-02-01,I.1 - Emissão/Resgate Líquido,26.22368200422534
2008-02-01,I.1.1 - Emissões,33.261862587205336
2008-02-01,I.1.2 - Resgates,-7.038180582980002
2008-02-01,I.2 - Juros  Apropriados,7.8112772815011775
2008-02-01,II - Operações do mercado com o Banco Central,0.0
2008-02-01,II.1 - Transferência de carteira 11,0.0
2008-02-01,Total dos Fatores (I + II),34.034959285726515
2008-02-01,Variação Nominal,34.034959285726494
2008-03-01,- Cancelamentos (DPMFi),0.0
2008-03-01,- Emissões (DPFe) 5,0.004528895845097
2008-03-01,- Emissões Diretas (DPMFi) 4,0.24002107816000004
2008-03-01,- Emissões Oferta Pública (DPMFi) 2,20.79514483101
2008-03-01,- Juros Apropriados da DPFe 10,5.255214241198046
2008-03-01,- Juros Apropriados da DPMFi 9,12.560537714126506
2008-03-01,- Pagamentos Correntes (DPFe),-1.57286518305
2008-03-01,- Pagamentos Correntes (DPMFi) 6,-25.732820030899994
2008-03-01,- Resgates Antecipados (DPFe) 8,-0.654074400609735
2008-03-01,DPFe,103.212555520943
2008-03-01,DPFe,106.2453590743263
2008-03-01,DPFe,3.0328035533833027
2008-03-01,DPMFi,1242.16399259035
2008-03-01,DPMFi,1250.02687618275
2008-03-01,DPMFi,7.862883592399768
2008-03-01,Estoque anterior1,1345.376548111293
2008-03-01,Estoque mês em análise,1356.272235257076
2008-03-01,I - Gestão da Dívida - TN (I.1 + I.2),10.89568714577992
2008-03-01,I.1 - Emissão/Resgate Líquido,-6.92006480954463
2008-03-01,I.1.1 - Emissões,21.039694805015095
2008-03-01,I.1.2 - Resgates,-27.959759614559726
2008-03-01,I.2 - Juros  Apropriados,17.81575195532455
2008-03-01,II - Operações do mercado com o Banco Central,0.0
2008-03-01,II.1 - Transferência de carteira 11,0.0
2008-03-01,Total dos Fatores (I + II),10.89568714577992
2008-03-01,Variação Nominal,10.895687145783072
2008-04-01,- Cancelamentos (DPMFi),0.0
2008-04-01,- Emissões (DPFe) 5,0.08405606792585199
2008-04-01,- Emissões Diretas (DPMFi) 4,0.3312123395
2008-04-01,- Emissões Oferta Pública (DPMFi) 2,21.906583294289995
2008-04-01,- Juros Apropriados da DPFe 10,-3.185342966472659
2008-04-01,- Juros Apropriados da DPMFi 9,11.639912574179842
2008-04-01,- Pagamentos Correntes (DPFe),-3.5344601848500004
2008-04-01,- Pagamentos Correntes (DPMFi) 6,-65.19076005181
2008-04-01,- Resgates Antecipados (DPFe) 8,0.0
2008-04-01,DPFe,106.245359074326
2008-04-01,DPFe,99.60961199092952
2008-04-01,DPFe,-6.635747083396476
2008-04-01,DPMFi,1250.0268761827501
2008-04-01,DPMFi,1218.713824338906
2008-04-01,DPMFi,-31.31305184384412
2008-04-01,Estoque anterior1,1356.272235257076
2008-04-01,Estoque mês em análise,1318.3234363298357
2008-04-01,I - Gestão da Dívida - TN (I.1 + I.2),-37.948798927236965
2008-04-01,I.1 - Emissão/Resgate Líquido,-46.40336853494415
2008-04-01,I.1.1 - Emissões,22.321851701715847
2008-04-01,I.1.2 - Resgates,-68.72522023666
2008-04-01,I.2 - Juros  Apropriados,8.454569607707182
2008-04-01,II - Operações do mercado com o Banco Central,0.0
2008-04-01,II.1 - Transferência de carteira 11,0.0
2008-04-01,Total dos Fatores (I + II),-37.948798927236965
2008-04-01,Variação Nominal,-37.948798927240595
2008-05-01,- Cancelamentos (DPMFi),0.0
2008-05-01,- Emissões (DPFe) 5,1.349720571534021
2008-05-01,- Emissões Diretas (DPMFi) 4,-0.5774491520599999
2008-05-01,- Emissões Oferta Pública (DPMFi) 2,16.31391488364
2008-05-01,- Juros Apropriados da DPFe 10,-2.5221003454860207
2008-05-01,- Juros Apropriados da DPMFi 9,12.39306158162
2008-05-01,- Pagamentos Correntes (DPFe),-0.5765150428699999
2008-05-01,- Pagamentos Correntes (DPMFi) 6,-7.23536948751
2008-05-01,- Resgates Antecipados (DPFe) 8,-0.28505907709
2008-05-01,DPFe,99.6096119909295
2008-05-01,DPFe,97.57565809701757
2008-05-01,DPFe,-2.033953893911923
2008-05-01,DPMFi,1218.71382433891
2008-05-01,DPMFi,1239.6079821646008
2008-05-01,DPMFi,20.894157825690925
2008-05-01,Estoque anterior1,1318.3234363298395
2008-05-01,Estoque mês em análise,1337.1836402616184
2008-05-01,I - Gestão da Dívida - TN (I.1 + I.2),18.860203931778
2008-05-01,I.1 - Emissão/Resgate Líquido,8.989242695644021
2008-05-01,I.1.1 - Emissões,17.08618630311402
2008-05-01,I.1.2 - Resgates,-8.09694360747
2008-05-01,I.2 - Juros  Apropriados,9.87096123613398
2008-05-01,II - Operações do mercado com o Banco Central,0.0
2008-05-01,II.1 - Transferência de carteira 11,0.0
2008-05-01,Total dos Fatores (I + II),18.860203931778
2008-05-01,Variação Nominal,18.860203931779004
2008-06-01,- Cancelamentos (DPMFi),0.0
2008-06-01,- Emissões (DPFe) 5,0.038369964430486
2008-06-01,- Emissões Diretas (DPMFi) 4,0.18397705230000003
2008-06-01,- Emissões Oferta Pública (DPMFi) 2,18.68027378121
2008-06-01,- Juros Apropriados da DPFe 10,-1.0174695220964778
2008-06-01,- Juros Apropriados da DPMFi 9,13.888459059247182
2008-06-01,- Pagamentos Correntes (DPFe),-0.48442485485
2008-06-01,- Pagamentos Correntes (DPMFi) 6,-25.070926350369998
2008-06-01,- Resgates Antecipados (DPFe) 8,0.0
2008-06-01,DPFe,97.5756580970176
2008-06-01,DPFe,96.11213368450156
2008-06-01,DPFe,-1.463524412516039
2008-06-01,DPMFi,1239.6079821646
2008-06-01,DPMFi,1247.289765706987
2008-06-01,DPMFi,7.681783542387188
2008-06-01,Estoque anterior1,1337.1836402616175
2008-06-01,Estoque mês em análise,1343.4018993914885
2008-06-01,I - Gestão da Dívida - TN (I.1 + I.2),6.218259129871196
2008-06-01,I.1 - Emissão/Resgate Líquido,-6.652730407279509
2008-06-01,I.1.1 - Emissões,18.90262079794049
2008-06-01,I.1.2 - Resgates,-25.55535120522
2008-06-01,I.2 - Juros  Apropriados,12.870989537150704
2008-06-01,II - Operações do mercado com o Banco Central,0.0
2008-06-01,II.1 - Transferência de carteira 11,0.0
2008-06-01,Total dos Fatores (I + II),6.218259129871196
2008-06-01,Variação Nominal,6.218259129871148
2008-07-01,- Cancelamentos (DPMFi),0.0
2008-07-01,- Emissões (DPFe) 5,0.08354259011011396
2008-07-01,- Emissões Diretas (DPMFi) 4,-0.017721975150000163
2008-07-01,- Emissões Oferta Pública (DPMFi) 2,20.5965126156
2008-07-01,- Juros Apropriados da DPFe 10,-0.7850474813828178
2008-07-01,- Juros Apropriados da DPMFi 9,14.609130571268587
2008-07-01,- Pagamentos Correntes (DPFe),-1.61885787319
2008-07-01,- Pagamentos Correntes (DPMFi) 6,-78.07289245344
2008-07-01,- Resgates Antecipados (DPFe) 8,-0.27684668118
2008-07-01,DPFe,96.1121336845015
2008-07-01,DPFe,93.51492423885881
2008-07-01,DPFe,-2.5972094456426857
2008-07-01,DPMFi,1247.289765706987
2008-07-01,DPMFi,1204.4047944652657
2008-07-01,DPMFi,-42.884971241721416
2008-07-01,Estoque anterior1,1343.4018993914885
2008-07-01,Estoque mês em análise,1297.9197187041245
2008-07-01,I - Gestão da Dívida - TN (I.1 + I.2),-45.482180687364135
2008-07-01,I.1 - Emissão/Resgate Líquido,-59.3062637772499
2008-07-01,I.1.1 - Emissões,20.66233323056011
2008-07-01,I.1.2 - Resgates,-79.96859700781
2008-07-01,I.2 - Juros  Apropriados,13.824083089885768
2008-07-01,II - Operações do mercado com o Banco Central,0.0
2008-07-01,II.1 - Transferência de carteira 11,0.0
2008-07-01,Total dos Fatores (I + II),-45.482180687364135
2008-07-01,Variação Nominal,-45.48218068736411
2008-08-01,- Cancelamentos (DPMFi),0.0
2008-08-01,- Emissões (DPFe) 5,0.015309847226593
2008-08-01,- Emissões Diretas (DPMFi) 4,-3.61851933717
2008-08-01,- Emissões Oferta Pública (DPMFi) 2,15.66833271437
2008-08-01,- Juros Apropriados da DPFe 10,3.4455500971450257
2008-08-01,- Juros Apropriados da DPMFi 9,12.647430950134275
2008-08-01,- Pagamentos Correntes (DPFe),-0.65500504544
2008-08-01,- Pagamentos Correntes (DPMFi) 6,-5.907096517650001
2008-08-01,- Resgates Antecipados (DPFe) 8,0.0
2008-08-01,DPFe,93.5149242388588
2008-08-01,DPFe,96.32077913779041
2008-08-01,DPFe,2.805854898931604
2008-08-01,DPMFi,1204.4047944652698
2008-08-01,DPMFi,1223.1949422749494
2008-08-01,DPMFi,18.79014780967962
2008-08-01,Estoque anterior1,1297.9197187041286
2008-08-01,Estoque mês em análise,1319.51572141274
2008-08-01,I - Gestão da Dívida - TN (I.1 + I.2),21.596002708615895
2008-08-01,I.1 - Emissão/Resgate Líquido,5.503021661336593
2008-08-01,I.1.1 - Emissões,12.065123224426594
2008-08-01,I.1.2 - Resgates,-6.5621015630900015
2008-08-01,I.2 - Juros  Apropriados,16.092981047279302
2008-08-01,II - Operações do mercado com o Banco Central,0.0
2008-08-01,II.1 - Transferência de carteira 11,0.0
2008-08-01,Total dos Fatores (I + II),21.596002708615895
2008-08-01,Variação Nominal,21.596002708611223
2008-09-01,- Cancelamentos (DPMFi),0.0
2008-09-01,- Emissões (DPFe) 5,0.042570926170351
2008-09-01,- Emissões Diretas (DPMFi) 4,2.170848292239999
2008-09-01,- Emissões Oferta Pública (DPMFi) 2,7.52906255458
2008-09-01,- Juros Apropriados da DPFe 10,15.168939825408932
2008-09-01,- Juros Apropriados da DPMFi 9,14.358093520680082
2008-09-01,- Pagamentos Correntes (DPFe),-0.8645841054600001
2008-09-01,- Pagamentos Correntes (DPMFi) 6,-22.51789367326
2008-09-01,- Resgates Antecipados (DPFe) 8,-0.30335343489
2008-09-01,DPFe,96.32077913779041
2008-09-01,DPFe,110.3643523490197
2008-09-01,DPFe,14.04357321122929
2008-09-01,DPMFi,1223.1949422749499
2008-09-01,DPMFi,1224.735052969194
2008-09-01,DPMFi,1.5401106942440383
2008-09-01,Estoque anterior1,1319.5157214127405
2008-09-01,Estoque mês em análise,1335.0994053182137
2008-09-01,I - Gestão da Dívida - TN (I.1 + I.2),15.583683905469364
2008-09-01,I.1 - Emissão/Resgate Líquido,-13.943349440619649
2008-09-01,I.1.1 - Emissões,9.74248177299035
2008-09-01,I.1.2 - Resgates,-23.68583121361
2008-09-01,I.2 - Juros  Apropriados,29.527033346089013
2008-09-01,II - Operações do mercado com o Banco Central,0.0
2008-09-01,II.1 - Transferência de carteira 11,0.0
2008-09-01,Total dos Fatores (I + II),15.583683905469364
2008-09-01,Variação Nominal,15.583683905473329
2008-10-01,- Cancelamentos (DPMFi),0.0
2008-10-01,- Emissões (DPFe) 5,0.06328014320030599
2008-10-01,- Emissões Diretas (DPMFi) 4,5.305091161449998
2008-10-01,- Emissões Oferta Pública (DPMFi) 2,9.140102479969999
2008-10-01,- Juros Apropriados da DPFe 10,9.708163547141487
2008-10-01,- Juros Apropriados da DPMFi 9,14.502078384860024
2008-10-01,- Pagamentos Correntes (DPFe),-1.05114955996
2008-10-01,- Pagamentos Correntes (DPMFi) 6,-27.41016682377
2008-10-01,- Resgates Antecipados (DPFe) 8,0.0
2008-10-01,DPFe,110.3643523490197
2008-10-01,DPFe,119.08464647940158
2008-10-01,DPFe,8.72029413038188
2008-10-01,DPMFi,1224.735052969194
2008-10-01,DPMFi,1226.2721581716994
2008-10-01,DPMFi,1.537105202505365
2008-10-01,Estoque anterior1,1335.0994053182137
2008-10-01,Estoque mês em análise,1345.356804651101
2008-10-01,I - Gestão da Dívida - TN (I.1 + I.2),10.257399332891815
2008-10-01,I.1 - Emissão/Resgate Líquido,-13.952842599109696
2008-10-01,I.1.1 - Emissões,14.508473784620303
2008-10-01,I.1.2 - Resgates,-28.461316383729997
2008-10-01,I.2 - Juros  Apropriados,24.210241932001512
2008-10-01,II - Operações do mercado com o Banco Central,0.0
2008-10-01,II.1 - Transferência de carteira 11,0.0
2008-10-01,Total dos Fatores (I + II),10.257399332891815
2008-10-01,Variação Nominal,10.257399332887246
2008-11-01,- Cancelamentos (DPMFi),0.0
2008-11-01,- Emissões (DPFe) 5,0.012386556805702
2008-11-01,- Emissões Diretas (DPMFi) 4,0.65815041087
2008-11-01,- Emissões Oferta Pública (DPMFi) 2,12.768939441259999
2008-11-01,- Juros Apropriados da DPFe 10,12.007634658300805
2008-11-01,- Juros Apropriados da DPMFi 9,13.725804742459898
2008-11-01,- Pagamentos Correntes (DPFe),-0.72842287495
2008-11-01,- Pagamentos Correntes (DPMFi) 6,-9.031002593640011
2008-11-01,- Resgates Antecipados (DPFe) 8,-0.39204558634
2008-11-01,DPFe,119.08464647940158
2008-11-01,DPFe,129.98419923321808
2008-11-01,DPFe,10.899552753816504
2008-11-01,DPMFi,1226.2721581716994
2008-11-01,DPMFi,1244.3936699048609
2008-11-01,DPMFi,18.12151173316152
2008-11-01,Estoque anterior1,1345.356804651101
2008-11-01,Estoque mês em análise,1374.377869138079
2008-11-01,I - Gestão da Dívida - TN (I.1 + I.2),29.021444754766396
2008-11-01,I.1 - Emissão/Resgate Líquido,3.2880053540056924
2008-11-01,I.1.1 - Emissões,13.439476408935704
2008-11-01,I.1.2 - Resgates,-10.151471054930012
2008-11-01,I.2 - Juros  Apropriados,25.733439400760705
2008-11-01,II - Operações do mercado com o Banco Central,0.0
2008-11-01,II.1 - Transferência de carteira 11,0.0
2008-11-01,Total dos Fatores (I + II),29.021444754766396
2008-11-01,Variação Nominal,29.021064486978023
2008-12-01,- Cancelamentos (DPMFi),0.0
2008-12-01,- Emissões (DPFe) 5,0.410985843533517
2008-12-01,- Emissões Diretas (DPMFi) 4,15.722168593870004
2008-12-01,- Emissões Oferta Pública (DPMFi) 2,19.23139164888
2008-12-01,- Juros Apropriados da DPFe 10,2.674959935885484
2008-12-01,- Juros Apropriados da DPMFi 9,12.559503390030036
2008-12-01,- Pagamentos Correntes (DPFe),-0.5578951694700001
2008-12-01,- Pagamentos Correntes (DPMFi) 6,-27.08345872314
2008-12-01,- Resgates Antecipados (DPFe) 8,0.0
2008-12-01,DPFe,129.984199233218
2008-12-01,DPFe,132.51224984316656
2008-12-01,DPFe,2.5280506099485645
2008-12-01,DPMFi,1244.39366990486
2008-12-01,DPMFi,1264.8232826784556
2008-12-01,DPMFi,20.42961277359561
2008-12-01,Estoque anterior1,1374.377869138078
2008-12-01,Estoque mês em análise,1397.3355325216223
2008-12-01,I - Gestão da Dívida - TN (I.1 + I.2),22.957655519589036
2008-12-01,I.1 - Emissão/Resgate Líquido,7.723192193673516
2008-12-01,I.1.1 - Emissões,35.36454608628352
2008-12-01,I.1.2 - Resgates,-27.641353892610002
2008-12-01,I.2 - Juros  Apropriados,15.23446332591552
2008-12-01,II - Operações do mercado com o Banco Central,0.0
2008-12-01,II.1 - Transferência de carteira 11,0.0
2008-12-01,Total dos Fatores (I + II),22.957655519589036
2008-12-01,Variação Nominal,22.957663383544176
2009-01-01,- Cancelamentos (DPMFi),0.0
2009-01-01,- Emissões (DPFe) 5,2.3579773627758924
2009-01-01,- Emissões Diretas (DPMFi) 4,5.321830132009999
2009-01-01,- Emissões Oferta Pública (DPMFi) 2,28.384277543430002
2009-01-01,- Juros Apropriados da DPFe 10,-1.333868174207692
2009-01-01,- Juros Apropriados da DPMFi 9,11.113392762850069
2009-01-01,- Pagamentos Correntes (DPFe),-2.29756337982
2009-01-01,- Pagamentos Correntes (DPMFi) 6,-88.54577661840001
2009-01-01,- Resgates Antecipados (DPFe) 8,-0.0951227717
2009-01-01,DPFe,132.51224984316698
2009-01-01,DPFe,131.14367288021526
2009-01-01,DPFe,-1.3685769629517455
2009-01-01,DPMFi,1264.8232748145
2009-01-01,DPMFi,1221.096998634388
2009-01-01,DPMFi,-43.72627618011204
2009-01-01,Estoque anterior1,1397.3355246576668
2009-01-01,Estoque mês em análise,1352.2406715146033
2009-01-01,I - Gestão da Dívida - TN (I.1 + I.2),-45.09485314306174
2009-01-01,I.1 - Emissão/Resgate Líquido,-54.874377731704115
2009-01-01,I.1.1 - Emissões,36.06408503821589
2009-01-01,I.1.2 - Resgates,-90.93846276992001
2009-01-01,I.2 - Juros  Apropriados,9.779524588642376
2009-01-01,II - Operações do mercado com o Banco Central,0.0
2009-01-01,II.1 - Transferência de carteira 11,0.0
2009-01-01,Total dos Fatores (I + II),-45.09485314306174
2009-01-01,Variação Nominal,-45.09485314306378
2009-02-01,- Cancelamentos (DPMFi),0.0
2009-02-01,- Emissões (DPFe) 5,0.015929716278136
2009-02-01,- Emissões Diretas (DPMFi) 4,0.08392309745000001
2009-02-01,- Emissões Oferta Pública (DPMFi) 2,19.13924775467
2009-02-01,- Juros Apropriados da DPFe 10,3.6125072877788433
2009-02-01,- Juros Apropriados da DPMFi 9,11.358702784290005
2009-02-01,- Pagamentos Correntes (DPFe),-1.1725804518599998
2009-02-01,- Pagamentos Correntes (DPMFi) 6,-4.28018902233
2009-02-01,- Resgates Antecipados (DPFe) 8,0.0
2009-02-01,DPFe,131.1436728802153
2009-02-01,DPFe,133.59952943241225
2009-02-01,DPFe,2.4558565521969866
2009-02-01,DPMFi,1221.09699863439
2009-02-01,DPMFi,1247.3986832484693
2009-02-01,DPMFi,26.301684614079306
2009-02-01,Estoque anterior1,1352.2406715146053
2009-02-01,Estoque mês em análise,1380.9982126808816
2009-02-01,I - Gestão da Dívida - TN (I.1 + I.2),28.757541166276983
2009-02-01,I.1 - Emissão/Resgate Líquido,13.786331094208135
2009-02-01,I.1.1 - Emissões,19.239100568398136
2009-02-01,I.1.2 - Resgates,-5.452769474189999
2009-02-01,I.2 - Juros  Apropriados,14.971210072068846
2009-02-01,II - Operações do mercado com o Banco Central,0.0
2009-02-01,II.1 - Transferência de carteira 11,0.0
2009-02-01,Total dos Fatores (I + II),28.757541166276983
2009-02-01,Variação Nominal,28.757541166276294
2009-03-01,- Cancelamentos (DPMFi),0.0
2009-03-01,- Emissões (DPFe) 5,0.024125481152233
2009-03-01,- Emissões Diretas (DPMFi) 4,13.372668545319998
2009-03-01,- Emissões Oferta Pública (DPMFi) 2,20.35953485497
2009-03-01,- Juros Apropriados da DPFe 10,-1.8304316913357186
2009-03-01,- Juros Apropriados da DPMFi 9,11.945962042276939
2009-03-01,- Pagamentos Correntes (DPFe),-0.86490983008
2009-03-01,- Pagamentos Correntes (DPMFi) 6,-25.282965129209998
2009-03-01,- Resgates Antecipados (DPFe) 8,-0.44451032348
2009-03-01,DPFe,133.59952943241225
2009-03-01,DPFe,130.45013039077878
2009-03-01,DPFe,-3.1493990416334854
2009-03-01,DPMFi,1247.39868324847
2009-03-01,DPMFi,1267.7938835618265
2009-03-01,DPMFi,20.395200313356472
2009-03-01,Estoque anterior1,1380.9982126808823
2009-03-01,Estoque mês em análise,1398.2440139526054
2009-03-01,I - Gestão da Dívida - TN (I.1 + I.2),17.27947394961345
2009-03-01,I.1 - Emissão/Resgate Líquido,7.163943598672227
2009-03-01,I.1.1 - Emissões,33.75632888144223
2009-03-01,I.1.2 - Resgates,-26.59238528277
2009-03-01,I.2 - Juros  Apropriados,10.11553035094122
2009-03-01,II - Operações do mercado com o Banco Central,0.0
2009-03-01,II.1 - Transferência de carteira 11,0.0
2009-03-01,Total dos Fatores (I + II),17.27947394961345
2009-03-01,Variação Nominal,17.245801271722986
2009-04-01,- Cancelamentos (DPMFi),0.0
2009-04-01,- Emissões (DPFe) 5,0.034190477438107
2009-04-01,- Emissões Diretas (DPMFi) 4,0.12396255632
2009-04-01,- Emissões Oferta Pública (DPMFi) 2,17.836521473110004
2009-04-01,- Juros Apropriados da DPFe 10,-6.207047327367593
2009-04-01,- Juros Apropriados da DPMFi 9,9.638362568059875
2009-04-01,- Pagamentos Correntes (DPFe),-2.02939082868
2009-04-01,- Pagamentos Correntes (DPMFi) 6,-33.60564770968
2009-04-01,- Resgates Antecipados (DPFe) 8,0.0
2009-04-01,DPFe,130.45013039077878
2009-04-01,DPFe,122.24788271216929
2009-04-01,DPFe,-8.202247678609492
2009-04-01,DPMFi,1267.79388356183
2009-04-01,DPMFi,1261.7870824496395
2009-04-01,DPMFi,-6.006801112190588
2009-04-01,Estoque anterior1,1398.2440139526088
2009-04-01,Estoque mês em análise,1384.0349651618087
2009-04-01,I - Gestão da Dívida - TN (I.1 + I.2),-14.209048790799608
2009-04-01,I.1 - Emissão/Resgate Líquido,-17.64036403149189
2009-04-01,I.1.1 - Emissões,17.994674506868108
2009-04-01,I.1.2 - Resgates,-35.63503853836
2009-04-01,I.2 - Juros  Apropriados,3.4313152406922836
2009-04-01,II - Operações do mercado com o Banco Central,0.0
2009-04-01,II.1 - Transferência de carteira 11,0.0
2009-04-01,Total dos Fatores (I + II),-14.209048790799608
2009-04-01,Variação Nominal,-14.209048790800079
2009-05-01,- Cancelamentos (DPMFi),0.0
2009-05-01,- Emissões (DPFe) 5,1.64950406396239
2009-05-01,- Emissões Diretas (DPMFi) 4,0.29444539908
2009-05-01,- Emissões Oferta Pública (DPMFi) 2,35.380149286860004
2009-05-01,- Juros Apropriados da DPFe 10,-8.861619327019266
2009-05-01,- Juros Apropriados da DPMFi 9,10.02296203801005
2009-05-01,- Pagamentos Correntes (DPFe),-0.76399664956
2009-05-01,- Pagamentos Correntes (DPMFi) 6,-33.22945349232
2009-05-01,- Resgates Antecipados (DPFe) 8,-0.21383115082
2009-05-01,DPFe,122.247882712169
2009-05-01,DPFe,114.0579396487324
2009-05-01,DPFe,-8.1899430634366
2009-05-01,DPMFi,1261.78708244964
2009-05-01,DPMFi,1274.2551856812674
2009-05-01,DPMFi,12.468103231627493
2009-05-01,Estoque anterior1,1384.034965161809
2009-05-01,Estoque mês em análise,1388.3131253299998
2009-05-01,I - Gestão da Dívida - TN (I.1 + I.2),4.2781601681931845
2009-05-01,I.1 - Emissão/Resgate Líquido,3.1168174572024
2009-05-01,I.1.1 - Emissões,37.3240987499024
2009-05-01,I.1.2 - Resgates,-34.207281292699996
2009-05-01,I.2 - Juros  Apropriados,1.1613427109907843
2009-05-01,II - Operações do mercado com o Banco Central,0.0
2009-05-01,II.1 - Transferência de carteira 11,0.0
2009-05-01,Total dos Fatores (I + II),4.2781601681931845
2009-05-01,Variação Nominal,4.278160168190894
2009-06-01,- Cancelamentos (DPMFi),0.0
2009-06-01,- Emissões (DPFe) 5,0.037256344863892996
2009-06-01,- Emissões Diretas (DPMFi) 4,26.263920862179994
2009-06-01,- Emissões Oferta Pública (DPMFi) 2,26.423046960099995
2009-06-01,- Juros Apropriados da DPFe 10,-0.2817743087347037
2009-06-01,- Juros Apropriados da DPMFi 9,11.51949303219566
2009-06-01,- Pagamentos Correntes (DPFe),-1.08537385652
2009-06-01,- Pagamentos Correntes (DPMFi) 6,-16.586050267485703
2009-06-01,- Resgates Antecipados (DPFe) 8,0.0
2009-06-01,DPFe,114.057939648732
2009-06-01,DPFe,112.7280478283416
2009-06-01,DPFe,-1.329891820390403
2009-06-01,DPMFi,1274.25518568127
2009-06-01,DPMFi,1321.8755962682553
2009-06-01,DPMFi,47.620410586985294
2009-06-01,Estoque anterior1,1388.313125330002
2009-06-01,Estoque mês em análise,1434.6036440965968
2009-06-01,I - Gestão da Dívida - TN (I.1 + I.2),46.29051876659914
2009-06-01,I.1 - Emissão/Resgate Líquido,35.052800043138184
2009-06-01,I.1.1 - Emissões,52.72422416714388
2009-06-01,I.1.2 - Resgates,-17.671424124005704
2009-06-01,I.2 - Juros  Apropriados,11.237718723460956
2009-06-01,II - Operações do mercado com o Banco Central,0.0
2009-06-01,II.1 - Transferência de carteira 11,0.0
2009-06-01,Total dos Fatores (I + II),46.29051876659914
2009-06-01,Variação Nominal,46.29051876659489
2009-07-01,- Cancelamentos (DPMFi),0.0
2009-07-01,- Emissões (DPFe) 5,0.015425450389950999
2009-07-01,- Emissões Diretas (DPMFi) 4,24.67455778558
2009-07-01,- Emissões Oferta Pública (DPMFi) 2,33.842918373290004
2009-07-01,- Juros Apropriados da DPFe 10,-3.06053642679054
2009-07-01,- Juros Apropriados da DPMFi 9,11.411523859140011
2009-07-01,- Pagamentos Correntes (DPFe),-2.30246949059
2009-07-01,- Pagamentos Correntes (DPMFi) 6,-41.91909219051
2009-07-01,- Resgates Antecipados (DPFe) 8,-0.17945174217999998
2009-07-01,DPFe,112.7280478283416
2009-07-01,DPFe,107.20101561917102
2009-07-01,DPFe,-5.5270322091705895
2009-07-01,DPMFi,1321.8755962682599
2009-07-01,DPMFi,1349.8855040957599
2009-07-01,DPMFi,28.009907827500022
2009-07-01,Estoque anterior1,1434.6036440966016
2009-07-01,Estoque mês em análise,1457.086519714931
2009-07-01,I - Gestão da Dívida - TN (I.1 + I.2),22.48287561832943
2009-07-01,I.1 - Emissão/Resgate Líquido,14.131888185979959
2009-07-01,I.1.1 - Emissões,58.53290160925996
2009-07-01,I.1.2 - Resgates,-44.40101342328
2009-07-01,I.2 - Juros  Apropriados,8.350987432349472
2009-07-01,II - Operações do mercado com o Banco Central,0.0
2009-07-01,II.1 - Transferência de carteira 11,0.0
2009-07-01,Total dos Fatores (I + II),22.48287561832943
2009-07-01,Variação Nominal,22.48287561832943
2009-08-01,- Cancelamentos (DPMFi),0.0
2009-08-01,- Emissões (DPFe) 5,0.990098981009942
2009-08-01,- Emissões Diretas (DPMFi) 4,28.89397301255
2009-08-01,- Emissões Oferta Pública (DPMFi) 2,16.11612591933
2009-08-01,- Juros Apropriados da DPFe 10,1.6358789824289637
2009-08-01,- Juros Apropriados da DPMFi 9,10.893781656740007
2009-08-01,- Pagamentos Correntes (DPFe),-0.73622443653
2009-08-01,- Pagamentos Correntes (DPMFi) 6,-4.80701360359
2009-08-01,- Resgates Antecipados (DPFe) 8,-0.122715
2009-08-01,DPFe,107.20101561917102
2009-08-01,DPFe,108.96805414608001
2009-08-01,DPFe,1.7670385269089892
2009-08-01,DPMFi,1349.8855040957599
2009-08-01,DPMFi,1400.98237108079
2009-08-01,DPMFi,51.096866985030005
2009-08-01,Estoque anterior1,1457.086519714931
2009-08-01,Estoque mês em análise,1509.95042522687
2009-08-01,I - Gestão da Dívida - TN (I.1 + I.2),52.86390551193891
2009-08-01,I.1 - Emissão/Resgate Líquido,40.334244872769936
2009-08-01,I.1.1 - Emissões,46.00019791288994
2009-08-01,I.1.2 - Resgates,-5.66595304012
2009-08-01,I.2 - Juros  Apropriados,12.529660639168972
2009-08-01,II - Operações do mercado com o Banco Central,0.0
2009-08-01,II.1 - Transferência de carteira 11,0.0
2009-08-01,Total dos Fatores (I + II),52.86390551193891
2009-08-01,Variação Nominal,52.863905511938995
2009-09-01,- Cancelamentos (DPMFi),0.0
2009-09-01,- Emissões (DPFe) 5,0.026458257196918997
2009-09-01,- Emissões Diretas (DPMFi) 4,0.17854232419000005
2009-09-01,- Emissões Oferta Pública (DPMFi) 2,14.728935447849999
2009-09-01,- Juros Apropriados da DPFe 10,-4.544893745708746
2009-09-01,- Juros Apropriados da DPMFi 9,11.048456706870015
2009-09-01,- Pagamentos Correntes (DPFe),-1.00466621385
2009-09-01,- Pagamentos Correntes (DPMFi) 6,-41.04946637805
2009-09-01,- Resgates Antecipados (DPFe) 8,-0.40303149675
2009-09-01,DPFe,108.96805414608001
2009-09-01,DPFe,103.04192094696809
2009-09-01,DPFe,-5.9261331991119075
2009-09-01,DPMFi,1400.98237108079
2009-09-01,DPMFi,1385.88883918165
2009-09-01,DPMFi,-15.093531899139984
2009-09-01,Estoque anterior1,1509.95042522687
2009-09-01,Estoque mês em análise,1488.930760128618
2009-09-01,I - Gestão da Dívida - TN (I.1 + I.2),-21.019665098251817
2009-09-01,I.1 - Emissão/Resgate Líquido,-27.523228059413086
2009-09-01,I.1.1 - Emissões,14.933936029236918
2009-09-01,I.1.2 - Resgates,-42.45716408865
2009-09-01,I.2 - Juros  Apropriados,6.5035629611612675
2009-09-01,II - Operações do mercado com o Banco Central,0.0
2009-09-01,II.1 - Transferência de carteira 11,0.0
2009-09-01,Total dos Fatores (I + II),-21.019665098251817
2009-09-01,Variação Nominal,-21.019665098251892
2009-10-01,- Cancelamentos (DPMFi),0.0
2009-10-01,- Emissões (DPFe) 5,2.280570887424365
2009-10-01,- Emissões Diretas (DPMFi) 4,2.35678733611
2009-10-01,- Emissões Oferta Pública (DPMFi) 2,17.75409086978
2009-10-01,- Juros Apropriados da DPFe 10,-0.33398192297669493
2009-10-01,- Juros Apropriados da DPMFi 9,10.935177686969942
2009-10-01,- Pagamentos Correntes (DPFe),-3.37336060729
2009-10-01,- Pagamentos Correntes (DPMFi) 6,-46.12189183518
2009-10-01,- Resgates Antecipados (DPFe) 8,0.0
2009-10-01,DPFe,103.04192094696809
2009-10-01,DPFe,101.61514930412577
2009-10-01,DPFe,-1.42677164284233
2009-10-01,DPMFi,1385.88883918165
2009-10-01,DPMFi,1370.8130032393299
2009-10-01,DPMFi,-15.07583594232006
2009-10-01,Estoque anterior1,1488.930760128618
2009-10-01,Estoque mês em análise,1472.4281525434556
2009-10-01,I - Gestão da Dívida - TN (I.1 + I.2),-16.50260758516239
2009-10-01,I.1 - Emissão/Resgate Líquido,-27.103803349155637
2009-10-01,I.1.1 - Emissões,22.391449093314364
2009-10-01,I.1.2 - Resgates,-49.495252442470004
2009-10-01,I.2 - Juros  Apropriados,10.601195763993248
2009-10-01,II - Operações do mercado com o Banco Central,0.0
2009-10-01,II.1 - Transferência de carteira 11,0.0
2009-10-01,Total dos Fatores (I + II),-16.50260758516239
2009-10-01,Variação Nominal,-16.50260758516239
2009-11-01,- Cancelamentos (DPMFi),0.0
2009-11-01,- Emissões (DPFe) 5,0.010827460883841001
2009-11-01,- Emissões Diretas (DPMFi) 4,-0.11881195530000002
2009-11-01,- Emissões Oferta Pública (DPMFi) 2,26.507959195039998
2009-11-01,- Juros Apropriados da DPFe 10,1.4718728430341173
2009-11-01,- Juros Apropriados da DPMFi 9,11.131088384930004
2009-11-01,- Pagamentos Correntes (DPFe),-0.76338934718
2009-11-01,- Pagamentos Correntes (DPMFi) 6,-18.465638678970002
2009-11-01,- Resgates Antecipados (DPFe) 8,-0.35822407497000003
2009-11-01,DPFe,101.61514930412577
2009-11-01,DPFe,101.97623618589373
2009-11-01,DPFe,0.3610868817679584
2009-11-01,DPMFi,1370.8130032393299
2009-11-01,DPMFi,1389.86760018503
2009-11-01,DPMFi,19.054596945700002
2009-11-01,Estoque anterior1,1472.4281525434556
2009-11-01,Estoque mês em análise,1491.8438363709236
2009-11-01,I - Gestão da Dívida - TN (I.1 + I.2),19.415683827467962
2009-11-01,I.1 - Emissão/Resgate Líquido,6.8127225995038385
2009-11-01,I.1.1 - Emissões,26.39997470062384
2009-11-01,I.1.2 - Resgates,-19.58725210112
2009-11-01,I.2 - Juros  Apropriados,12.602961227964123
2009-11-01,II - Operações do mercado com o Banco Central,0.0
2009-11-01,II.1 - Transferência de carteira 11,0.0
2009-11-01,Total dos Fatores (I + II),19.415683827467962
2009-11-01,Variação Nominal,19.415683827467962
2009-12-01,- Cancelamentos (DPMFi),0.0
2009-12-01,- Emissões (DPFe) 5,1.1864912971843042
2009-12-01,- Emissões Diretas (DPMFi) 4,-1.00476205774
2009-12-01,- Emissões Oferta Pública (DPMFi) 2,28.39844201806
2009-12-01,- Juros Apropriados da DPFe 10,-0.4929725375552748
2009-12-01,- Juros Apropriados da DPMFi 9,12.5309979633302
2009-12-01,- Pagamentos Correntes (DPFe),-1.9660630171199998
2009-12-01,- Pagamentos Correntes (DPMFi) 6,-31.37678446084
2009-12-01,- Resgates Antecipados (DPFe) 8,-1.72930683636333
2009-12-01,DPFe,101.97623618589373
2009-12-01,DPFe,98.97438509203951
2009-12-01,DPFe,-3.0018510938542167
2009-12-01,DPMFi,1389.86760018503
2009-12-01,DPMFi,1398.41549364784
2009-12-01,DPMFi,8.5478934628102
2009-12-01,Estoque anterior1,1491.8438363709236
2009-12-01,Estoque mês em análise,1497.3898787398798
2009-12-01,I - Gestão da Dívida - TN (I.1 + I.2),5.5460423689558995
2009-12-01,I.1 - Emissão/Resgate Líquido,-6.491983056819026
2009-12-01,I.1.1 - Emissões,28.5801712575043
2009-12-01,I.1.2 - Resgates,-35.07215431432333
2009-12-01,I.2 - Juros  Apropriados,12.038025425774926
2009-12-01,II - Operações do mercado com o Banco Central,0.0
2009-12-01,II.1 - Transferência de carteira 11,0.0
2009-12-01,Total dos Fatores (I + II),5.5460423689558995
2009-12-01,Variação Nominal,5.546042368955983
2010-01-01,- Cancelamentos (DPMFi),0.0
2010-01-01,- Emissões (DPFe) 5,0.008848676977477
2010-01-01,- Emissões Diretas (DPMFi) 4,4.08525285236
2010-01-01,- Emissões Oferta Pública (DPMFi) 2,40.373381429359995
2010-01-01,- Juros Apropriados da DPFe 10,5.287882823501729
2010-01-01,- Juros Apropriados da DPMFi 9,11.717319537239932
2010-01-01,- Pagamentos Correntes (DPFe),-2.343310676
2010-01-01,- Pagamentos Correntes (DPMFi) 6,-98.86337492803
2010-01-01,- Resgates Antecipados (DPFe) 8,0.0
2010-01-01,DPFe,98.97438509203951
2010-01-01,DPFe,101.92780591651871
2010-01-01,DPFe,2.953420824479195
2010-01-01,DPMFi,1398.41549364784
2010-01-01,DPMFi,1355.72807253877
2010-01-01,DPMFi,-42.68742110907007
2010-01-01,Estoque anterior1,1497.3898787398798
2010-01-01,Estoque mês em análise,1457.6558784552888
2010-01-01,I - Gestão da Dívida - TN (I.1 + I.2),-39.73400028459086
2010-01-01,I.1 - Emissão/Resgate Líquido,-56.739202645332526
2010-01-01,I.1.1 - Emissões,44.46748295869747
2010-01-01,I.1.2 - Resgates,-101.20668560402999
2010-01-01,I.2 - Juros  Apropriados,17.005202360741663
2010-01-01,II - Operações do mercado com o Banco Central,0.0
2010-01-01,II.1 - Transferência de carteira 11,0.0
2010-01-01,Total dos Fatores (I + II),-39.73400028459086
2010-01-01,Variação Nominal,-39.73400028459099
2010-02-01,- Cancelamentos (DPMFi),0.0
2010-02-01,- Emissões (DPFe) 5,0.013071272145165999
2010-02-01,- Emissões Diretas (DPMFi) 4,0.004121708569999999
2010-02-01,- Emissões Oferta Pública (DPMFi) 2,34.50288168139
2010-02-01,- Juros Apropriados da DPFe 10,-2.5118944130624437
2010-02-01,- Juros Apropriados da DPMFi 9,11.737864778370078
2010-02-01,- Pagamentos Correntes (DPFe),-2.12200564559
2010-02-01,- Pagamentos Correntes (DPMFi) 6,-4.310149915809999
2010-02-01,- Resgates Antecipados (DPFe) 8,0.0
2010-02-01,DPFe,101.92780591651871
2010-02-01,DPFe,97.30697713001142
2010-02-01,DPFe,-4.620828786507278
2010-02-01,DPMFi,1355.72807253877
2010-02-01,DPMFi,1397.66279079129
2010-02-01,DPMFi,41.93471825252008
2010-02-01,Estoque anterior1,1457.6558784552888
2010-02-01,Estoque mês em análise,1494.9697679213016
2010-02-01,I - Gestão da Dívida - TN (I.1 + I.2),37.31388946601279
2010-02-01,I.1 - Emissão/Resgate Líquido,28.08791910070516
2010-02-01,I.1.1 - Emissões,34.52007466210516
2010-02-01,I.1.2 - Resgates,-6.432155561399999
2010-02-01,I.2 - Juros  Apropriados,9.225970365307633
2010-02-01,II - Operações do mercado com o Banco Central,0.0
2010-02-01,II.1 - Transferência de carteira 11,0.0
2010-02-01,Total dos Fatores (I + II),37.31388946601279
2010-02-01,Variação Nominal,37.31388946601283
2010-03-01,- Cancelamentos (DPMFi),0.0
2010-03-01,- Emissões (DPFe) 5,0.012187754697772
2010-03-01,- Emissões Diretas (DPMFi) 4,0.19847504896
2010-03-01,- Emissões Oferta Pública (DPMFi) 2,30.24726941226
2010-03-01,- Juros Apropriados da DPFe 10,-0.19988048924995905
2010-03-01,- Juros Apropriados da DPMFi 9,14.689383346147702
2010-03-01,- Pagamentos Correntes (DPFe),-0.6182771266000001
2010-03-01,- Pagamentos Correntes (DPMFi) 6,-42.416063368230006
2010-03-01,- Resgates Antecipados (DPFe) 8,-1.7609160082899997
2010-03-01,DPFe,97.30697713001142
2010-03-01,DPFe,94.74009126056924
2010-03-01,DPFe,-2.5668858694421797
2010-03-01,DPMFi,1397.66279079129
2010-03-01,DPMFi,1400.3818552304278
2010-03-01,DPMFi,2.719064439137699
2010-03-01,Estoque anterior1,1494.9697679213016
2010-03-01,Estoque mês em análise,1495.121946490997
2010-03-01,I - Gestão da Dívida - TN (I.1 + I.2),0.15217856969551577
2010-03-01,I.1 - Emissão/Resgate Líquido,-14.337324287202227
2010-03-01,I.1.1 - Emissões,30.457932215917772
2010-03-01,I.1.2 - Resgates,-44.79525650312
2010-03-01,I.2 - Juros  Apropriados,14.489502856897744
2010-03-01,II - Operações do mercado com o Banco Central,0.0
2010-03-01,II.1 - Transferência de carteira 11,0.0
2010-03-01,Total dos Fatores (I + II),0.15217856969551577
2010-03-01,Variação Nominal,0.15217856969544663
2010-04-01,- Cancelamentos (DPMFi),0.0
2010-04-01,- Emissões (DPFe) 5,1.408765490705411
2010-04-01,- Emissões Diretas (DPMFi) 4,71.32631468580001
2010-04-01,- Emissões Oferta Pública (DPMFi) 2,27.496537371959995
2010-04-01,- Juros Apropriados da DPFe 10,-2.334842543142776
2010-04-01,- Juros Apropriados da DPMFi 9,12.518279084692157
2010-04-01,- Pagamentos Correntes (DPFe),-1.65584100502
2010-04-01,- Pagamentos Correntes (DPMFi) 6,-18.809961593780002
2010-04-01,- Resgates Antecipados (DPFe) 8,0.0
2010-04-01,DPFe,94.74009126056924
2010-04-01,DPFe,92.15817320311187
2010-04-01,DPFe,-2.5819180574573695
2010-04-01,DPMFi,1400.3818552304278
2010-04-01,DPMFi,1492.9130247791
2010-04-01,DPMFi,92.53116954867215
2010-04-01,Estoque anterior1,1495.121946490997
2010-04-01,Estoque mês em análise,1585.0711979822117
2010-04-01,I - Gestão da Dívida - TN (I.1 + I.2),89.9492514912148
2010-04-01,I.1 - Emissão/Resgate Líquido,79.76581494966541
2010-04-01,I.1.1 - Emissões,100.23161754846541
2010-04-01,I.1.2 - Resgates,-20.4658025988
2010-04-01,I.2 - Juros  Apropriados,10.18343654154938
2010-04-01,II - Operações do mercado com o Banco Central,0.0
2010-04-01,II.1 - Transferência de carteira 11,0.0
2010-04-01,Total dos Fatores (I + II),89.9492514912148
2010-04-01,Variação Nominal,89.9492514912148
2010-05-01,- Cancelamentos (DPMFi),0.0
2010-05-01,- Emissões (DPFe) 5,0.009626994669758
2010-05-01,- Emissões Diretas (DPMFi) 4,6.134868789149999
2010-05-01,- Emissões Oferta Pública (DPMFi) 2,13.562203768669999
2010-05-01,- Juros Apropriados da DPFe 10,4.181109490702217
2010-05-01,- Juros Apropriados da DPMFi 9,15.021349450069808
2010-05-01,- Pagamentos Correntes (DPFe),-0.5614815390399999
2010-05-01,- Pagamentos Correntes (DPMFi) 6,-8.06886313809975
2010-05-01,- Resgates Antecipados (DPFe) 8,-0.93436844164
2010-05-01,DPFe,92.15817320311187
2010-05-01,DPFe,94.85305970780385
2010-05-01,DPFe,2.694886504691982
2010-05-01,DPMFi,1492.9130247791
2010-05-01,DPMFi,1519.56258364889
2010-05-01,DPMFi,26.649558869790052
2010-05-01,Estoque anterior1,1585.0711979822117
2010-05-01,Estoque mês em análise,1614.4156433566939
2010-05-01,I - Gestão da Dívida - TN (I.1 + I.2),29.344445374482028
2010-05-01,I.1 - Emissão/Resgate Líquido,10.141986433710004
2010-05-01,I.1.1 - Emissões,19.706699552489752
2010-05-01,I.1.2 - Resgates,-9.56471311877975
2010-05-01,I.2 - Juros  Apropriados,19.202458940772022
2010-05-01,II - Operações do mercado com o Banco Central,0.0
2010-05-01,II.1 - Transferência de carteira 11,0.0
2010-05-01,Total dos Fatores (I + II),29.344445374482028
2010-05-01,Variação Nominal,29.344445374482078
2010-06-01,- Cancelamentos (DPMFi),0.0
2010-06-01,- Emissões (DPFe) 5,1.598320484250654
2010-06-01,- Emissões Diretas (DPMFi) 4,2.8192102760399997
2010-06-01,- Emissões Oferta Pública (DPMFi) 2,30.853644447929998
2010-06-01,- Juros Apropriados da DPFe 10,-0.027559356210825628
2010-06-01,- Juros Apropriados da DPMFi 9,13.852862538839867
2010-06-01,- Pagamentos Correntes (DPFe),-0.51975531287
2010-06-01,- Pagamentos Correntes (DPMFi) 6,-50.58708341619
2010-06-01,- Resgates Antecipados (DPFe) 8,0.0
2010-06-01,DPFe,94.85305970780385
2010-06-01,DPFe,95.90406552297367
2010-06-01,DPFe,1.0510058151698176
2010-06-01,DPMFi,1519.56258364889
2010-06-01,DPMFi,1516.50121749551
2010-06-01,DPMFi,-3.0613661533801353
2010-06-01,Estoque anterior1,1614.4156433566939
2010-06-01,Estoque mês em análise,1612.4052830184835
2010-06-01,I - Gestão da Dívida - TN (I.1 + I.2),-2.010360338210308
2010-06-01,I.1 - Emissão/Resgate Líquido,-15.835663520839349
2010-06-01,I.1.1 - Emissões,35.271175208220654
2010-06-01,I.1.2 - Resgates,-51.10683872906
2010-06-01,I.2 - Juros  Apropriados,13.82530318262904
2010-06-01,II - Operações do mercado com o Banco Central,0.0
2010-06-01,II.1 - Transferência de carteira 11,0.0
2010-06-01,Total dos Fatores (I + II),-2.010360338210308
2010-06-01,Variação Nominal,-2.010360338210361
2010-07-01,- Cancelamentos (DPMFi),0.0
2010-07-01,- Emissões (DPFe) 5,0.01677350621475
2010-07-01,- Emissões Diretas (DPMFi) 4,0.38170396806
2010-07-01,- Emissões Oferta Pública (DPMFi) 2,40.23376380329999
2010-07-01,- Juros Apropriados da DPFe 10,-0.6191797923625805
2010-07-01,- Juros Apropriados da DPMFi 9,12.014609793440185
2010-07-01,- Pagamentos Correntes (DPFe),-2.2321529136400002
2010-07-01,- Pagamentos Correntes (DPMFi) 6,-60.01312429736999
2010-07-01,- Resgates Antecipados (DPFe) 8,-0.81222389698
2010-07-01,DPFe,95.90406552297367
2010-07-01,DPFe,92.25728242620585
2010-07-01,DPFe,-3.646783096767831
2010-07-01,DPMFi,1516.50121749551
2010-07-01,DPMFi,1509.11817076294
2010-07-01,DPMFi,-7.383046732569812
2010-07-01,Estoque anterior1,1612.4052830184835
2010-07-01,Estoque mês em análise,1601.375453189146
2010-07-01,I - Gestão da Dívida - TN (I.1 + I.2),-11.029829829337645
2010-07-01,I.1 - Emissão/Resgate Líquido,-22.42525983041525
2010-07-01,I.1.1 - Emissões,40.63224127757474
2010-07-01,I.1.2 - Resgates,-63.05750110798999
2010-07-01,I.2 - Juros  Apropriados,11.395430001077605
2010-07-01,II - Operações do mercado com o Banco Central,0.0
2010-07-01,II.1 - Transferência de carteira 11,0.0
2010-07-01,Total dos Fatores (I + II),-11.029829829337645
2010-07-01,Variação Nominal,-11.02982982933754
2010-08-01,- Cancelamentos (DPMFi),0.0
2010-08-01,- Emissões (DPFe) 5,1.501609024719257
2010-08-01,- Emissões Diretas (DPMFi) 4,0.17898843429999997
2010-08-01,- Emissões Oferta Pública (DPMFi) 2,43.38397252817
2010-08-01,- Juros Apropriados da DPFe 10,0.32080474688860305
2010-08-01,- Juros Apropriados da DPMFi 9,13.131021630856086
2010-08-01,- Pagamentos Correntes (DPFe),-0.5770182742300001
2010-08-01,- Pagamentos Correntes (DPMFi) 6,-41.20657428754
2010-08-01,- Resgates Antecipados (DPFe) 8,0.0
2010-08-01,DPFe,92.25728242620585
2010-08-01,DPFe,93.5026779235837
2010-08-01,DPFe,1.24539549737786
2010-08-01,DPMFi,1509.11817076294
2010-08-01,DPMFi,1524.6055790687262
2010-08-01,DPMFi,15.487408305786085
2010-08-01,Estoque anterior1,1601.375453189146
2010-08-01,Estoque mês em análise,1618.1082569923099
2010-08-01,I - Gestão da Dívida - TN (I.1 + I.2),16.732803803163943
2010-08-01,I.1 - Emissão/Resgate Líquido,3.2809774254192527
2010-08-01,I.1.1 - Emissões,45.06456998718926
2010-08-01,I.1.2 - Resgates,-41.78359256177001
2010-08-01,I.2 - Juros  Apropriados,13.45182637774469
2010-08-01,II - Operações do mercado com o Banco Central,0.0
2010-08-01,II.1 - Transferência de carteira 11,0.0
2010-08-01,Total dos Fatores (I + II),16.732803803163943
2010-08-01,Variação Nominal,16.732803803163943
2010-09-01,- Cancelamentos (DPMFi),0.0
2010-09-01,- Emissões (DPFe) 5,1.0437054745687921
2010-09-01,- Emissões Diretas (DPMFi) 4,-0.013462529140000698
2010-09-01,- Emissões Oferta Pública (DPMFi) 2,32.839986632190005
2010-09-01,- Juros Apropriados da DPFe 10,-1.4852087489108077
2010-09-01,- Juros Apropriados da DPMFi 9,13.05814776025383
2010-09-01,- Pagamentos Correntes (DPFe),-0.7409529146600001
2010-09-01,- Pagamentos Correntes (DPMFi) 6,-36.085624439200004
2010-09-01,- Resgates Antecipados (DPFe) 8,-0.55650365345
2010-09-01,DPFe,93.5026779235837
2010-09-01,DPFe,91.7637180811317
2010-09-01,DPFe,-1.738959842452008
2010-09-01,DPMFi,1524.6055790687262
2010-09-01,DPMFi,1534.40462649283
2010-09-01,DPMFi,9.799047424103831
2010-09-01,Estoque anterior1,1618.1082569923099
2010-09-01,Estoque mês em análise,1626.1683445739616
2010-09-01,I - Gestão da Dívida - TN (I.1 + I.2),8.06008758165181
2010-09-01,I.1 - Emissão/Resgate Líquido,-3.512851429691211
2010-09-01,I.1.1 - Emissões,33.870229577618794
2010-09-01,I.1.2 - Resgates,-37.383081007310004
2010-09-01,I.2 - Juros  Apropriados,11.572939011343022
2010-09-01,II - Operações do mercado com o Banco Central,0.0
2010-09-01,II.1 - Transferência de carteira 11,0.0
2010-09-01,Total dos Fatores (I + II),8.06008758165181
2010-09-01,Variação Nominal,8.060087581651823
2010-10-01,- Cancelamentos (DPMFi),0.0
2010-10-01,- Emissões (DPFe) 5,1.30493612833779
2010-10-01,- Emissões Diretas (DPMFi) 4,0.50720417184
2010-10-01,- Emissões Oferta Pública (DPMFi) 2,44.82578731977999
2010-10-01,- Juros Apropriados da DPFe 10,1.2616030923578243
2010-10-01,- Juros Apropriados da DPMFi 9,14.101826818739973
2010-10-01,- Pagamentos Correntes (DPFe),-2.12116193892
2010-10-01,- Pagamentos Correntes (DPMFi) 6,-41.117884324799995
2010-10-01,- Resgates Antecipados (DPFe) 8,0.0
2010-10-01,DPFe,91.7637180811317
2010-10-01,DPFe,92.2090953629073
2010-10-01,DPFe,0.44537728177561076
2010-10-01,DPMFi,1534.40462649283
2010-10-01,DPMFi,1552.72156047839
2010-10-01,DPMFi,18.316933985559967
2010-10-01,Estoque anterior1,1626.1683445739616
2010-10-01,Estoque mês em análise,1644.9306558412973
2010-10-01,I - Gestão da Dívida - TN (I.1 + I.2),18.76231126733558
2010-10-01,I.1 - Emissão/Resgate Líquido,3.3988813562377835
2010-10-01,I.1.1 - Emissões,46.63792761995778
2010-10-01,I.1.2 - Resgates,-43.23904626372
2010-10-01,I.2 - Juros  Apropriados,15.363429911097798
2010-10-01,II - Operações do mercado com o Banco Central,0.0
2010-10-01,II.1 - Transferência de carteira 11,0.0
2010-10-01,Total dos Fatores (I + II),18.76231126733558
2010-10-01,Variação Nominal,18.76231126733558
2010-11-01,- Cancelamentos (DPMFi),0.0
2010-11-01,- Emissões (DPFe) 5,0.38027306889801
2010-11-01,- Emissões Diretas (DPMFi) 4,0.26575507935000003
2010-11-01,- Emissões Oferta Pública (DPMFi) 2,19.687784514300002
2010-11-01,- Juros Apropriados da DPFe 10,0.8009468967487238
2010-11-01,- Juros Apropriados da DPMFi 9,15.936213439619957
2010-11-01,- Pagamentos Correntes (DPFe),-0.5189038083
2010-11-01,- Pagamentos Correntes (DPMFi) 6,-13.68895799231
2010-11-01,- Resgates Antecipados (DPFe) 8,-1.44198426912
2010-11-01,DPFe,92.2090953629073
2010-11-01,DPFe,91.42942725113404
2010-11-01,DPFe,-0.779668111773266
2010-11-01,DPMFi,1552.72156047839
2010-11-01,DPMFi,1574.9223555193498
2010-11-01,DPMFi,22.200795040959957
2010-11-01,Estoque anterior1,1644.9306558412973
2010-11-01,Estoque mês em análise,1666.351782770484
2010-11-01,I - Gestão da Dívida - TN (I.1 + I.2),21.42112692918669
2010-11-01,I.1 - Emissão/Resgate Líquido,4.683966592818013
2010-11-01,I.1.1 - Emissões,20.33381266254801
2010-11-01,I.1.2 - Resgates,-15.649846069729998
2010-11-01,I.2 - Juros  Apropriados,16.73716033636868
2010-11-01,II - Operações do mercado com o Banco Central,0.0
2010-11-01,II.1 - Transferência de carteira 11,0.0
2010-11-01,Total dos Fatores (I + II),21.42112692918669
2010-11-01,Variação Nominal,21.42112692918669
2010-12-01,- Cancelamentos (DPMFi),0.0
2010-12-01,- Emissões (DPFe) 5,1.7381978435637468
2010-12-01,- Emissões Diretas (DPMFi) 4,5.164439320850001
2010-12-01,- Emissões Oferta Pública (DPMFi) 2,22.798455657890003
2010-12-01,- Juros Apropriados da DPFe 10,-0.3958012315408439
2010-12-01,- Juros Apropriados da DPMFi 9,17.04154676843014
2010-12-01,- Pagamentos Correntes (DPFe),-0.42978559730999993
2010-12-01,- Pagamentos Correntes (DPMFi) 6,-15.986751826679999
2010-12-01,- Resgates Antecipados (DPFe) 8,-2.2453407972300004
2010-12-01,DPFe,91.42942725113404
2010-12-01,DPFe,90.0966974686169
2010-12-01,DPFe,-1.332729782517141
2010-12-01,DPMFi,1574.9223555193498
2010-12-01,DPMFi,1603.94004543984
2010-12-01,DPMFi,29.01768992049014
2010-12-01,Estoque anterior1,1666.351782770484
2010-12-01,Estoque mês em análise,1694.036742908457
2010-12-01,I - Gestão da Dívida - TN (I.1 + I.2),27.68496013797304
2010-12-01,I.1 - Emissão/Resgate Líquido,11.039214601083746
2010-12-01,I.1.1 - Emissões,29.70109282230375
2010-12-01,I.1.2 - Resgates,-18.661878221220004
2010-12-01,I.2 - Juros  Apropriados,16.645745536889294
2010-12-01,II - Operações do mercado com o Banco Central,0.0
2010-12-01,II.1 - Transferência de carteira 11,0.0
2010-12-01,Total dos Fatores (I + II),27.68496013797304
2010-12-01,Variação Nominal,27.684960137973
2011-01-01,- Cancelamentos (DPMFi),-0.13270375702999998
2011-01-01,- Emissões (DPFe) 5,0.006513215278449999
2011-01-01,- Emissões Diretas (DPMFi) 4,0.45441683746
2011-01-01,- Emissões Oferta Pública (DPMFi) 2,33.98761606313
2011-01-01,- Juros Apropriados da DPFe 10,0.6237320082059122
2011-01-01,- Juros Apropriados da DPMFi 9,15.379148707640038
2011-01-01,- Pagamentos Correntes (DPFe),-4.235082622440001
2011-01-01,- Pagamentos Correntes (DPMFi) 6,-111.125759923
2011-01-01,- Resgates Antecipados (DPFe) 8,0.0
2011-01-01,DPFe,90.0966974686169
2011-01-01,DPFe,86.4918600696613
2011-01-01,DPFe,-3.604837398955642
2011-01-01,DPMFi,1603.94004543984
2011-01-01,DPMFi,1542.5027633680402
2011-01-01,DPMFi,-61.43728207179997
2011-01-01,Estoque anterior1,1694.036742908457
2011-01-01,Estoque mês em análise,1628.9946234377014
2011-01-01,I - Gestão da Dívida - TN (I.1 + I.2),-65.0421194707556
2011-01-01,I.1 - Emissão/Resgate Líquido,-81.04500018660156
2011-01-01,I.1.1 - Emissões,34.448546115868446
2011-01-01,I.1.2 - Resgates,-115.49354630247
2011-01-01,I.2 - Juros  Apropriados,16.00288071584595
2011-01-01,II - Operações do mercado com o Banco Central,0.0
2011-01-01,II.1 - Transferência de carteira 11,0.0
2011-01-01,Total dos Fatores (I + II),-65.0421194707556
2011-01-01,Variação Nominal,-65.04211947075561
2011-02-01,- Cancelamentos (DPMFi),-0.00023026894
2011-02-01,- Emissões (DPFe) 5,0.013065447515945001
2011-02-01,- Emissões Diretas (DPMFi) 4,2.08168372164
2011-02-01,- Emissões Oferta Pública (DPMFi) 2,31.70664535033
2011-02-01,- Juros Apropriados da DPFe 10,0.06023287216200447
2011-02-01,- Juros Apropriados da DPMFi 9,16.23860821793992
2011-02-01,- Pagamentos Correntes (DPFe),-0.77638760876
2011-02-01,- Pagamentos Correntes (DPMFi) 6,-6.53348363675
2011-02-01,- Resgates Antecipados (DPFe) 8,0.0
2011-02-01,DPFe,86.4918600696613
2011-02-01,DPFe,85.78877078057924
2011-02-01,DPFe,-0.7030892890820541
2011-02-01,DPMFi,1542.5027633680402
2011-02-01,DPMFi,1585.99598675226
2011-02-01,DPMFi,43.49322338421992
2011-02-01,Estoque anterior1,1628.9946234377014
2011-02-01,Estoque mês em análise,1671.7847575328392
2011-02-01,I - Gestão da Dívida - TN (I.1 + I.2),42.790134095137866
2011-02-01,I.1 - Emissão/Resgate Líquido,26.491293005035946
2011-02-01,I.1.1 - Emissões,33.801394519485946
2011-02-01,I.1.2 - Resgates,-7.31010151445
2011-02-01,I.2 - Juros  Apropriados,16.298841090101924
2011-02-01,II - Operações do mercado com o Banco Central,0.0
2011-02-01,II.1 - Transferência de carteira 11,0.0
2011-02-01,Total dos Fatores (I + II),42.790134095137866
2011-02-01,Variação Nominal,42.790134095137866
2011-03-01,- Cancelamentos (DPMFi),-0.07331025382
2011-03-01,- Emissões (DPFe) 5,0.010849705941445
2011-03-01,- Emissões Diretas (DPMFi) 4,5.531769582970002
2011-03-01,- Emissões Oferta Pública (DPMFi) 2,36.800196129540005
2011-03-01,- Juros Apropriados da DPFe 10,-0.24516093878923187
2011-03-01,- Juros Apropriados da DPMFi 9,16.638069368820002
2011-03-01,- Pagamentos Correntes (DPFe),-0.52667066092
2011-03-01,- Pagamentos Correntes (DPMFi) 6,-33.37986172429
2011-03-01,- Resgates Antecipados (DPFe) 8,-1.4929690717063002
2011-03-01,DPFe,85.78877078057924
2011-03-01,DPFe,83.53481981510517
2011-03-01,DPFe,-2.253950965474083
2011-03-01,DPMFi,1585.99598675226
2011-03-01,DPMFi,1611.51284985548
2011-03-01,DPMFi,25.516863103220008
2011-03-01,Estoque anterior1,1671.7847575328392
2011-03-01,Estoque mês em análise,1695.047669670585
2011-03-01,I - Gestão da Dívida - TN (I.1 + I.2),23.26291213774593
2011-03-01,I.1 - Emissão/Resgate Líquido,6.870003707715157
2011-03-01,I.1.1 - Emissões,42.34281541845145
2011-03-01,I.1.2 - Resgates,-35.472811710736295
2011-03-01,I.2 - Juros  Apropriados,16.39290843003077
2011-03-01,II - Operações do mercado com o Banco Central,0.0
2011-03-01,II.1 - Transferência de carteira 11,0.0
2011-03-01,Total dos Fatores (I + II),23.26291213774593
2011-03-01,Variação Nominal,23.262912137745925
2011-04-01,- Cancelamentos (DPMFi),-1.63718681292
2011-04-01,- Emissões (DPFe) 5,0.000272691276791
2011-04-01,- Emissões Diretas (DPMFi) 4,2.1228954291199997
2011-04-01,- Emissões Oferta Pública (DPMFi) 2,48.11044601288
2011-04-01,- Juros Apropriados da DPFe 10,-1.3079220044474127
2011-04-01,- Juros Apropriados da DPMFi 9,15.618077966610038
2011-04-01,- Pagamentos Correntes (DPFe),-0.6263294429099999
2011-04-01,- Pagamentos Correntes (DPMFi) 6,-22.64852896477
2011-04-01,- Resgates Antecipados (DPFe) 8,0.0
2011-04-01,DPFe,83.53481981510517
2011-04-01,DPFe,81.60084105902455
2011-04-01,DPFe,-1.9339787560806143
2011-04-01,DPMFi,1611.51284985548
2011-04-01,DPMFi,1653.0785534864
2011-04-01,DPMFi,41.565703630920034
2011-04-01,Estoque anterior1,1695.047669670585
2011-04-01,Estoque mês em análise,1734.6793945454244
2011-04-01,I - Gestão da Dívida - TN (I.1 + I.2),39.63172487483941
2011-04-01,I.1 - Emissão/Resgate Líquido,25.321568912676785
2011-04-01,I.1.1 - Emissões,50.23361413327679
2011-04-01,I.1.2 - Resgates,-24.9120452206
2011-04-01,I.2 - Juros  Apropriados,14.310155962162623
2011-04-01,II - Operações do mercado com o Banco Central,0.0
2011-04-01,II.1 - Transferência de carteira 11,0.0
2011-04-01,Total dos Fatores (I + II),39.63172487483941
2011-04-01,Variação Nominal,39.63172487483942
2011-05-01,- Cancelamentos (DPMFi),-0.00064149904
2011-05-01,- Emissões (DPFe) 5,0.090152936025202
2011-05-01,- Emissões Diretas (DPMFi) 4,1.00651975901
2011-05-01,- Emissões Oferta Pública (DPMFi) 2,37.57509884818
2011-05-01,- Juros Apropriados da DPFe 10,0.8570926594312864
2011-05-01,- Juros Apropriados da DPMFi 9,18.27458078050992
2011-05-01,- Pagamentos Correntes (DPFe),-0.52456578854
2011-05-01,- Pagamentos Correntes (DPMFi) 6,-44.72222555923
2011-05-01,- Resgates Antecipados (DPFe) 8,-0.94774960049
2011-05-01,DPFe,81.60084105902455
2011-05-01,DPFe,81.07577126545104
2011-05-01,DPFe,-0.5250697935735079
2011-05-01,DPMFi,1653.0785534864
2011-05-01,DPMFi,1665.2118858158299
2011-05-01,DPMFi,12.13333232942992
2011-05-01,Estoque anterior1,1734.6793945454244
2011-05-01,Estoque mês em análise,1746.2876570812812
2011-05-01,I - Gestão da Dívida - TN (I.1 + I.2),11.608262535856408
2011-05-01,I.1 - Emissão/Resgate Líquido,-7.523410904084798
2011-05-01,I.1.1 - Emissões,38.6717715432152
2011-05-01,I.1.2 - Resgates,-46.1951824473
2011-05-01,I.2 - Juros  Apropriados,19.131673439941206
2011-05-01,II - Operações do mercado com o Banco Central,0.0
2011-05-01,II.1 - Transferência de carteira 11,0.0
2011-05-01,Total dos Fatores (I + II),11.608262535856408
2011-05-01,Variação Nominal,11.608262535856412
2011-06-01,- Cancelamentos (DPMFi),-0.06626005643
2011-06-01,- Emissões (DPFe) 5,0.487301984736732
2011-06-01,- Emissões Diretas (DPMFi) 4,30.54415992991
2011-06-01,- Emissões Oferta Pública (DPMFi) 2,36.715004544379994
2011-06-01,- Juros Apropriados da DPFe 10,0.18871245546099466
2011-06-01,- Juros Apropriados da DPMFi 9,15.652143208169988
2011-06-01,- Pagamentos Correntes (DPFe),-5.779109363150001
2011-06-01,- Pagamentos Correntes (DPMFi) 6,-18.595696739719997
2011-06-01,- Resgates Antecipados (DPFe) 8,0.0
2011-06-01,DPFe,81.07577126545104
2011-06-01,DPFe,75.97267634249876
2011-06-01,DPFe,-5.103094922952281
2011-06-01,DPMFi,1665.2118858158299
2011-06-01,DPMFi,1729.46123670214
2011-06-01,DPMFi,64.24935088630998
2011-06-01,Estoque anterior1,1746.2876570812812
2011-06-01,Estoque mês em análise,1805.4339130446388
2011-06-01,I - Gestão da Dívida - TN (I.1 + I.2),59.1462559633577
2011-06-01,I.1 - Emissão/Resgate Líquido,43.30540029972672
2011-06-01,I.1.1 - Emissões,67.74646645902672
2011-06-01,I.1.2 - Resgates,-24.4410661593
2011-06-01,I.2 - Juros  Apropriados,15.840855663630983
2011-06-01,II - Operações do mercado com o Banco Central,0.0
2011-06-01,II.1 - Transferência de carteira 11,0.0
2011-06-01,Total dos Fatores (I + II),59.1462559633577
2011-06-01,Variação Nominal,59.1462559633577
2011-07-01,- Cancelamentos (DPMFi),-0.00564181479
2011-07-01,- Emissões (DPFe) 5,0.9564934799519419
2011-07-01,- Emissões Diretas (DPMFi) 4,0.55748472296
2011-07-01,- Emissões Oferta Pública (DPMFi) 2,36.62222382731
2011-07-01,- Juros Apropriados da DPFe 10,0.6506002174149835
2011-07-01,- Juros Apropriados da DPMFi 9,14.43861713616994
2011-07-01,- Pagamentos Correntes (DPFe),-2.0169782429500005
2011-07-01,- Pagamentos Correntes (DPMFi) 6,-121.26685406549
2011-07-01,- Resgates Antecipados (DPFe) 8,-0.9237600774499999
2011-07-01,DPFe,75.97267634249876
2011-07-01,DPFe,74.63903171946568
2011-07-01,DPFe,-1.3336446230330767
2011-07-01,DPMFi,1729.46123670214
2011-07-01,DPMFi,1659.8070665082998
2011-07-01,DPMFi,-69.65417019384005
2011-07-01,Estoque anterior1,1805.4339130446388
2011-07-01,Estoque mês em análise,1734.4460982277656
2011-07-01,I - Gestão da Dívida - TN (I.1 + I.2),-70.98781481687313
2011-07-01,I.1 - Emissão/Resgate Líquido,-86.07703217045805
2011-07-01,I.1.1 - Emissões,38.13620203022194
2011-07-01,I.1.2 - Resgates,-124.21323420068
2011-07-01,I.2 - Juros  Apropriados,15.089217353584923
2011-07-01,II - Operações do mercado com o Banco Central,0.0
2011-07-01,II.1 - Transferência de carteira 11,0.0
2011-07-01,Total dos Fatores (I + II),-70.98781481687313
2011-07-01,Variação Nominal,-70.98781481687313
2011-08-01,- Cancelamentos (DPMFi),-0.47321596088
2011-08-01,- Emissões (DPFe) 5,0.017392345764920002
2011-08-01,- Emissões Diretas (DPMFi) 4,2.1650598436399995
2011-08-01,- Emissões Oferta Pública (DPMFi) 2,21.34665756908
2011-08-01,- Juros Apropriados da DPFe 10,1.9362173494083927
2011-08-01,- Juros Apropriados da DPMFi 9,16.809943181330144
2011-08-01,- Pagamentos Correntes (DPFe),-1.15811228709
2011-08-01,- Pagamentos Correntes (DPMFi) 6,-6.697998919370001
2011-08-01,- Resgates Antecipados (DPFe) 8,0.0
2011-08-01,DPFe,74.63903171946568
2011-08-01,DPFe,75.434529127549
2011-08-01,DPFe,0.7954974080833199
2011-08-01,DPMFi,1659.8070665082998
2011-08-01,DPMFi,1692.9575122221001
2011-08-01,DPMFi,33.150445713800146
2011-08-01,Estoque anterior1,1734.4460982277656
2011-08-01,Estoque mês em análise,1768.392041349649
2011-08-01,I - Gestão da Dívida - TN (I.1 + I.2),33.94594312188347
2011-08-01,I.1 - Emissão/Resgate Líquido,15.199782591144922
2011-08-01,I.1.1 - Emissões,23.529109758484925
2011-08-01,I.1.2 - Resgates,-8.32932716734
2011-08-01,I.2 - Juros  Apropriados,18.74616053073854
2011-08-01,II - Operações do mercado com o Banco Central,0.0
2011-08-01,II.1 - Transferência de carteira 11,0.0
2011-08-01,Total dos Fatores (I + II),33.94594312188347
2011-08-01,Variação Nominal,33.94594312188347
2011-09-01,- Cancelamentos (DPMFi),-0.01514386333
2011-09-01,- Emissões (DPFe) 5,0.052719521864553004
2011-09-01,- Emissões Diretas (DPMFi) 4,0.5264948898799999
2011-09-01,- Emissões Oferta Pública (DPMFi) 2,21.39042329142
2011-09-01,- Juros Apropriados da DPFe 10,11.011486508574123
2011-09-01,- Juros Apropriados da DPMFi 9,17.662186682390065
2011-09-01,- Pagamentos Correntes (DPFe),-0.55160239001
2011-09-01,- Pagamentos Correntes (DPMFi) 6,-8.60317052127
2011-09-01,- Resgates Antecipados (DPFe) 8,-1.12581355066
2011-09-01,DPFe,75.434529127549
2011-09-01,DPFe,84.82131921731768
2011-09-01,DPFe,9.386790089768677
2011-09-01,DPMFi,1692.9575122221001
2011-09-01,DPMFi,1723.9183027011902
2011-09-01,DPMFi,30.960790479090065
2011-09-01,Estoque anterior1,1768.392041349649
2011-09-01,Estoque mês em análise,1808.739621918508
2011-09-01,I - Gestão da Dívida - TN (I.1 + I.2),40.347580568858746
2011-09-01,I.1 - Emissão/Resgate Líquido,11.673907377894553
2011-09-01,I.1.1 - Emissões,21.969637703164555
2011-09-01,I.1.2 - Resgates,-10.29573032527
2011-09-01,I.2 - Juros  Apropriados,28.673673190964188
2011-09-01,II - Operações do mercado com o Banco Central,0.0
2011-09-01,II.1 - Transferência de carteira 11,0.0
2011-09-01,Total dos Fatores (I + II),40.347580568858746
2011-09-01,Variação Nominal,40.347580568858746
2011-10-01,- Cancelamentos (DPMFi),-0.00495844106
2011-10-01,- Emissões (DPFe) 5,0.02690249097248
2011-10-01,- Emissões Diretas (DPMFi) 4,0.88797760645
2011-10-01,- Emissões Oferta Pública (DPMFi) 2,22.18048490238
2011-10-01,- Juros Apropriados da DPFe 10,-5.723419151952357
2011-10-01,- Juros Apropriados da DPMFi 9,15.37050917741991
2011-10-01,- Pagamentos Correntes (DPFe),-5.18768299197
2011-10-01,- Pagamentos Correntes (DPMFi) 6,-29.72751571193
2011-10-01,- Resgates Antecipados (DPFe) 8,0.0
2011-10-01,DPFe,84.82131921731768
2011-10-01,DPFe,73.93711956436779
2011-10-01,DPFe,-10.884199652949887
2011-10-01,DPMFi,1723.9183027011902
2011-10-01,DPMFi,1732.62480023445
2011-10-01,DPMFi,8.706497533259913
2011-10-01,Estoque anterior1,1808.739621918508
2011-10-01,Estoque mês em análise,1806.5619197988178
2011-10-01,I - Gestão da Dívida - TN (I.1 + I.2),-2.1777021196899677
2011-10-01,I.1 - Emissão/Resgate Líquido,-11.82479214515752
2011-10-01,I.1.1 - Emissões,23.09536499980248
2011-10-01,I.1.2 - Resgates,-34.92015714496
2011-10-01,I.2 - Juros  Apropriados,9.647090025467552
2011-10-01,II - Operações do mercado com o Banco Central,0.0
2011-10-01,II.1 - Transferência de carteira 11,0.0
2011-10-01,Total dos Fatores (I + II),-2.1777021196899677
2011-10-01,Variação Nominal,-2.177702119689973
2011-11-01,- Cancelamentos (DPMFi),-0.006975526310000001
2011-11-01,- Emissões (DPFe) 5,2.7359389451962204
2011-11-01,- Emissões Diretas (DPMFi) 4,0.16012611141000002
2011-11-01,- Emissões Oferta Pública (DPMFi) 2,27.10741413554
2011-11-01,- Juros Apropriados da DPFe 10,4.710517824526691
2011-11-01,- Juros Apropriados da DPMFi 9,16.600866403010084
2011-11-01,- Pagamentos Correntes (DPFe),-0.35667830006999995
2011-11-01,- Pagamentos Correntes (DPMFi) 6,-23.872843719069998
2011-11-01,- Resgates Antecipados (DPFe) 8,-0.10173446741999999
2011-11-01,DPFe,73.93711956436779
2011-11-01,DPFe,80.9251635666007
2011-11-01,DPFe,6.988044002232913
2011-11-01,DPMFi,1732.62480023445
2011-11-01,DPMFi,1752.6133876390302
2011-11-01,DPMFi,19.988587404580088
2011-11-01,Estoque anterior1,1806.5619197988178
2011-11-01,Estoque mês em análise,1833.538551205631
2011-11-01,I - Gestão da Dívida - TN (I.1 + I.2),26.976631406813
2011-11-01,I.1 - Emissão/Resgate Líquido,5.665247179276222
2011-11-01,I.1.1 - Emissões,30.003479192146223
2011-11-01,I.1.2 - Resgates,-24.33823201287
2011-11-01,I.2 - Juros  Apropriados,21.311384227536774
2011-11-01,II - Operações do mercado com o Banco Central,0.0
2011-11-01,II.1 - Transferência de carteira 11,0.0
2011-11-01,Total dos Fatores (I + II),26.976631406813
2011-11-01,Variação Nominal,26.976631406813002
2011-12-01,- Cancelamentos (DPMFi),-0.00607525201
2011-12-01,- Emissões (DPFe) 5,0.288145131834608
2011-12-01,- Emissões Diretas (DPMFi) 4,16.533012165590005
2011-12-01,- Emissões Oferta Pública (DPMFi) 2,17.882410252870002
2011-12-01,- Juros Apropriados da DPFe 10,2.587652985593044
2011-12-01,- Juros Apropriados da DPMFi 9,17.485378373689866
2011-12-01,- Pagamentos Correntes (DPFe),-0.50833536789
2011-12-01,- Pagamentos Correntes (DPMFi) 6,-21.44747749983
2011-12-01,- Resgates Antecipados (DPFe) 8,0.0
2011-12-01,DPFe,80.9251635666007
2011-12-01,DPFe,83.2926263161384
2011-12-01,DPFe,2.3674627495376916
2011-12-01,DPMFi,1752.6133876390302
2011-12-01,DPMFi,1783.06063567934
2011-12-01,DPMFi,30.447248040309873
2011-12-01,Estoque anterior1,1833.538551205631
2011-12-01,Estoque mês em análise,1866.3532619954783
2011-12-01,I - Gestão da Dívida - TN (I.1 + I.2),32.814710789847524
2011-12-01,I.1 - Emissão/Resgate Líquido,12.741679430564611
2011-12-01,I.1.1 - Emissões,34.70356755029461
2011-12-01,I.1.2 - Resgates,-21.96188811973
2011-12-01,I.2 - Juros  Apropriados,20.07303135928291
2011-12-01,II - Operações do mercado com o Banco Central,0.0
2011-12-01,II.1 - Transferência de carteira 11,0.0
2011-12-01,Total dos Fatores (I + II),32.814710789847524
2011-12-01,Variação Nominal,32.81471078984757
2012-01-01,- Cancelamentos (DPMFi),-0.13867443660999998
2012-01-01,- Emissões (DPFe) 5,1.7506601843975003
2012-01-01,- Emissões Diretas (DPMFi) 4,10.39885595879
2012-01-01,- Emissões Oferta Pública (DPMFi) 2,25.939120167280002
2012-01-01,- Juros Apropriados da DPFe 10,-4.950481951357819
2012-01-01,- Juros Apropriados da DPMFi 9,15.786799079310066
2012-01-01,- Pagamentos Correntes (DPFe),-3.29862286771
2012-01-01,- Pagamentos Correntes (DPMFi) 6,-110.72626943132
2012-01-01,- Resgates Antecipados (DPFe) 8,0.0
2012-01-01,DPFe,83.2926263161384
2012-01-01,DPFe,76.79418168146805
2012-01-01,DPFe,-6.498444634670348
2012-01-01,DPMFi,1783.06063567934
2012-01-01,DPMFi,1724.3204670167938
2012-01-01,DPMFi,-58.7401686625462
2012-01-01,Estoque anterior1,1866.3532619954783
2012-01-01,Estoque mês em análise,1801.114648698262
2012-01-01,I - Gestão da Dívida - TN (I.1 + I.2),-65.23861329722025
2012-01-01,I.1 - Emissão/Resgate Líquido,-76.0749304251725
2012-01-01,I.1.1 - Emissões,38.08863631046751
2012-01-01,I.1.2 - Resgates,-114.16356673564
2012-01-01,I.2 - Juros  Apropriados,10.836317127952247
2012-01-01,II - Operações do mercado com o Banco Central,0.0
2012-01-01,II.1 - Transferência de carteira 11,0.0
2012-01-01,Total dos Fatores (I + II),-65.23861329722025
2012-01-01,Variação Nominal,-65.23861329721636
2012-02-01,- Cancelamentos (DPMFi),-61.200957229580006
2012-02-01,- Emissões (DPFe) 5,0.00715512134
2012-02-01,- Emissões Diretas (DPMFi) 4,63.24919305148999
2012-02-01,- Emissões Oferta Pública (DPMFi) 2,25.82225619004
2012-02-01,- Juros Apropriados da DPFe 10,-0.5369145966989416
2012-02-01,- Juros Apropriados da DPMFi 9,16.81057611829992
2012-02-01,- Pagamentos Correntes (DPFe),-0.41321368216000004
2012-02-01,- Pagamentos Correntes (DPMFi) 6,-8.814967747119999
2012-02-01,- Resgates Antecipados (DPFe) 8,0.0
2012-02-01,DPFe,76.79418168146805
2012-02-01,DPFe,75.8512085239491
2012-02-01,DPFe,-0.9429731575189507
2012-02-01,DPMFi,1724.3204670167938
2012-02-01,DPMFi,1760.18656739992
2012-02-01,DPMFi,35.866100383126174
2012-02-01,Estoque anterior1,1801.114648698262
2012-02-01,Estoque mês em análise,1836.037775923869
2012-02-01,I - Gestão da Dívida - TN (I.1 + I.2),34.92312722561097
2012-02-01,I.1 - Emissão/Resgate Líquido,18.649465704009984
2012-02-01,I.1.1 - Emissões,89.07860436286998
2012-02-01,I.1.2 - Resgates,-70.42913865886
2012-02-01,I.2 - Juros  Apropriados,16.273661521600978
2012-02-01,II - Operações do mercado com o Banco Central,0.0
2012-02-01,II.1 - Transferência de carteira 11,0.0
2012-02-01,Total dos Fatores (I + II),34.92312722561097
2012-02-01,Variação Nominal,34.92312722560717
2012-03-01,- Cancelamentos (DPMFi),-0.01467328621
2012-03-01,- Emissões (DPFe) 5,0.01608591415
2012-03-01,- Emissões Diretas (DPMFi) 4,0.49305842418
2012-03-01,- Emissões Oferta Pública (DPMFi) 2,26.819551154510002
2012-03-01,- Juros Apropriados da DPFe 10,4.870560203640977
2012-03-01,- Juros Apropriados da DPMFi 9,17.006586429490063
2012-03-01,- Pagamentos Correntes (DPFe),-0.34457970735000004
2012-03-01,- Pagamentos Correntes (DPMFi) 6,-28.589872066719998
2012-03-01,- Resgates Antecipados (DPFe) 8,-0.36071136528
2012-03-01,DPFe,75.8512085239491
2012-03-01,DPFe,80.03256356911011
2012-03-01,DPFe,4.181355045161006
2012-03-01,DPMFi,1760.18656739992
2012-03-01,DPMFi,1775.90121805517
2012-03-01,DPMFi,15.714650655250065
2012-03-01,Estoque anterior1,1836.037775923869
2012-03-01,Estoque mês em análise,1855.93378162428
2012-03-01,I - Gestão da Dívida - TN (I.1 + I.2),19.89600570041104
2012-03-01,I.1 - Emissão/Resgate Líquido,-1.981140932719998
2012-03-01,I.1.1 - Emissões,27.32869549284
2012-03-01,I.1.2 - Resgates,-29.30983642556
2012-03-01,I.2 - Juros  Apropriados,21.87714663313104
2012-03-01,II - Operações do mercado com o Banco Central,0.0
2012-03-01,II.1 - Transferência de carteira 11,0.0
2012-03-01,Total dos Fatores (I + II),19.89600570041104
2012-03-01,Variação Nominal,19.89600570041104
2012-04-01,- Cancelamentos (DPMFi),-0.00118110713
2012-04-01,- Emissões (DPFe) 5,3.13331846
2012-04-01,- Emissões Diretas (DPMFi) 4,0.61939997566
2012-04-01,- Emissões Oferta Pública (DPMFi) 2,29.026957889499997
2012-04-01,- Juros Apropriados da DPFe 10,3.171708146687028
2012-04-01,- Juros Apropriados da DPMFi 9,14.36910997143989
2012-04-01,- Pagamentos Correntes (DPFe),-0.60442291286
2012-04-01,- Pagamentos Correntes (DPMFi) 6,-25.20737353161
2012-04-01,- Resgates Antecipados (DPFe) 8,0.0
2012-04-01,DPFe,80.03256356911011
2012-04-01,DPFe,85.7331672629371
2012-04-01,DPFe,5.700603693826997
2012-04-01,DPMFi,1775.90121805517
2012-04-01,DPMFi,1794.70813125303
2012-04-01,DPMFi,18.80691319785989
2012-04-01,Estoque anterior1,1855.93378162428
2012-04-01,Estoque mês em análise,1880.441298515967
2012-04-01,I - Gestão da Dívida - TN (I.1 + I.2),24.50751689168692
2012-04-01,I.1 - Emissão/Resgate Líquido,6.966698773560001
2012-04-01,I.1.1 - Emissões,32.77967632516
2012-04-01,I.1.2 - Resgates,-25.812977551599996
2012-04-01,I.2 - Juros  Apropriados,17.540818118126918
2012-04-01,II - Operações do mercado com o Banco Central,0.0
2012-04-01,II.1 - Transferência de carteira 11,0.0
2012-04-01,Total dos Fatores (I + II),24.50751689168692
2012-04-01,Variação Nominal,24.507516891686887
2012-05-01,- Cancelamentos (DPMFi),-0.00013659735
2012-05-01,- Emissões (DPFe) 5,0.10947249346000001
2012-05-01,- Emissões Diretas (DPMFi) 4,0.27520408142999997
2012-05-01,- Emissões Oferta Pública (DPMFi) 2,27.5138877504
2012-05-01,- Juros Apropriados da DPFe 10,5.608916240813111
2012-05-01,- Juros Apropriados da DPMFi 9,18.443663485600005
2012-05-01,- Pagamentos Correntes (DPFe),-0.36352554046
2012-05-01,- Pagamentos Correntes (DPMFi) 6,-7.82049370855
2012-05-01,- Resgates Antecipados (DPFe) 8,-2.181403767573184
2012-05-01,DPFe,85.7331672629371
2012-05-01,DPFe,88.906626689177
2012-05-01,DPFe,3.173459426239904
2012-05-01,DPMFi,1794.70813125303
2012-05-01,DPMFi,1833.1202562645599
2012-05-01,DPMFi,38.41212501153001
2012-05-01,Estoque anterior1,1880.441298515967
2012-05-01,Estoque mês em análise,1922.026882953737
2012-05-01,I - Gestão da Dívida - TN (I.1 + I.2),41.58558443776994
2012-05-01,I.1 - Emissão/Resgate Líquido,17.533004711356817
2012-05-01,I.1.1 - Emissões,27.89856432529
2012-05-01,I.1.2 - Resgates,-10.365559613933183
2012-05-01,I.2 - Juros  Apropriados,24.052579726413118
2012-05-01,II - Operações do mercado com o Banco Central,0.0
2012-05-01,II.1 - Transferência de carteira 11,0.0
2012-05-01,Total dos Fatores (I + II),41.58558443776994
2012-05-01,Variação Nominal,41.58558443776991
2012-06-01,- Cancelamentos (DPMFi),-44.197717594189996
2012-06-01,- Emissões (DPFe) 5,0.16034603051
2012-06-01,- Emissões Diretas (DPMFi) 4,57.38394134714
2012-06-01,- Emissões Oferta Pública (DPMFi) 2,22.563839746209997
2012-06-01,- Juros Apropriados da DPFe 10,0.6916497531855859
2012-06-01,- Juros Apropriados da DPMFi 9,13.759708735090099
2012-06-01,- Pagamentos Correntes (DPFe),-0.6914024487500001
2012-06-01,- Pagamentos Correntes (DPMFi) 6,-0.97804022211
2012-06-01,- Resgates Antecipados (DPFe) 8,-0.0175904052
2012-06-01,DPFe,88.906626689177
2012-06-01,DPFe,89.04962961892261
2012-06-01,DPFe,0.1430029297456058
2012-06-01,DPMFi,1833.1202562645599
2012-06-01,DPMFi,1881.6519882767
2012-06-01,DPMFi,48.5317320121401
2012-06-01,Estoque anterior1,1922.026882953737
2012-06-01,Estoque mês em análise,1970.7016178956228
2012-06-01,I - Gestão da Dívida - TN (I.1 + I.2),48.67473494188569
2012-06-01,I.1 - Emissão/Resgate Líquido,34.22337645361001
2012-06-01,I.1.1 - Emissões,80.10812712386
2012-06-01,I.1.2 - Resgates,-45.88475067024999
2012-06-01,I.2 - Juros  Apropriados,14.451358488275684
2012-06-01,II - Operações do mercado com o Banco Central,0.0
2012-06-01,II.1 - Transferência de carteira 11,0.0
2012-06-01,Total dos Fatores (I + II),48.67473494188569
2012-06-01,Variação Nominal,48.6747349418857
2012-07-01,- Cancelamentos (DPMFi),-0.09474568364
2012-07-01,- Emissões (DPFe) 5,0.17900678002
2012-07-01,- Emissões Diretas (DPMFi) 4,0.45277363134
2012-07-01,- Emissões Oferta Pública (DPMFi) 2,32.95747359242
2012-07-01,- Juros Apropriados da DPFe 10,1.4227298490660296
2012-07-01,- Juros Apropriados da DPMFi 9,14.146285815089941
2012-07-01,- Pagamentos Correntes (DPFe),-2.00942145049
2012-07-01,- Pagamentos Correntes (DPMFi) 6,-140.71316950511002
2012-07-01,- Resgates Antecipados (DPFe) 8,-0.23010293779
2012-07-01,DPFe,89.04962961892261
2012-07-01,DPFe,88.41184185972861
2012-07-01,DPFe,-0.6377877591940051
2012-07-01,DPMFi,1881.6519882767
2012-07-01,DPMFi,1788.4006061267999
2012-07-01,DPMFi,-93.25138214990008
2012-07-01,Estoque anterior1,1970.7016178956228
2012-07-01,Estoque mês em análise,1876.8124479865285
2012-07-01,I - Gestão da Dívida - TN (I.1 + I.2),-93.88916990909405
2012-07-01,I.1 - Emissão/Resgate Líquido,-109.45818557325002
2012-07-01,I.1.1 - Emissões,33.58925400378
2012-07-01,I.1.2 - Resgates,-143.04743957703002
2012-07-01,I.2 - Juros  Apropriados,15.56901566415597
2012-07-01,II - Operações do mercado com o Banco Central,0.0
2012-07-01,II.1 - Transferência de carteira 11,0.0
2012-07-01,Total dos Fatores (I + II),-93.88916990909405
2012-07-01,Variação Nominal,-93.88916990909408
2012-08-01,- Cancelamentos (DPMFi),-0.0064428709599999995
2012-08-01,- Emissões (DPFe) 5,0.10239349602999999
2012-08-01,- Emissões Diretas (DPMFi) 4,0.11809446886000001
2012-08-01,- Emissões Oferta Pública (DPMFi) 2,24.75612477573
2012-08-01,- Juros Apropriados da DPFe 10,0.2746109066077482
2012-08-01,- Juros Apropriados da DPMFi 9,18.793730269557916
2012-08-01,- Pagamentos Correntes (DPFe),-0.36099031604
2012-08-01,- Pagamentos Correntes (DPMFi) 6,-53.18531950362
2012-08-01,- Resgates Antecipados (DPFe) 8,0.0
2012-08-01,DPFe,88.41184185972861
2012-08-01,DPFe,88.42785594632639
2012-08-01,DPFe,0.016014086597788264
2012-08-01,DPMFi,1788.4006061267999
2012-08-01,DPMFi,1778.876793266368
2012-08-01,DPMFi,-9.52381286043208
2012-08-01,Estoque anterior1,1876.8124479865285
2012-08-01,Estoque mês em análise,1867.3046492126944
2012-08-01,I - Gestão da Dívida - TN (I.1 + I.2),-9.507798773834336
2012-08-01,I.1 - Emissão/Resgate Líquido,-28.57613995
2012-08-01,I.1.1 - Emissões,24.97661274062
2012-08-01,I.1.2 - Resgates,-53.55275269062
2012-08-01,I.2 - Juros  Apropriados,19.068341176165664
2012-08-01,II - Operações do mercado com o Banco Central,0.0
2012-08-01,II.1 - Transferência de carteira 11,0.0
2012-08-01,Total dos Fatores (I + II),-9.507798773834336
2012-08-01,Variação Nominal,-9.507798773834292
2012-09-01,- Cancelamentos (DPMFi),-0.0034078809900000002
2012-09-01,- Emissões (DPFe) 5,2.83009518536
2012-09-01,- Emissões Diretas (DPMFi) 4,21.446813933869993
2012-09-01,- Emissões Oferta Pública (DPMFi) 2,31.4235532522
2012-09-01,- Juros Apropriados da DPFe 10,0.5569876504026711
2012-09-01,- Juros Apropriados da DPMFi 9,13.567217947402185
2012-09-01,- Pagamentos Correntes (DPFe),-2.7501614997400003
2012-09-01,- Pagamentos Correntes (DPMFi) 6,-29.28508676606
2012-09-01,- Resgates Antecipados (DPFe) 8,-0.13382917036145
2012-09-01,DPFe,88.42785594632639
2012-09-01,DPFe,88.93094811198762
2012-09-01,DPFe,0.5030921656612191
2012-09-01,DPMFi,1778.876793266368
2012-09-01,DPMFi,1816.0258837527933
2012-09-01,DPMFi,37.14909048642544
2012-09-01,Estoque anterior1,1867.3046492126944
2012-09-01,Estoque mês em análise,1904.956831864781
2012-09-01,I - Gestão da Dívida - TN (I.1 + I.2),37.6521826520834
2012-09-01,I.1 - Emissão/Resgate Líquido,23.527977054278548
2012-09-01,I.1.1 - Emissões,55.70046237142999
2012-09-01,I.1.2 - Resgates,-32.17248531715145
2012-09-01,I.2 - Juros  Apropriados,14.124205597804856
2012-09-01,II - Operações do mercado com o Banco Central,0.0
2012-09-01,II.1 - Transferência de carteira 11,0.0
2012-09-01,Total dos Fatores (I + II),37.6521826520834
2012-09-01,Variação Nominal,37.65218265208666
2012-10-01,- Cancelamentos (DPMFi),-0.011772014289999999
2012-10-01,- Emissões (DPFe) 5,0.23029386567999996
2012-10-01,- Emissões Diretas (DPMFi) 4,20.38583875615
2012-10-01,- Emissões Oferta Pública (DPMFi) 2,25.881134890509998
2012-10-01,- Juros Apropriados da DPFe 10,0.7369215255440128
2012-10-01,- Juros Apropriados da DPMFi 9,15.7241953561999
2012-10-01,- Pagamentos Correntes (DPFe),-0.61978135955
2012-10-01,- Pagamentos Correntes (DPMFi) 6,-23.43902702809
2012-10-01,- Resgates Antecipados (DPFe) 8,0.0
2012-10-01,DPFe,88.93094811198762
2012-10-01,DPFe,89.27838214366163
2012-10-01,DPFe,0.34743403167401266
2012-10-01,DPMFi,1816.0258837527933
2012-10-01,DPMFi,1854.5662537132682
2012-10-01,DPMFi,38.54036996047501
2012-10-01,Estoque anterior1,1904.956831864781
2012-10-01,Estoque mês em análise,1943.84463585693
2012-10-01,I - Gestão da Dívida - TN (I.1 + I.2),38.88780399215392
2012-10-01,I.1 - Emissão/Resgate Líquido,22.426687110410004
2012-10-01,I.1.1 - Emissões,46.49726751234
2012-10-01,I.1.2 - Resgates,-24.070580401930002
2012-10-01,I.2 - Juros  Apropriados,16.461116881743912
2012-10-01,II - Operações do mercado com o Banco Central,0.0
2012-10-01,II.1 - Transferência de carteira 11,0.0
2012-10-01,Total dos Fatores (I + II),38.88780399215392
2012-10-01,Variação Nominal,38.887803992149024
2012-11-01,- Cancelamentos (DPMFi),-0.00096881384
2012-11-01,- Emissões (DPFe) 5,0.38117454626
2012-11-01,- Emissões Diretas (DPMFi) 4,0.33306385803000005
2012-11-01,- Emissões Oferta Pública (DPMFi) 2,22.838850562029997
2012-11-01,- Juros Apropriados da DPFe 10,3.910947924667014
2012-11-01,- Juros Apropriados da DPMFi 9,16.546985968400083
2012-11-01,- Pagamentos Correntes (DPFe),-0.41251991918
2012-11-01,- Pagamentos Correntes (DPMFi) 6,-22.05734744105
2012-11-01,- Resgates Antecipados (DPFe) 8,-0.167472192180045
2012-11-01,DPFe,89.27838214366163
2012-11-01,DPFe,92.99051250322863
2012-11-01,DPFe,3.7121303595670034
2012-11-01,DPMFi,1854.5662537132682
2012-11-01,DPMFi,1872.2268378468373
2012-11-01,DPMFi,17.660584133568918
2012-11-01,Estoque anterior1,1943.84463585693
2012-11-01,Estoque mês em análise,1965.2173503500658
2012-11-01,I - Gestão da Dívida - TN (I.1 + I.2),21.372714493137053
2012-11-01,I.1 - Emissão/Resgate Líquido,0.9147806000699565
2012-11-01,I.1.1 - Emissões,23.55308896632
2012-11-01,I.1.2 - Resgates,-22.638308366250044
2012-11-01,I.2 - Juros  Apropriados,20.457933893067096
2012-11-01,II - Operações do mercado com o Banco Central,0.0
2012-11-01,II.1 - Transferência de carteira 11,0.0
2012-11-01,Total dos Fatores (I + II),21.372714493137053
2012-11-01,Variação Nominal,21.372714493135923
2012-12-01,- Cancelamentos (DPMFi),-0.016618199900000002
2012-12-01,- Emissões (DPFe) 5,0.75477761481
2012-12-01,- Emissões Diretas (DPMFi) 4,16.02389329619
2012-12-01,- Emissões Oferta Pública (DPMFi) 2,26.26926911109
2012-12-01,- Juros Apropriados da DPFe 10,-1.6779109362303197
2012-12-01,- Juros Apropriados da DPMFi 9,18.864380026019923
2012-12-01,- Pagamentos Correntes (DPFe),-0.62545153732
2012-12-01,- Pagamentos Correntes (DPMFi) 6,-16.65848579282
2012-12-01,- Resgates Antecipados (DPFe) 8,-0.16621686510999997
2012-12-01,DPFe,92.99051250322863
2012-12-01,DPFe,91.27571077937827
2012-12-01,DPFe,-1.7148017238503526
2012-12-01,DPMFi,1872.2268378468373
2012-12-01,DPMFi,1916.7092762874179
2012-12-01,DPMFi,44.48243844058062
2012-12-01,Estoque anterior1,1965.2173503500658
2012-12-01,Estoque mês em análise,2007.984987066796
2012-12-01,I - Gestão da Dívida - TN (I.1 + I.2),42.76763671672961
2012-12-01,I.1 - Emissão/Resgate Líquido,25.581167626940005
2012-12-01,I.1.1 - Emissões,43.04794002209
2012-12-01,I.1.2 - Resgates,-17.466772395150002
2012-12-01,I.2 - Juros  Apropriados,17.186469089789604
2012-12-01,II - Operações do mercado com o Banco Central,0.0
2012-12-01,II.1 - Transferência de carteira 11,0.0
2012-12-01,Total dos Fatores (I + II),42.76763671672961
2012-12-01,Variação Nominal,42.767636716730266
2013-01-01,- Cancelamentos (DPMFi),-0.00308786645
2013-01-01,- Emissões (DPFe) 5,0.01700080915
2013-01-01,- Emissões Diretas (DPMFi) 4,0.20235836810000002
2013-01-01,- Emissões Oferta Pública (DPMFi) 2,23.48940195201
2013-01-01,- Juros Apropriados da DPFe 10,-1.1641118540769066
2013-01-01,- Juros Apropriados da DPMFi 9,17.16202553769015
2013-01-01,- Pagamentos Correntes (DPFe),-2.09118001624
2013-01-01,- Pagamentos Correntes (DPMFi) 6,-119.79220108509999
2013-01-01,- Resgates Antecipados (DPFe) 8,0.0
2013-01-01,- Trocas Ofertas Públicas (DPMFi)3,1.86800000603
2013-01-01,- Trocas Ofertas Públicas (DPMFi)3,-1.86795839687
2013-01-01,DPFe,91.27571077937827
2013-01-01,DPFe,88.03741971821137
2013-01-01,DPFe,-3.238291061166907
2013-01-01,DPMFi,1916.7092762874179
2013-01-01,DPMFi,1837.7678148028285
2013-01-01,DPMFi,-78.94146148458938
2013-01-01,Estoque anterior1,2007.984987066796
2013-01-01,Estoque mês em análise,1925.8052345210397
2013-01-01,I - Gestão da Dívida - TN (I.1 + I.2),-82.17975254575677
2013-01-01,I.1 - Emissão/Resgate Líquido,-98.17766622937
2013-01-01,I.1.1 - Emissões,25.57676113529
2013-01-01,I.1.2 - Resgates,-123.75442736466
2013-01-01,I.2 - Juros  Apropriados,15.997913683613241
2013-01-01,II - Operações do mercado com o Banco Central,0.0
2013-01-01,II.1 - Transferência de carteira 11,0.0
2013-01-01,Total dos Fatores (I + II),-82.17975254575677
2013-01-01,Variação Nominal,-82.17975254575629
2013-02-01,- Cancelamentos (DPMFi),-0.013902154060000001
2013-02-01,- Emissões (DPFe) 5,0.00052072235
2013-02-01,- Emissões Diretas (DPMFi) 4,0.37500019212
2013-02-01,- Emissões Oferta Pública (DPMFi) 2,21.980525073069998
2013-02-01,- Juros Apropriados da DPFe 10,-0.10954627452860302
2013-02-01,- Juros Apropriados da DPMFi 9,15.903412072037236
2013-02-01,- Pagamentos Correntes (DPFe),-0.44137854556
2013-02-01,- Pagamentos Correntes (DPMFi) 6,-11.91641866845
2013-02-01,- Resgates Antecipados (DPFe) 8,0.0
2013-02-01,- Trocas Ofertas Públicas (DPMFi)3,1.0317545022
2013-02-01,- Trocas Ofertas Públicas (DPMFi)3,-1.03173536318
2013-02-01,DPFe,88.03741971821137
2013-02-01,DPFe,87.48701562047276
2013-02-01,DPFe,-0.5504040977386175
2013-02-01,DPMFi,1837.7678148028285
2013-02-01,DPMFi,1864.0964504565673
2013-02-01,DPMFi,26.328635653738864
2013-02-01,Estoque anterior1,1925.8052345210397
2013-02-01,Estoque mês em análise,1951.5834660770402
2013-02-01,I - Gestão da Dívida - TN (I.1 + I.2),25.77823155599863
2013-02-01,I.1 - Emissão/Resgate Líquido,9.98436575849
2013-02-01,I.1.1 - Emissões,23.38780048974
2013-02-01,I.1.2 - Resgates,-13.40343473125
2013-02-01,I.2 - Juros  Apropriados,15.793865797508634
2013-02-01,II - Operações do mercado com o Banco Central,0.0
2013-02-01,II.1 - Transferência de carteira 11,0.0
2013-02-01,Total dos Fatores (I + II),25.77823155599863
2013-02-01,Variação Nominal,25.778231556000247
2013-03-01,- Cancelamentos (DPMFi),-0.00742250551
2013-03-01,- Emissões (DPFe) 5,0.00926852872
2013-03-01,- Emissões Diretas (DPMFi) 4,0.44211083509000004
2013-03-01,- Emissões Oferta Pública (DPMFi) 2,28.905728396679997
2013-03-01,- Juros Apropriados da DPFe 10,2.020765879248116
2013-03-01,- Juros Apropriados da DPMFi 9,15.908915091321228
2013-03-01,- Pagamentos Correntes (DPFe),-0.3594564299
2013-03-01,- Pagamentos Correntes (DPMFi) 6,-57.52104649455
2013-03-01,- Resgates Antecipados (DPFe) 8,-0.45448030404999995
2013-03-01,- Trocas Ofertas Públicas (DPMFi)3,3.7700880936399996
2013-03-01,- Trocas Ofertas Públicas (DPMFi)3,-3.7700657625200003
2013-03-01,DPFe,87.48701562047276
2013-03-01,DPFe,88.70311329449089
2013-03-01,DPFe,1.216097674018136
2013-03-01,DPMFi,1864.0964504565673
2013-03-01,DPMFi,1851.8247581107187
2013-03-01,DPMFi,-12.271692345848773
2013-03-01,Estoque anterior1,1951.5834660770402
2013-03-01,Estoque mês em análise,1940.5278714052095
2013-03-01,I - Gestão da Dívida - TN (I.1 + I.2),-11.05559467183065
2013-03-01,I.1 - Emissão/Resgate Líquido,-28.985275642399998
2013-03-01,I.1.1 - Emissões,33.127195854129994
2013-03-01,I.1.2 - Resgates,-62.11247149652999
2013-03-01,I.2 - Juros  Apropriados,17.929680970569343
2013-03-01,II - Operações do mercado com o Banco Central,0.0
2013-03-01,II.1 - Transferência de carteira 11,0.0
2013-03-01,Total dos Fatores (I + II),-11.05559467183065
2013-03-01,Variação Nominal,-11.055594671830637
2013-04-01,- Cancelamentos (DPMFi),-0.00226695708
2013-04-01,- Emissões (DPFe) 5,0.29360260151
2013-04-01,- Emissões Diretas (DPMFi) 4,0.65242079782
2013-04-01,- Emissões Oferta Pública (DPMFi) 2,36.59139264081999
2013-04-01,- Juros Apropriados da DPFe 10,0.3506317781067469
2013-04-01,- Juros Apropriados da DPMFi 9,15.576185370877427
2013-04-01,- Pagamentos Correntes (DPFe),-0.59759800866
2013-04-01,- Pagamentos Correntes (DPMFi) 6,-52.85319694729
2013-04-01,- Resgates Antecipados (DPFe) 8,-0.224574119948
2013-04-01,- Trocas Ofertas Públicas (DPMFi)3,1.8690152651100003
2013-04-01,- Trocas Ofertas Públicas (DPMFi)3,-1.8689959231
2013-04-01,DPFe,88.70311329449089
2013-04-01,DPFe,88.52517554549962
2013-04-01,DPFe,-0.1779377489912731
2013-04-01,DPMFi,1851.8247581107187
2013-04-01,DPMFi,1851.789312357876
2013-04-01,DPMFi,-0.035445752842584624
2013-04-01,Estoque anterior1,1940.5278714052095
2013-04-01,Estoque mês em análise,1940.3144879033757
2013-04-01,I - Gestão da Dívida - TN (I.1 + I.2),-0.21338350183384683
2013-04-01,I.1 - Emissão/Resgate Líquido,-16.14020065081802
2013-04-01,I.1.1 - Emissões,39.40643130525999
2013-04-01,I.1.2 - Resgates,-55.54663195607801
2013-04-01,I.2 - Juros  Apropriados,15.926817148984174
2013-04-01,II - Operações do mercado com o Banco Central,0.0
2013-04-01,II.1 - Transferência de carteira 11,0.0
2013-04-01,Total dos Fatores (I + II),-0.21338350183384683
2013-04-01,Variação Nominal,-0.21338350183385774
2013-05-01,- Cancelamentos (DPMFi),-0.0040985400099999994
2013-05-01,- Emissões (DPFe) 5,1.7273475823190878
2013-05-01,- Emissões Diretas (DPMFi) 4,2.46484094232
2013-05-01,- Emissões Oferta Pública (DPMFi) 2,27.62995739009
2013-05-01,- Juros Apropriados da DPFe 10,5.461151936875557
2013-05-01,- Juros Apropriados da DPMFi 9,16.65568600028395
2013-05-01,- Pagamentos Correntes (DPFe),-0.376681885752679
2013-05-01,- Pagamentos Correntes (DPMFi) 6,-57.93046150674
2013-05-01,- Resgates Antecipados (DPFe) 8,-0.747030859641716
2013-05-01,- Trocas Ofertas Públicas (DPMFi)3,6.03405815134
2013-05-01,- Trocas Ofertas Públicas (DPMFi)3,-6.0340440091600005
2013-05-01,DPFe,88.52517554549962
2013-05-01,DPFe,94.58996231929989
2013-05-01,DPFe,6.064786773800268
2013-05-01,DPMFi,1851.789312357876
2013-05-01,DPMFi,1840.6052507860036
2013-05-01,DPMFi,-11.184061571872327
2013-05-01,Estoque anterior1,1940.3144879033757
2013-05-01,Estoque mês em análise,1935.1952131053035
2013-05-01,I - Gestão da Dívida - TN (I.1 + I.2),-5.119274798075807
2013-05-01,I.1 - Emissão/Resgate Líquido,-27.236112735235313
2013-05-01,I.1.1 - Emissões,37.85620406606909
2013-05-01,I.1.2 - Resgates,-65.0923168013044
2013-05-01,I.2 - Juros  Apropriados,22.116837937159506
2013-05-01,II - Operações do mercado com o Banco Central,0.0
2013-05-01,II.1 - Transferência de carteira 11,0.0
2013-05-01,Total dos Fatores (I + II),-5.119274798075807
2013-05-01,Variação Nominal,-5.11927479807206
2013-06-01,- Cancelamentos (DPMFi),-0.00255386962
2013-06-01,- Emissões (DPFe) 5,0.030569710590000004
2013-06-01,- Emissões Diretas (DPMFi) 4,23.098965319419996
2013-06-01,- Emissões Oferta Pública (DPMFi) 2,34.4107694296
2013-06-01,- Juros Apropriados da DPFe 10,3.5941625060600693
2013-06-01,- Juros Apropriados da DPMFi 9,15.052570719149987
2013-06-01,- Pagamentos Correntes (DPFe),-1.5791112442352495
2013-06-01,- Pagamentos Correntes (DPMFi) 6,-18.50184512531
2013-06-01,- Resgates Antecipados (DPFe) 8,-5.71915906569801
2013-06-01,- Trocas Ofertas Públicas (DPMFi)3,3.9300158267999996
2013-06-01,- Trocas Ofertas Públicas (DPMFi)3,-3.9299980307099998
2013-06-01,DPFe,94.58996231929989
2013-06-01,DPFe,90.91642422601669
2013-06-01,DPFe,-3.6735380932831903
2013-06-01,DPMFi,1840.6052507860036
2013-06-01,DPMFi,1894.6631750553283
2013-06-01,DPMFi,54.05792426932464
2013-06-01,Estoque anterior1,1935.1952131053035
2013-06-01,Estoque mês em análise,1985.579599281345
2013-06-01,I - Gestão da Dívida - TN (I.1 + I.2),50.384386176046796
2013-06-01,I.1 - Emissão/Resgate Líquido,31.737652950836747
2013-06-01,I.1.1 - Emissões,61.47032028641
2013-06-01,I.1.2 - Resgates,-29.732667335573257
2013-06-01,I.2 - Juros  Apropriados,18.646733225210056
2013-06-01,II - Operações do mercado com o Banco Central,0.0
2013-06-01,II.1 - Transferência de carteira 11,0.0
2013-06-01,Total dos Fatores (I + II),50.384386176046796
2013-06-01,Variação Nominal,50.384386176041446
2013-07-01,- Cancelamentos (DPMFi),-0.00090822283
2013-07-01,- Emissões (DPFe) 5,0.7837670272
2013-07-01,- Emissões Diretas (DPMFi) 4,0.8539407527099999
2013-07-01,- Emissões Oferta Pública (DPMFi) 2,33.79191083288999
2013-07-01,- Juros Apropriados da DPFe 10,3.2701455341275323
2013-07-01,- Juros Apropriados da DPMFi 9,15.500392483480002
2013-07-01,- Pagamentos Correntes (DPFe),-2.2310170344495
2013-07-01,- Pagamentos Correntes (DPMFi) 6,-80.50189004191
2013-07-01,- Resgates Antecipados (DPFe) 8,-0.0411679742772017
2013-07-01,- Trocas Ofertas Públicas (DPMFi)3,2.66384632534
2013-07-01,- Trocas Ofertas Públicas (DPMFi)3,-2.66383148169
2013-07-01,DPFe,90.91642422601669
2013-07-01,DPFe,92.69815177861751
2013-07-01,DPFe,1.781727552600816
2013-07-01,DPMFi,1894.6631750553283
2013-07-01,DPMFi,1864.3066357033188
2013-07-01,DPMFi,-30.356539352009538
2013-07-01,Estoque anterior1,1985.579599281345
2013-07-01,Estoque mês em análise,1957.004787481936
2013-07-01,I - Gestão da Dívida - TN (I.1 + I.2),-28.574811799409158
2013-07-01,I.1 - Emissão/Resgate Líquido,-47.3453498170167
2013-07-01,I.1.1 - Emissões,38.09346493813999
2013-07-01,I.1.2 - Resgates,-85.43881475515668
2013-07-01,I.2 - Juros  Apropriados,18.770538017607535
2013-07-01,II - Operações do mercado com o Banco Central,0.0
2013-07-01,II.1 - Transferência de carteira 11,0.0
2013-07-01,Total dos Fatores (I + II),-28.574811799409158
2013-07-01,Variação Nominal,-28.57481179940872
2013-08-01,- Cancelamentos (DPMFi),-0.024981846529999997
2013-08-01,- Emissões (DPFe) 5,0.08740860753999999
2013-08-01,- Emissões Diretas (DPMFi) 4,1.4609759759299998
2013-08-01,- Emissões Oferta Pública (DPMFi) 2,32.88813508968
2013-08-01,- Juros Apropriados da DPFe 10,3.4070634668479416
2013-08-01,- Juros Apropriados da DPMFi 9,13.983258594126637
2013-08-01,- Pagamentos Correntes (DPFe),-0.35420982026000003
2013-08-01,- Pagamentos Correntes (DPMFi) 6,-16.7789321000503
2013-08-01,- Resgates Antecipados (DPFe) 8,0.0
2013-08-01,- Trocas Ofertas Públicas (DPMFi)3,5.893678026309999
2013-08-01,- Trocas Ofertas Públicas (DPMFi)3,-5.89365628217
2013-08-01,DPFe,92.69815177861751
2013-08-01,DPFe,95.83841403274546
2013-08-01,DPFe,3.140262254127956
2013-08-01,DPMFi,1864.3066357033188
2013-08-01,DPMFi,1895.835113160615
2013-08-01,DPMFi,31.528477457296336
2013-08-01,Estoque anterior1,1957.004787481936
2013-08-01,Estoque mês em análise,1991.6735271933605
2013-08-01,I - Gestão da Dívida - TN (I.1 + I.2),34.66873971142428
2013-08-01,I.1 - Emissão/Resgate Líquido,17.278417650449697
2013-08-01,I.1.1 - Emissões,40.330197699459994
2013-08-01,I.1.2 - Resgates,-23.0517800490103
2013-08-01,I.2 - Juros  Apropriados,17.390322060974576
2013-08-01,II - Operações do mercado com o Banco Central,0.0
2013-08-01,II.1 - Transferência de carteira 11,0.0
2013-08-01,Total dos Fatores (I + II),34.66873971142428
2013-08-01,Variação Nominal,34.668739711424294
2013-09-01,- Cancelamentos (DPMFi),-0.06605228878
2013-09-01,- Emissões (DPFe) 5,0.04516421534
2013-09-01,- Emissões Diretas (DPMFi) 4,2.4731366642399997
2013-09-01,- Emissões Oferta Pública (DPMFi) 2,52.30733236575001
2013-09-01,- Juros Apropriados da DPFe 10,-4.168894323261271
2013-09-01,- Juros Apropriados da DPMFi 9,15.190306337964305
2013-09-01,- Pagamentos Correntes (DPFe),-0.26590081828
2013-09-01,- Pagamentos Correntes (DPMFi) 6,-68.2281780056
2013-09-01,- Resgates Antecipados (DPFe) 8,-0.10439412845
2013-09-01,- Trocas Ofertas Públicas (DPMFi)3,1.19359355356
2013-09-01,- Trocas Ofertas Públicas (DPMFi)3,-1.19358549217
2013-09-01,DPFe,95.83841403274546
2013-09-01,DPFe,91.34438897809419
2013-09-01,DPFe,-4.494025054651283
2013-09-01,DPMFi,1895.835113160615
2013-09-01,DPMFi,1897.5116662955793
2013-09-01,DPMFi,1.6765531349643135
2013-09-01,Estoque anterior1,1991.6735271933605
2013-09-01,Estoque mês em análise,1988.8560552736735
2013-09-01,I - Gestão da Dívida - TN (I.1 + I.2),-2.8174719196869553
2013-09-01,I.1 - Emissão/Resgate Líquido,-13.838883934389989
2013-09-01,I.1.1 - Emissões,56.01922679889001
2013-09-01,I.1.2 - Resgates,-69.85811073328
2013-09-01,I.2 - Juros  Apropriados,11.021412014703033
2013-09-01,II - Operações do mercado com o Banco Central,0.0
2013-09-01,II.1 - Transferência de carteira 11,0.0
2013-09-01,Total dos Fatores (I + II),-2.8174719196869553
2013-09-01,Variação Nominal,-2.81747191968697
2013-10-01,- Cancelamentos (DPMFi),-0.00305143712
2013-10-01,- Emissões (DPFe) 5,0.18409437417000002
2013-10-01,- Emissões Diretas (DPMFi) 4,2.9336379117600004
2013-10-01,- Emissões Oferta Pública (DPMFi) 2,36.466918992310006
2013-10-01,- Juros Apropriados da DPFe 10,0.8668872870758159
2013-10-01,- Juros Apropriados da DPMFi 9,17.530248683220556
2013-10-01,- Pagamentos Correntes (DPFe),-0.50953026391
2013-10-01,- Pagamentos Correntes (DPMFi) 6,-20.77668463557
2013-10-01,- Resgates Antecipados (DPFe) 8,-3.03098394038
2013-10-01,- Trocas Ofertas Públicas (DPMFi)3,1.13515319656
2013-10-01,- Trocas Ofertas Públicas (DPMFi)3,-1.13513793319
2013-10-01,DPFe,91.34438897809419
2013-10-01,DPFe,88.85485643505001
2013-10-01,DPFe,-2.4895325430441737
2013-10-01,DPMFi,1897.5116662955793
2013-10-01,DPMFi,1933.6627510735461
2013-10-01,DPMFi,36.15108477796684
2013-10-01,Estoque anterior1,1988.8560552736735
2013-10-01,Estoque mês em análise,2022.5176075085963
2013-10-01,I - Gestão da Dívida - TN (I.1 + I.2),33.66155223492638
2013-10-01,I.1 - Emissão/Resgate Líquido,15.264416264630011
2013-10-01,I.1.1 - Emissões,40.71980447480001
2013-10-01,I.1.2 - Resgates,-25.45538821017
2013-10-01,I.2 - Juros  Apropriados,18.397135970296375
2013-10-01,II - Operações do mercado com o Banco Central,0.0
2013-10-01,II.1 - Transferência de carteira 11,0.0
2013-10-01,Total dos Fatores (I + II),33.66155223492638
2013-10-01,Variação Nominal,33.66155223492267
2013-11-01,- Cancelamentos (DPMFi),-0.11911878222
2013-11-01,- Emissões (DPFe) 5,7.34758731456
2013-11-01,- Emissões Diretas (DPMFi) 4,0.32889873651000007
2013-11-01,- Emissões Oferta Pública (DPMFi) 2,27.01499496342
2013-11-01,- Juros Apropriados da DPFe 10,6.291620598725148
2013-11-01,- Juros Apropriados da DPMFi 9,17.904109533357875
2013-11-01,- Pagamentos Correntes (DPFe),-0.26147255826000004
2013-11-01,- Pagamentos Correntes (DPMFi) 6,-6.569185083940001
2013-11-01,- Resgates Antecipados (DPFe) 8,-5.01259127552
2013-11-01,- Trocas Ofertas Públicas (DPMFi)3,2.3715707950434832
2013-11-01,- Trocas Ofertas Públicas (DPMFi)3,-2.3715495336899997
2013-11-01,DPFe,88.85485643505001
2013-11-01,DPFe,97.22000051455515
2013-11-01,DPFe,8.365144079505146
2013-11-01,DPMFi,1933.6627510735461
2013-11-01,DPMFi,1972.2224717020313
2013-11-01,DPMFi,38.55972062848508
2013-11-01,Estoque anterior1,2022.5176075085963
2013-11-01,Estoque mês em análise,2069.442472216587
2013-11-01,I - Gestão da Dívida - TN (I.1 + I.2),46.9248647079865
2013-11-01,I.1 - Emissão/Resgate Líquido,22.729134575903483
2013-11-01,I.1.1 - Emissões,37.06305180953348
2013-11-01,I.1.2 - Resgates,-14.33391723363
2013-11-01,I.2 - Juros  Apropriados,24.19573013208302
2013-11-01,II - Operações do mercado com o Banco Central,0.0
2013-11-01,II.1 - Transferência de carteira 11,0.0
2013-11-01,Total dos Fatores (I + II),46.9248647079865
2013-11-01,Variação Nominal,46.92486470799023
2013-12-01,- Cancelamentos (DPMFi),-0.02076972657
2013-12-01,- Emissões (DPFe) 5,0.06850565414000001
2013-12-01,- Emissões Diretas (DPMFi) 4,26.46216676398
2013-12-01,- Emissões Oferta Pública (DPMFi) 2,16.20362258608
2013-12-01,- Juros Apropriados da DPFe 10,3.088171758650349
2013-12-01,- Juros Apropriados da DPMFi 9,18.745850851708674
2013-12-01,- Pagamentos Correntes (DPFe),-0.6469060331
2013-12-01,- Pagamentos Correntes (DPMFi) 6,-5.48742247175
2013-12-01,- Resgates Antecipados (DPFe) 8,-5.0470577231
2013-12-01,- Trocas Ofertas Públicas (DPMFi)3,2.5167067563800005
2013-12-01,- Trocas Ofertas Públicas (DPMFi)3,-2.5166724242300003
2013-12-01,DPFe,97.22000051455515
2013-12-01,DPFe,94.6827141711455
2013-12-01,DPFe,-2.537286343409651
2013-12-01,DPMFi,1972.2224717020313
2013-12-01,DPMFi,2028.1259540376307
2013-12-01,DPMFi,55.90348233559937
2013-12-01,Estoque anterior1,2069.442472216587
2013-12-01,Estoque mês em análise,2122.808668208776
2013-12-01,I - Gestão da Dívida - TN (I.1 + I.2),53.36619599218902
2013-12-01,I.1 - Emissão/Resgate Líquido,31.532173381829995
2013-12-01,I.1.1 - Emissões,45.251001760579996
2013-12-01,I.1.2 - Resgates,-13.71882837875
2013-12-01,I.2 - Juros  Apropriados,21.834022610359025
2013-12-01,II - Operações do mercado com o Banco Central,0.0
2013-12-01,II.1 - Transferência de carteira 11,0.0
2013-12-01,Total dos Fatores (I + II),53.36619599218902
2013-12-01,Variação Nominal,53.36619599218972
2014-01-01,- Cancelamentos (DPMFi),-0.00022742518
2014-01-01,- Emissões (DPFe) 5,0.6158307874199999
2014-01-01,- Emissões Diretas (DPMFi) 4,0.43957125097000005
2014-01-01,- Emissões Oferta Pública (DPMFi) 2,32.58552890743
2014-01-01,- Juros Apropriados da DPFe 10,3.244579482273697
2014-01-01,- Juros Apropriados da DPMFi 9,20.353382509112834
2014-01-01,- Pagamentos Correntes (DPFe),-2.27722787271
2014-01-01,- Pagamentos Correntes (DPMFi) 6,-130.64095822922002
2014-01-01,- Resgates Antecipados (DPFe) 8,0.0
2014-01-01,- Trocas Ofertas Públicas (DPMFi)3,2.502549203164364
2014-01-01,- Trocas Ofertas Públicas (DPMFi)3,-2.50253393728
2014-01-01,DPFe,94.6827141711455
2014-01-01,DPFe,96.2658965681292
2014-01-01,DPFe,1.5831823969836842
2014-01-01,DPMFi,2028.1259540376307
2014-01-01,DPMFi,1950.0366127975972
2014-01-01,DPMFi,-78.0893412400335
2014-01-01,Estoque anterior1,2122.808668208776
2014-01-01,Estoque mês em análise,2046.3025093657263
2014-01-01,I - Gestão da Dívida - TN (I.1 + I.2),-75.67950532401912
2014-01-01,I.1 - Emissão/Resgate Líquido,-99.27746731540564
2014-01-01,I.1.1 - Emissões,36.14348014898437
2014-01-01,I.1.2 - Resgates,-135.42094746439003
2014-01-01,I.2 - Juros  Apropriados,23.597961991386533
2014-01-01,II - Operações do mercado com o Banco Central,-0.82665351903
2014-01-01,II.1 - Transferência de carteira 11,-0.82665351903
2014-01-01,Total dos Fatores (I + II),-76.50615884304912
2014-01-01,Variação Nominal,-76.50615884304982
2014-02-01,- Cancelamentos (DPMFi),-0.00127864781
2014-02-01,- Emissões (DPFe) 5,0.21506799478
2014-02-01,- Emissões Diretas (DPMFi) 4,0.054057750919999994
2014-02-01,- Emissões Oferta Pública (DPMFi) 2,26.1869351418045
2014-02-01,- Juros Apropriados da DPFe 10,-2.08519015637006
2014-02-01,- Juros Apropriados da DPMFi 9,16.5925393188071
2014-02-01,- Pagamentos Correntes (DPFe),-0.41752218511
2014-02-01,- Pagamentos Correntes (DPMFi) 6,-18.050701023080002
2014-02-01,- Resgates Antecipados (DPFe) 8,-1.51709751121
2014-02-01,- Trocas Ofertas Públicas (DPMFi)3,0.929619542936534
2014-02-01,- Trocas Ofertas Públicas (DPMFi)3,-0.92960853048
2014-02-01,DPFe,96.2658965681292
2014-02-01,DPFe,92.4611547102192
2014-02-01,DPFe,-3.8047418579099905
2014-02-01,DPMFi,1950.0366127975972
2014-02-01,DPMFi,1974.81817635071
2014-02-01,DPMFi,24.781563553112793
2014-02-01,Estoque anterior1,2046.3025093657263
2014-02-01,Estoque mês em análise,2067.27933106092
2014-02-01,I - Gestão da Dívida - TN (I.1 + I.2),20.97682169518808
2014-02-01,I.1 - Emissão/Resgate Líquido,6.4694725327510385
2014-02-01,I.1.1 - Emissões,27.385680430441035
2014-02-01,I.1.2 - Resgates,-20.916207897689997
2014-02-01,I.2 - Juros  Apropriados,14.50734916243704
2014-02-01,II - Operações do mercado com o Banco Central,0.0
2014-02-01,II.1 - Transferência de carteira 11,0.0
2014-02-01,Total dos Fatores (I + II),20.97682169518808
2014-02-01,Variação Nominal,20.9768216952028
2014-03-01,- Cancelamentos (DPMFi),-0.00127409474
2014-03-01,- Emissões (DPFe) 5,0.11637395759
2014-03-01,- Emissões Diretas (DPMFi) 4,0.3065813436
2014-03-01,- Emissões Oferta Pública (DPMFi) 2,58.424547583080006
2014-03-01,- Juros Apropriados da DPFe 10,-1.8670460635833004
2014-03-01,- Juros Apropriados da DPMFi 9,18.500745882668564
2014-03-01,- Pagamentos Correntes (DPFe),-0.20461453198000001
2014-03-01,- Pagamentos Correntes (DPMFi) 6,-61.94399761233
2014-03-01,- Resgates Antecipados (DPFe) 8,0.0
2014-03-01,- Trocas Ofertas Públicas (DPMFi)3,1.21613281087
2014-03-01,- Trocas Ofertas Públicas (DPMFi)3,-1.21612678596
2014-03-01,DPFe,92.46115471021915
2014-03-01,DPFe,90.50586807224583
2014-03-01,DPFe,-1.955286637973317
2014-03-01,DPMFi,1974.8181763507052
2014-03-01,DPMFi,1990.104785477894
2014-03-01,DPMFi,15.286609127188568
2014-03-01,Estoque anterior1,2067.2793310609245
2014-03-01,Estoque mês em análise,2080.6106535501394
2014-03-01,I - Gestão da Dívida - TN (I.1 + I.2),13.331322489215284
2014-03-01,I.1 - Emissão/Resgate Líquido,-3.3023773298699814
2014-03-01,I.1.1 - Emissões,60.063635695140015
2014-03-01,I.1.2 - Resgates,-63.36601302501
2014-03-01,I.2 - Juros  Apropriados,16.633699819085265
2014-03-01,II - Operações do mercado com o Banco Central,0.0
2014-03-01,II.1 - Transferência de carteira 11,0.0
2014-03-01,Total dos Fatores (I + II),13.331322489215284
2014-03-01,Variação Nominal,13.33132248921525
2014-04-01,- Cancelamentos (DPMFi),-0.01200022295
2014-04-01,- Emissões (DPFe) 5,3.1306373400000003
2014-04-01,- Emissões Diretas (DPMFi) 4,0.43199837761000004
2014-04-01,- Emissões Oferta Pública (DPMFi) 2,41.56987607244
2014-04-01,- Juros Apropriados da DPFe 10,-0.362630804864501
2014-04-01,- Juros Apropriados da DPMFi 9,19.92028069718073
2014-04-01,- Pagamentos Correntes (DPFe),-0.37176130314
2014-04-01,- Pagamentos Correntes (DPMFi) 6,-92.35421025025
2014-04-01,- Resgates Antecipados (DPFe) 8,0.0
2014-04-01,- Trocas Ofertas Públicas (DPMFi)3,0.74541476314
2014-04-01,- Trocas Ofertas Públicas (DPMFi)3,-0.7454061533799999
2014-04-01,DPFe,90.50586807224583
2014-04-01,DPFe,92.90211330424134
2014-04-01,DPFe,2.3962452319955045
2014-04-01,DPMFi,1990.104785477894
2014-04-01,DPMFi,1959.6607387616846
2014-04-01,DPMFi,-30.444046716209268
2014-04-01,Estoque anterior1,2080.6106535501394
2014-04-01,Estoque mês em análise,2052.562852065926
2014-04-01,I - Gestão da Dívida - TN (I.1 + I.2),-28.047801484213764
2014-04-01,I.1 - Emissão/Resgate Líquido,-47.60545137652999
2014-04-01,I.1.1 - Emissões,45.87792655319
2014-04-01,I.1.2 - Resgates,-93.48337792971999
2014-04-01,I.2 - Juros  Apropriados,19.557649892316228
2014-04-01,II - Operações do mercado com o Banco Central,0.0
2014-04-01,II.1 - Transferência de carteira 11,0.0
2014-04-01,Total dos Fatores (I + II),-28.047801484213764
2014-04-01,Variação Nominal,-28.047801484213764
2014-05-01,- Cancelamentos (DPMFi),-0.005353475880000001
2014-05-01,- Emissões (DPFe) 5,0.13771660185
2014-05-01,- Emissões Diretas (DPMFi) 4,1.24523941172
2014-05-01,- Emissões Oferta Pública (DPMFi) 2,56.87767358886
2014-05-01,- Juros Apropriados da DPFe 10,0.5793509837268377
2014-05-01,- Juros Apropriados da DPMFi 9,18.799894508515465
2014-05-01,- Pagamentos Correntes (DPFe),-0.26600817976
2014-05-01,- Pagamentos Correntes (DPMFi) 6,-6.8786035308999995
2014-05-01,- Resgates Antecipados (DPFe) 8,-0.12967921892999998
2014-05-01,- Trocas Ofertas Públicas (DPMFi)3,0.98296661297
2014-05-01,- Trocas Ofertas Públicas (DPMFi)3,-0.98295520278
2014-05-01,DPFe,92.90211330424134
2014-05-01,DPFe,93.22349349112818
2014-05-01,DPFe,0.32138018688683223
2014-05-01,DPMFi,1959.6607387616846
2014-05-01,DPMFi,2029.6996006741902
2014-05-01,DPMFi,70.03886191250547
2014-05-01,Estoque anterior1,2052.562852065926
2014-05-01,Estoque mês em análise,2122.923094165318
2014-05-01,I - Gestão da Dívida - TN (I.1 + I.2),70.3602420993923
2014-05-01,I.1 - Emissão/Resgate Líquido,50.980996607150004
2014-05-01,I.1.1 - Emissões,59.243596215400004
2014-05-01,I.1.2 - Resgates,-8.26259960825
2014-05-01,I.2 - Juros  Apropriados,19.3792454922423
2014-05-01,II - Operações do mercado com o Banco Central,0.0
2014-05-01,II.1 - Transferência de carteira 11,0.0
2014-05-01,Total dos Fatores (I + II),70.3602420993923
2014-05-01,Variação Nominal,70.3602420993923
2014-06-01,- Cancelamentos (DPMFi),-0.00072271884
2014-06-01,- Emissões (DPFe) 5,0.040376542
2014-06-01,- Emissões Diretas (DPMFi) 4,30.372442456789994
2014-06-01,- Emissões Oferta Pública (DPMFi) 2,35.345687026629996
2014-06-01,- Juros Apropriados da DPFe 10,-0.6953082988857525
2014-06-01,- Juros Apropriados da DPMFi 9,16.49156821115026
2014-06-01,- Pagamentos Correntes (DPFe),-0.8208227872999999
2014-06-01,- Pagamentos Correntes (DPMFi) 6,-0.6614654570699999
2014-06-01,- Resgates Antecipados (DPFe) 8,-0.029342256020000002
2014-06-01,- Trocas Ofertas Públicas (DPMFi)3,0.97262128786
2014-06-01,- Trocas Ofertas Públicas (DPMFi)3,-0.97261387704
2014-06-01,DPFe,93.22349349112818
2014-06-01,DPFe,91.7183966909224
2014-06-01,DPFe,-1.5050968002057634
2014-06-01,DPMFi,2029.6996006741902
2014-06-01,DPMFi,2111.24711760367
2014-06-01,DPMFi,81.54751692948025
2014-06-01,Estoque anterior1,2122.923094165318
2014-06-01,Estoque mês em análise,2202.9655142945926
2014-06-01,I - Gestão da Dívida - TN (I.1 + I.2),80.04242012927449
2014-06-01,I.1 - Emissão/Resgate Líquido,64.24616021700999
2014-06-01,I.1.1 - Emissões,66.73112731327998
2014-06-01,I.1.2 - Resgates,-2.48496709627
2014-06-01,I.2 - Juros  Apropriados,15.796259912264505
2014-06-01,II - Operações do mercado com o Banco Central,0.0
2014-06-01,II.1 - Transferência de carteira 11,0.0
2014-06-01,Total dos Fatores (I + II),80.04242012927449
2014-06-01,Variação Nominal,80.04242012927449
2014-07-01,- Cancelamentos (DPMFi),-0.0036660559300000003
2014-07-01,- Emissões (DPFe) 5,0.047293685769999996
2014-07-01,- Emissões Diretas (DPMFi) 4,0.31987989602000005
2014-07-01,- Emissões Oferta Pública (DPMFi) 2,28.47969372326
2014-07-01,- Juros Apropriados da DPFe 10,2.5852473917553733
2014-07-01,- Juros Apropriados da DPMFi 9,19.161641361199685
2014-07-01,- Pagamentos Correntes (DPFe),-3.06265858887
2014-07-01,- Pagamentos Correntes (DPMFi) 6,-77.23108786059001
2014-07-01,- Resgates Antecipados (DPFe) 8,-0.08265390194
2014-07-01,- Trocas Ofertas Públicas (DPMFi)3,2.4964643711599996
2014-07-01,- Trocas Ofertas Públicas (DPMFi)3,-2.49645197679
2014-07-01,DPFe,91.7183966909224
2014-07-01,DPFe,91.2056252776378
2014-07-01,DPFe,-0.5127714132846158
2014-07-01,DPMFi,2111.24711760367
2014-07-01,DPMFi,2081.973591062004
2014-07-01,DPMFi,-29.273526541666595
2014-07-01,Estoque anterior1,2202.9655142945926
2014-07-01,Estoque mês em análise,2173.1792163396417
2014-07-01,I - Gestão da Dívida - TN (I.1 + I.2),-29.786297954954964
2014-07-01,I.1 - Emissão/Resgate Líquido,-51.53318670791002
2014-07-01,I.1.1 - Emissões,31.34333167621
2014-07-01,I.1.2 - Resgates,-82.87651838412002
2014-07-01,I.2 - Juros  Apropriados,21.746888752955055
2014-07-01,II - Operações do mercado com o Banco Central,0.0
2014-07-01,II.1 - Transferência de carteira 11,0.0
2014-07-01,Total dos Fatores (I + II),-29.786297954954964
2014-07-01,Variação Nominal,-29.78629795495121
2014-08-01,- Cancelamentos (DPMFi),-0.011158739260000002
2014-08-01,- Emissões (DPFe) 5,7.84659617088
2014-08-01,- Emissões Diretas (DPMFi) 4,0.10054854891
2014-08-01,- Emissões Oferta Pública (DPMFi) 2,41.59491467688999
2014-08-01,- Juros Apropriados da DPFe 10,0.3623159170493391
2014-08-01,- Juros Apropriados da DPMFi 9,14.81242682142992
2014-08-01,- Pagamentos Correntes (DPFe),-0.27941610735
2014-08-01,- Pagamentos Correntes (DPMFi) 6,-63.16451014476
2014-08-01,- Resgates Antecipados (DPFe) 8,-4.71004742526
2014-08-01,- Trocas Ofertas Públicas (DPMFi)3,2.9363485552800004
2014-08-01,- Trocas Ofertas Públicas (DPMFi)3,-2.9363411111
2014-08-01,DPFe,91.2056252776378
2014-08-01,DPFe,94.42507383295711
2014-08-01,DPFe,3.219448555319323
2014-08-01,DPMFi,2081.973591062004
2014-08-01,DPMFi,2075.1134657551315
2014-08-01,DPMFi,-6.8601253068721855
2014-08-01,Estoque anterior1,2173.1792163396417
2014-08-01,Estoque mês em análise,2169.5385395880885
2014-08-01,I - Gestão da Dívida - TN (I.1 + I.2),-3.4483228372907506
2014-08-01,I.1 - Emissão/Resgate Líquido,-18.623065575770006
2014-08-01,I.1.1 - Emissões,52.47840795196
2014-08-01,I.1.2 - Resgates,-71.10147352773001
2014-08-01,I.2 - Juros  Apropriados,15.174742738479257
2014-08-01,II - Operações do mercado com o Banco Central,-0.19235391425999998
2014-08-01,II.1 - Transferência de carteira 11,-0.19235391425999998
2014-08-01,Total dos Fatores (I + II),-3.6406767515507505
2014-08-01,Variação Nominal,-3.6406767515528626
2014-09-01,- Cancelamentos (DPMFi),-0.0439651494
2014-09-01,- Emissões (DPFe) 5,2.5182525340625004
2014-09-01,- Emissões Diretas (DPMFi) 4,0.48012170069
2014-09-01,- Emissões Oferta Pública (DPMFi) 2,39.61181242466001
2014-09-01,- Juros Apropriados da DPFe 10,7.9767838648001455
2014-09-01,- Juros Apropriados da DPMFi 9,18.899968433400165
2014-09-01,- Pagamentos Correntes (DPFe),-0.19241015237
2014-09-01,- Pagamentos Correntes (DPMFi) 6,-55.04157333194
2014-09-01,- Resgates Antecipados (DPFe) 8,-0.14343730569000002
2014-09-01,- Trocas Ofertas Públicas (DPMFi)3,2.57346569559
2014-09-01,- Trocas Ofertas Públicas (DPMFi)3,-2.57345348488
2014-09-01,DPFe,94.42507383295711
2014-09-01,DPFe,104.58426277375978
2014-09-01,DPFe,10.159188940802661
2014-09-01,DPMFi,2075.1134657551315
2014-09-01,DPMFi,2079.0198420432484
2014-09-01,DPMFi,3.9063762881169097
2014-09-01,Estoque anterior1,2169.5385395880885
2014-09-01,Estoque mês em análise,2183.604104817008
2014-09-01,I - Gestão da Dívida - TN (I.1 + I.2),14.065565228922805
2014-09-01,I.1 - Emissão/Resgate Líquido,-12.811187069277505
2014-09-01,I.1.1 - Emissões,45.1836523550025
2014-09-01,I.1.2 - Resgates,-57.99483942428001
2014-09-01,I.2 - Juros  Apropriados,26.87675229820031
2014-09-01,II - Operações do mercado com o Banco Central,0.0
2014-09-01,II.1 - Transferência de carteira 11,0.0
2014-09-01,Total dos Fatores (I + II),14.065565228922805
2014-09-01,Variação Nominal,14.06556522891957
2014-10-01,- Cancelamentos (DPMFi),-0.02929049898
2014-10-01,- Emissões (DPFe) 5,0.15030897494
2014-10-01,- Emissões Diretas (DPMFi) 4,1.07958778052
2014-10-01,- Emissões Oferta Pública (DPMFi) 2,33.807620590190005
2014-10-01,- Juros Apropriados da DPFe 10,0.21621704254356253
2014-10-01,- Juros Apropriados da DPMFi 9,20.238984771806503
2014-10-01,- Pagamentos Correntes (DPFe),-0.39520877904999996
2014-10-01,- Pagamentos Correntes (DPMFi) 6,-83.27664867115
2014-10-01,- Resgates Antecipados (DPFe) 8,-0.02565540422
2014-10-01,- Trocas Ofertas Públicas (DPMFi)3,0.70177577649
2014-10-01,- Trocas Ofertas Públicas (DPMFi)3,-0.7017721630999999
2014-10-01,DPFe,104.58426277375978
2014-10-01,DPFe,104.52992460797334
2014-10-01,DPFe,-0.05433816578643746
2014-10-01,DPMFi,2079.0198420432484
2014-10-01,DPMFi,2050.8400996290266
2014-10-01,DPMFi,-28.179742414221867
2014-10-01,Estoque anterior1,2183.604104817008
2014-10-01,Estoque mês em análise,2155.370024237
2014-10-01,I - Gestão da Dívida - TN (I.1 + I.2),-28.23408058000993
2014-10-01,I.1 - Emissão/Resgate Líquido,-48.68928239435999
2014-10-01,I.1.1 - Emissões,35.739293122140005
2014-10-01,I.1.2 - Resgates,-84.4285755165
2014-10-01,I.2 - Juros  Apropriados,20.455201814350065
2014-10-01,II - Operações do mercado com o Banco Central,0.0
2014-10-01,II.1 - Transferência de carteira 11,0.0
2014-10-01,Total dos Fatores (I + II),-28.23408058000993
2014-10-01,Variação Nominal,-28.234080580008303
2014-11-01,- Cancelamentos (DPMFi),-0.00186509062
2014-11-01,- Emissões (DPFe) 5,0.02209214151
2014-11-01,- Emissões Diretas (DPMFi) 4,0.38190797846
2014-11-01,- Emissões Oferta Pública (DPMFi) 2,37.33415824066
2014-11-01,- Juros Apropriados da DPFe 10,4.9223462016808
2014-11-01,- Juros Apropriados da DPMFi 9,19.012392559693613
2014-11-01,- Pagamentos Correntes (DPFe),-0.26141884749
2014-11-01,- Pagamentos Correntes (DPMFi) 6,-7.56283545565
2014-11-01,- Resgates Antecipados (DPFe) 8,-0.26125127077000004
2014-11-01,- Trocas Ofertas Públicas (DPMFi)3,2.0238019555799998
2014-11-01,- Trocas Ofertas Públicas (DPMFi)3,-2.02378952775
2014-11-01,DPFe,104.52992460797334
2014-11-01,DPFe,108.95169283290414
2014-11-01,DPFe,4.421768224930799
2014-11-01,DPMFi,2050.8400996290266
2014-11-01,DPMFi,2100.003870289401
2014-11-01,DPMFi,49.163770660374546
2014-11-01,Estoque anterior1,2155.370024237
2014-11-01,Estoque mês em análise,2208.955563122305
2014-11-01,I - Gestão da Dívida - TN (I.1 + I.2),53.585538885304416
2014-11-01,I.1 - Emissão/Resgate Líquido,29.650800123930004
2014-11-01,I.1.1 - Emissões,39.76196031621
2014-11-01,I.1.2 - Resgates,-10.11116019228
2014-11-01,I.2 - Juros  Apropriados,23.934738761374415
2014-11-01,II - Operações do mercado com o Banco Central,0.0
2014-11-01,II.1 - Transferência de carteira 11,0.0
2014-11-01,Total dos Fatores (I + II),53.585538885304416
2014-11-01,Variação Nominal,53.58553888530535
2014-12-01,- Cancelamentos (DPMFi),-0.00468169126
2014-12-01,- Emissões (DPFe) 5,0.13276336235000002
2014-12-01,- Emissões Diretas (DPMFi) 4,31.379938821779998
2014-12-01,- Emissões Oferta Pública (DPMFi) 2,31.560448204580002
2014-12-01,- Juros Apropriados da DPFe 10,4.067874077617999
2014-12-01,- Juros Apropriados da DPMFi 9,21.58982560678987
2014-12-01,- Pagamentos Correntes (DPFe),-0.86521547838
2014-12-01,- Pagamentos Correntes (DPMFi) 6,-0.91836652198
2014-12-01,- Resgates Antecipados (DPFe) 8,0.0
2014-12-01,- Trocas Ofertas Públicas (DPMFi)3,5.13339161696
2014-12-01,- Trocas Ofertas Públicas (DPMFi)3,-5.13338601943
2014-12-01,DPFe,108.95169283290414
2014-12-01,DPFe,112.28711479449214
2014-12-01,DPFe,3.335421961587999
2014-12-01,DPMFi,2100.003870289401
2014-12-01,DPMFi,2183.6110403068355
2014-12-01,DPMFi,83.60717001743429
2014-12-01,Estoque anterior1,2208.955563122305
2014-12-01,Estoque mês em análise,2295.8981551013276
2014-12-01,I - Gestão da Dívida - TN (I.1 + I.2),86.94259197902787
2014-12-01,I.1 - Emissão/Resgate Líquido,61.28489229461999
2014-12-01,I.1.1 - Emissões,68.20654200567
2014-12-01,I.1.2 - Resgates,-6.92164971105
2014-12-01,I.2 - Juros  Apropriados,25.657699684407866
2014-12-01,II - Operações do mercado com o Banco Central,0.0
2014-12-01,II.1 - Transferência de carteira 11,0.0
2014-12-01,Total dos Fatores (I + II),86.94259197902787
2014-12-01,Variação Nominal,86.94259197902228
2015-01-01,- Cancelamentos (DPMFi),-0.01929097179
2015-01-01,- Emissões (DPFe) 5,0.29918567450999994
2015-01-01,- Emissões Diretas (DPMFi) 4,0.13714689393
2015-01-01,- Emissões Oferta Pública (DPMFi) 2,48.68788351326
2015-01-01,- Juros Apropriados da DPFe 10,0.11040296960345176
2015-01-01,- Juros Apropriados da DPMFi 9,21.820133912507885
2015-01-01,- Pagamentos Correntes (DPFe),-2.60944981121
2015-01-01,- Pagamentos Correntes (DPMFi) 6,-116.28869461400001
2015-01-01,- Resgates Antecipados (DPFe) 8,-0.15293688812
2015-01-01,- Trocas Ofertas Públicas (DPMFi)3,3.75714476093
2015-01-01,- Trocas Ofertas Públicas (DPMFi)3,-3.75713350098
2015-01-01,DPFe,112.28711479449214
2015-01-01,DPFe,109.93431673927559
2015-01-01,DPFe,-2.3527980552165535
2015-01-01,DPMFi,2183.6110403068355
2015-01-01,DPMFi,2137.948230300698
2015-01-01,DPMFi,-45.66281000613747
2015-01-01,Estoque anterior1,2295.8981551013276
2015-01-01,Estoque mês em análise,2247.8825470399734
2015-01-01,I - Gestão da Dívida - TN (I.1 + I.2),-48.01560806135867
2015-01-01,I.1 - Emissão/Resgate Líquido,-69.94614494347
2015-01-01,I.1.1 - Emissões,52.88136084263
2015-01-01,I.1.2 - Resgates,-122.8275057861
2015-01-01,I.2 - Juros  Apropriados,21.930536882111337
2015-01-01,II - Operações do mercado com o Banco Central,0.0
2015-01-01,II.1 - Transferência de carteira 11,0.0
2015-01-01,Total dos Fatores (I + II),-48.01560806135867
2015-01-01,Variação Nominal,-48.01560806135402
2015-02-01,- Cancelamentos (DPMFi),-0.00617916445
2015-02-01,- Emissões (DPFe) 5,0.02948604599
2015-02-01,- Emissões Diretas (DPMFi) 4,0.0599886089
2015-02-01,- Emissões Oferta Pública (DPMFi) 2,65.25452850236
2015-02-01,- Juros Apropriados da DPFe 10,8.326038807375676
2015-02-01,- Juros Apropriados da DPMFi 9,24.289427257549065
2015-02-01,- Pagamentos Correntes (DPFe),-1.9823232633899999
2015-02-01,- Pagamentos Correntes (DPMFi) 6,-14.191285738220005
2015-02-01,- Resgates Antecipados (DPFe) 8,-0.04295426056
2015-02-01,- Trocas Ofertas Públicas (DPMFi)3,1.02932036002
2015-02-01,- Trocas Ofertas Públicas (DPMFi)3,-1.02931164069
2015-02-01,DPFe,109.93431673927559
2015-02-01,DPFe,116.26456406869127
2015-02-01,DPFe,6.3302473294156805
2015-02-01,DPMFi,2137.948230300698
2015-02-01,DPMFi,2213.354718486167
2015-02-01,DPMFi,75.40648818546906
2015-02-01,Estoque anterior1,2247.8825470399734
2015-02-01,Estoque mês em análise,2329.6192825548583
2015-02-01,I - Gestão da Dívida - TN (I.1 + I.2),81.73673551488474
2015-02-01,I.1 - Emissão/Resgate Líquido,49.12126944996
2015-02-01,I.1.1 - Emissões,66.37332351727001
2015-02-01,I.1.2 - Resgates,-17.25205406731001
2015-02-01,I.2 - Juros  Apropriados,32.61546606492474
2015-02-01,II - Operações do mercado com o Banco Central,0.0
2015-02-01,II.1 - Transferência de carteira 11,0.0
2015-02-01,Total dos Fatores (I + II),81.73673551488474
2015-02-01,Variação Nominal,81.73673551488474
2015-03-01,- Cancelamentos (DPMFi),-0.41096890346
2015-03-01,- Emissões (DPFe) 5,0.00957074909
2015-03-01,- Emissões Diretas (DPMFi) 4,0.45550174893999995
2015-03-01,- Emissões Oferta Pública (DPMFi) 2,143.57384967392
2015-03-01,- Juros Apropriados da DPFe 10,11.891367476332505
2015-03-01,- Juros Apropriados da DPMFi 9,29.501978520288556
2015-03-01,- Pagamentos Correntes (DPFe),-3.29445360649
2015-03-01,- Pagamentos Correntes (DPMFi) 6,-69.98855919751999
2015-03-01,- Resgates Antecipados (DPFe) 8,-0.15491007424
2015-03-01,- Trocas Ofertas Públicas (DPMFi)3,3.1115921347800004
2015-03-01,- Trocas Ofertas Públicas (DPMFi)3,-3.11157994362
2015-03-01,DPFe,116.26456406869127
2015-03-01,DPFe,124.71613861338378
2015-03-01,DPFe,8.451574544692514
2015-03-01,DPMFi,2213.354718486167
2015-03-01,DPMFi,2316.4865325224287
2015-03-01,DPMFi,103.13181403626176
2015-03-01,Estoque anterior1,2329.6192825548583
2015-03-01,Estoque mês em análise,2441.2026711358126
2015-03-01,I - Gestão da Dívida - TN (I.1 + I.2),111.58338857802104
2015-03-01,I.1 - Emissão/Resgate Líquido,70.19004258139998
2015-03-01,I.1.1 - Emissões,147.15051430672997
2015-03-01,I.1.2 - Resgates,-76.96047172533001
2015-03-01,I.2 - Juros  Apropriados,41.393345996621065
2015-03-01,II - Operações do mercado com o Banco Central,0.0
2015-03-01,II.1 - Transferência de carteira 11,0.0
2015-03-01,Total dos Fatores (I + II),111.58338857802104
2015-03-01,Variação Nominal,111.58338858095426
2015-04-01,- Cancelamentos (DPMFi),-0.01500147398
2015-04-01,- Emissões (DPFe) 5,0.01120791259
2015-04-01,- Emissões Diretas (DPMFi) 4,0.51256948115
2015-04-01,- Emissões Oferta Pública (DPMFi) 2,101.3610259318
2015-04-01,- Juros Apropriados da DPFe 10,-6.382216741201163
2015-04-01,- Juros Apropriados da DPMFi 9,27.081597649201125
2015-04-01,- Pagamentos Correntes (DPFe),-0.5883093422
2015-04-01,- Pagamentos Correntes (DPMFi) 6,-111.63029350565999
2015-04-01,- Resgates Antecipados (DPFe) 8,-0.08051910812
2015-04-01,- Trocas Ofertas Públicas (DPMFi)3,0.32918515016
2015-04-01,- Trocas Ofertas Públicas (DPMFi)3,-0.32918078304
2015-04-01,DPFe,124.71613861338378
2015-04-01,DPFe,117.67630133445262
2015-04-01,DPFe,-7.039837278931169
2015-04-01,DPMFi,2316.4865325224287
2015-04-01,DPMFi,2333.79643497206
2015-04-01,DPMFi,17.30990244963113
2015-04-01,Estoque anterior1,2441.2026711358126
2015-04-01,Estoque mês em análise,2451.4727363065126
2015-04-01,I - Gestão da Dívida - TN (I.1 + I.2),10.270065170699977
2015-04-01,I.1 - Emissão/Resgate Líquido,-10.429315737299985
2015-04-01,I.1.1 - Emissões,102.2139884757
2015-04-01,I.1.2 - Resgates,-112.643304213
2015-04-01,I.2 - Juros  Apropriados,20.699380907999963
2015-04-01,II - Operações do mercado com o Banco Central,0.0
2015-04-01,II.1 - Transferência de carteira 11,0.0
2015-04-01,Total dos Fatores (I + II),10.270065170699977
2015-04-01,Variação Nominal,10.270065170699963
2015-05-01,- Cancelamentos (DPMFi),-0.00236919482
2015-05-01,- Emissões (DPFe) 5,0.0
2015-05-01,- Emissões Diretas (DPMFi) 4,0.12928888388999998
2015-05-01,- Emissões Oferta Pública (DPMFi) 2,85.01055727989
2015-05-01,- Juros Apropriados da DPFe 10,6.953850552746036
2015-05-01,- Juros Apropriados da DPMFi 9,24.698349773569984
2015-05-01,- Pagamentos Correntes (DPFe),-0.29470102025
2015-05-01,- Pagamentos Correntes (DPMFi) 6,-71.58607859791
2015-05-01,- Resgates Antecipados (DPFe) 8,-0.14753334444000002
2015-05-01,- Trocas Ofertas Públicas (DPMFi)3,0.95269178879
2015-05-01,- Trocas Ofertas Públicas (DPMFi)3,-0.95267096033
2015-05-01,DPFe,117.67630133445262
2015-05-01,DPFe,124.18791752250864
2015-05-01,DPFe,6.511616188056025
2015-05-01,DPMFi,2333.79643497206
2015-05-01,DPMFi,2372.046203945135
2015-05-01,DPMFi,38.24976897307485
2015-05-01,Estoque anterior1,2451.4727363065126
2015-05-01,Estoque mês em análise,2496.2341214676435
2015-05-01,I - Gestão da Dívida - TN (I.1 + I.2),44.76138516113601
2015-05-01,I.1 - Emissão/Resgate Líquido,13.10918483482
2015-05-01,I.1.1 - Emissões,86.09253795257
2015-05-01,I.1.2 - Resgates,-72.98335311775
2015-05-01,I.2 - Juros  Apropriados,31.65220032631602
2015-05-01,II - Operações do mercado com o Banco Central,0.0
2015-05-01,II.1 - Transferência de carteira 11,0.0
2015-05-01,Total dos Fatores (I + II),44.76138516113601
2015-05-01,Variação Nominal,44.76138516113088
2015-06-01,- Cancelamentos (DPMFi),-0.00818364104
2015-06-01,- Emissões (DPFe) 5,0.08163004970000001
2015-06-01,- Emissões Diretas (DPMFi) 4,0.9508691343599999
2015-06-01,- Emissões Oferta Pública (DPMFi) 2,64.98739287512
2015-06-01,- Juros Apropriados da DPFe 10,-1.8209802127864956
2015-06-01,- Juros Apropriados da DPMFi 9,25.223046744557994
2015-06-01,- Pagamentos Correntes (DPFe),-1.1044855255800001
2015-06-01,- Pagamentos Correntes (DPMFi) 6,-0.78037359978
2015-06-01,- Resgates Antecipados (DPFe) 8,-0.06844063004
2015-06-01,- Trocas Ofertas Públicas (DPMFi)3,0.55814974396
2015-06-01,- Trocas Ofertas Públicas (DPMFi)3,-0.55814571158
2015-06-01,DPFe,124.18791752250864
2015-06-01,DPFe,121.27564120380215
2015-06-01,DPFe,-2.9122763187064846
2015-06-01,DPMFi,2372.046203945135
2015-06-01,DPMFi,2462.418959490738
2015-06-01,DPMFi,90.37275554560311
2015-06-01,Estoque anterior1,2496.2341214676435
2015-06-01,Estoque mês em análise,2583.69460069454
2015-06-01,I - Gestão da Dívida - TN (I.1 + I.2),87.46047922689151
2015-06-01,I.1 - Emissão/Resgate Líquido,64.05841269512
2015-06-01,I.1.1 - Emissões,66.57804180314001
2015-06-01,I.1.2 - Resgates,-2.51962910802
2015-06-01,I.2 - Juros  Apropriados,23.402066531771496
2015-06-01,II - Operações do mercado com o Banco Central,0.0
2015-06-01,II.1 - Transferência de carteira 11,0.0
2015-06-01,Total dos Fatores (I + II),87.46047922689151
2015-06-01,Variação Nominal,87.46047922689662
2015-07-01,- Cancelamentos (DPMFi),-0.00071765256
2015-07-01,- Emissões (DPFe) 5,0.03948206478
2015-07-01,- Emissões Diretas (DPMFi) 4,1.53145154137
2015-07-01,- Emissões Oferta Pública (DPMFi) 2,48.56538875166
2015-07-01,- Juros Apropriados da DPFe 10,10.544507150087025
2015-07-01,- Juros Apropriados da DPMFi 9,29.53579375228007
2015-07-01,- Pagamentos Correntes (DPFe),-3.08812861494
2015-07-01,- Pagamentos Correntes (DPMFi) 6,-66.81543496289
2015-07-01,- Resgates Antecipados (DPFe) 8,-0.0501686172
2015-07-01,- Trocas Ofertas Públicas (DPMFi)3,1.10682429792
2015-07-01,- Trocas Ofertas Públicas (DPMFi)3,-1.1068152852000002
2015-07-01,DPFe,121.27564120380215
2015-07-01,DPFe,128.7213331865292
2015-07-01,DPFe,7.4456919827270465
2015-07-01,DPMFi,2462.418959490738
2015-07-01,DPMFi,2475.235449933318
2015-07-01,DPMFi,12.816490442580077
2015-07-01,Estoque anterior1,2583.69460069454
2015-07-01,Estoque mês em análise,2603.956783119847
2015-07-01,I - Gestão da Dívida - TN (I.1 + I.2),20.262182425307103
2015-07-01,I.1 - Emissão/Resgate Líquido,-19.818118477059993
2015-07-01,I.1.1 - Emissões,51.24314665573
2015-07-01,I.1.2 - Resgates,-71.06126513279
2015-07-01,I.2 - Juros  Apropriados,40.0803009023671
2015-07-01,II - Operações do mercado com o Banco Central,0.0
2015-07-01,II.1 - Transferência de carteira 11,0.0
2015-07-01,Total dos Fatores (I + II),20.262182425307103
2015-07-01,Variação Nominal,20.262182425307124
2015-08-01,- Cancelamentos (DPMFi),-0.03712041688
2015-08-01,- Emissões (DPFe) 5,0.016281498630000002
2015-08-01,- Emissões Diretas (DPMFi) 4,0.14255575457999997
2015-08-01,- Emissões Oferta Pública (DPMFi) 2,64.92919066182394
2015-08-01,- Juros Apropriados da DPFe 10,10.104756261608808
2015-08-01,- Juros Apropriados da DPMFi 9,26.78335923617799
2015-08-01,- Pagamentos Correntes (DPFe),-0.18941417679
2015-08-01,- Pagamentos Correntes (DPMFi) 6,-15.0852353658
2015-08-01,- Resgates Antecipados (DPFe) 8,-4.33467973504
2015-08-01,- Trocas Ofertas Públicas (DPMFi)3,1.0268040778299998
2015-08-01,- Trocas Ofertas Públicas (DPMFi)3,-1.02679375454
2015-08-01,DPFe,128.7213331865292
2015-08-01,DPFe,134.31827703493798
2015-08-01,DPFe,5.596943848408788
2015-08-01,DPMFi,2475.235449933318
2015-08-01,DPMFi,2551.9682101265107
2015-08-01,DPMFi,76.73276019319286
2015-08-01,Estoque anterior1,2603.956783119847
2015-08-01,Estoque mês em análise,2686.286487161449
2015-08-01,I - Gestão da Dívida - TN (I.1 + I.2),82.32970404160075
2015-08-01,I.1 - Emissão/Resgate Líquido,45.44158854381395
2015-08-01,I.1.1 - Emissões,66.11483199286396
2015-08-01,I.1.2 - Resgates,-20.67324344905
2015-08-01,I.2 - Juros  Apropriados,36.8881154977868
2015-08-01,II - Operações do mercado com o Banco Central,0.0
2015-08-01,II.1 - Transferência de carteira 11,0.0
2015-08-01,Total dos Fatores (I + II),82.32970404160075
2015-08-01,Variação Nominal,82.32970404160166
2015-09-01,- Cancelamentos (DPMFi),-0.01221356108
2015-09-01,- Emissões (DPFe) 5,0.29289343914999993
2015-09-01,- Emissões Diretas (DPMFi) 4,0.052040930469999996
2015-09-01,- Emissões Oferta Pública (DPMFi) 2,75.10850796265998
2015-09-01,- Juros Apropriados da DPFe 10,11.554830728733998
2015-09-01,- Juros Apropriados da DPMFi 9,23.337983500450175
2015-09-01,- Pagamentos Correntes (DPFe),-0.16577880659000002
2015-09-01,- Pagamentos Correntes (DPMFi) 6,-61.71884355704
2015-09-01,- Resgates Antecipados (DPFe) 8,-0.10838411114
2015-09-01,- Trocas Ofertas Públicas (DPMFi)3,0.0
2015-09-01,- Trocas Ofertas Públicas (DPMFi)3,0.0
2015-09-01,DPFe,134.31827703493798
2015-09-01,DPFe,145.89183828509198
2015-09-01,DPFe,11.573561250153988
2015-09-01,DPMFi,2551.9682101265107
2015-09-01,DPMFi,2588.7356854019713
2015-09-01,DPMFi,36.76747527546063
2015-09-01,Estoque anterior1,2686.286487161449
2015-09-01,Estoque mês em análise,2734.6275236870633
2015-09-01,I - Gestão da Dívida - TN (I.1 + I.2),48.34103652561414
2015-09-01,I.1 - Emissão/Resgate Líquido,13.448222296429973
2015-09-01,I.1.1 - Emissões,75.45344233227999
2015-09-01,I.1.2 - Resgates,-62.00522003585001
2015-09-01,I.2 - Juros  Apropriados,34.892814229184175
2015-09-01,II - Operações do mercado com o Banco Central,0.0
2015-09-01,II.1 - Transferência de carteira 11,0.0
2015-09-01,Total dos Fatores (I + II),48.34103652561414
2015-09-01,Variação Nominal,48.34103652561462
2015-10-01,- Cancelamentos (DPMFi),-0.03492634727
2015-10-01,- Emissões (DPFe) 5,0.12639155134
2015-10-01,- Emissões Diretas (DPMFi) 4,3.5994127666200004
2015-10-01,- Emissões Oferta Pública (DPMFi) 2,34.065903760610006
2015-10-01,- Juros Apropriados da DPFe 10,-3.1605916969296635
2015-10-01,- Juros Apropriados da DPMFi 9,25.95723538854287
2015-10-01,- Pagamentos Correntes (DPFe),-0.36637973432000004
2015-10-01,- Pagamentos Correntes (DPMFi) 6,-148.27396466825002
2015-10-01,- Resgates Antecipados (DPFe) 8,-0.06390387691
2015-10-01,- Trocas Ofertas Públicas (DPMFi)3,0.0
2015-10-01,- Trocas Ofertas Públicas (DPMFi)3,0.0
2015-10-01,DPFe,145.89183828509198
2015-10-01,DPFe,142.42735452827233
2015-10-01,DPFe,-3.4644837568196527
2015-10-01,DPMFi,2588.7356854019713
2015-10-01,DPMFi,2504.049346302223
2015-10-01,DPMFi,-84.68633909974852
2015-10-01,Estoque anterior1,2734.6275236870633
2015-10-01,Estoque mês em análise,2646.4767008304952
2015-10-01,I - Gestão da Dívida - TN (I.1 + I.2),-88.15082285656679
2015-10-01,I.1 - Emissão/Resgate Líquido,-110.94746654818
2015-10-01,I.1.1 - Emissões,37.791708078570004
2015-10-01,I.1.2 - Resgates,-148.73917462674999
2015-10-01,I.2 - Juros  Apropriados,22.79664369161321
2015-10-01,II - Operações do mercado com o Banco Central,0.0
2015-10-01,II.1 - Transferência de carteira 11,0.0
2015-10-01,Total dos Fatores (I + II),-88.15082285656679
2015-10-01,Variação Nominal,-88.15082285656818
2015-11-01,- Cancelamentos (DPMFi),-0.22785061822
2015-11-01,- Emissões (DPFe) 5,0.0067971262
2015-11-01,- Emissões Diretas (DPMFi) 4,2.21225675838
2015-11-01,- Emissões Oferta Pública (DPMFi) 2,51.94625184811
2015-11-01,- Juros Apropriados da DPFe 10,-0.03645948270373321
2015-11-01,- Juros Apropriados da DPMFi 9,28.026340006610354
2015-11-01,- Pagamentos Correntes (DPFe),-0.38756323633
2015-11-01,- Pagamentos Correntes (DPMFi) 6,-10.747606473280602
2015-11-01,- Resgates Antecipados (DPFe) 8,-0.35005447038
2015-11-01,- Trocas Ofertas Públicas (DPMFi)3,0.65643247039
2015-11-01,- Trocas Ofertas Públicas (DPMFi)3,-0.65642194829
2015-11-01,DPFe,142.42735452827233
2015-11-01,DPFe,141.66007446505859
2015-11-01,DPFe,-0.7672800632137223
2015-11-01,DPMFi,2504.049346302223
2015-11-01,DPMFi,2575.2587483459265
2015-11-01,DPMFi,71.20940204370348
2015-11-01,Estoque anterior1,2646.4767008304952
2015-11-01,Estoque mês em análise,2716.918822810985
2015-11-01,I - Gestão da Dívida - TN (I.1 + I.2),70.44212198048604
2015-11-01,I.1 - Emissão/Resgate Líquido,42.4522414565794
2015-11-01,I.1.1 - Emissões,54.82173820308
2015-11-01,I.1.2 - Resgates,-12.369496746500602
2015-11-01,I.2 - Juros  Apropriados,27.98988052390662
2015-11-01,II - Operações do mercado com o Banco Central,0.0
2015-11-01,II.1 - Transferência de carteira 11,0.0
2015-11-01,Total dos Fatores (I + II),70.44212198048604
2015-11-01,Variação Nominal,70.44212198048976
2015-12-01,- Cancelamentos (DPMFi),-0.00093730803
2015-12-01,- Emissões (DPFe) 5,0.02087900053
2015-12-01,- Emissões Diretas (DPMFi) 4,3.13668879974
2015-12-01,- Emissões Oferta Pública (DPMFi) 2,44.70085083221999
2015-12-01,- Juros Apropriados da DPFe 10,2.8957070248800747
2015-12-01,- Juros Apropriados da DPMFi 9,30.43787676616774
2015-12-01,- Pagamentos Correntes (DPFe),-1.22447269265
2015-12-01,- Pagamentos Correntes (DPMFi) 6,-3.36779452522766
2015-12-01,- Resgates Antecipados (DPFe) 8,-0.5122433416600001
2015-12-01,- Trocas Ofertas Públicas (DPMFi)3,2.7973186835200003
2015-12-01,- Trocas Ofertas Públicas (DPMFi)3,-2.7973061864699997
2015-12-01,DPFe,141.66007446505859
2015-12-01,DPFe,142.83994445615866
2015-12-01,DPFe,1.1798699911000732
2015-12-01,DPMFi,2575.2587483459265
2015-12-01,DPMFi,2650.1654454078425
2015-12-01,DPMFi,74.90669706191635
2015-12-01,Estoque anterior1,2716.918822810985
2015-12-01,Estoque mês em análise,2793.0053898640012
2015-12-01,I - Gestão da Dívida - TN (I.1 + I.2),76.08656705302015
2015-12-01,I.1 - Emissão/Resgate Líquido,42.75298326197234
2015-12-01,I.1.1 - Emissões,50.65573731601
2015-12-01,I.1.2 - Resgates,-7.9027540540376595
2015-12-01,I.2 - Juros  Apropriados,33.333583791047815
2015-12-01,II - Operações do mercado com o Banco Central,0.0
2015-12-01,II.1 - Transferência de carteira 11,0.0
2015-12-01,Total dos Fatores (I + II),76.08656705302015
2015-12-01,Variação Nominal,76.08656705301642
2016-01-01,- Cancelamentos (DPMFi),-0.00332261167
2016-01-01,- Emissões (DPFe) 5,1.3349895046000002
2016-01-01,- Emissões Diretas (DPMFi) 4,0.50947722241
2016-01-01,- Emissões Oferta Pública (DPMFi) 2,69.22488844813999
2016-01-01,- Juros Apropriados da DPFe 10,5.2507181200020945
2016-01-01,- Juros Apropriados da DPMFi 9,30.004534627847757
2016-01-01,- Pagamentos Correntes (DPFe),-6.52364255953
2016-01-01,- Pagamentos Correntes (DPMFi) 6,-142.92078132576
2016-01-01,- Resgates Antecipados (DPFe) 8,0.0
2016-01-01,- Trocas Ofertas Públicas (DPMFi)3,1.0043818872199999
2016-01-01,- Trocas Ofertas Públicas (DPMFi)3,-1.00437823923
2016-01-01,DPFe,142.83994445615866
2016-01-01,DPFe,142.90200952123075
2016-01-01,DPFe,0.062065065072092696
2016-01-01,DPMFi,2650.1654454078425
2016-01-01,DPMFi,2606.9802454167975
2016-01-01,DPMFi,-43.18519999104505
2016-01-01,Estoque anterior1,2793.0053898640012
2016-01-01,Estoque mês em análise,2749.8822549380284
2016-01-01,I - Gestão da Dívida - TN (I.1 + I.2),-43.12313492597017
2016-01-01,I.1 - Emissão/Resgate Líquido,-78.37838767382001
2016-01-01,I.1.1 - Emissões,72.07373706237
2016-01-01,I.1.2 - Resgates,-150.45212473619003
2016-01-01,I.2 - Juros  Apropriados,35.25525274784985
2016-01-01,II - Operações do mercado com o Banco Central,0.0
2016-01-01,II.1 - Transferência de carteira 11,0.0
2016-01-01,Total dos Fatores (I + II),-43.12313492597017
2016-01-01,Variação Nominal,-43.12313492597296
2016-02-01,- Cancelamentos (DPMFi),-0.00074381862
2016-02-01,- Emissões (DPFe) 5,0.00433798426718
2016-02-01,- Emissões Diretas (DPMFi) 4,0.06163673260244
2016-02-01,- Emissões Oferta Pública (DPMFi) 2,55.108226800930005
2016-02-01,- Juros Apropriados da DPFe 10,-1.296507771860893
2016-02-01,- Juros Apropriados da DPMFi 9,31.80552826378974
2016-02-01,- Pagamentos Correntes (DPFe),-0.20881426564
2016-02-01,- Pagamentos Correntes (DPMFi) 6,-15.73334015218
2016-02-01,- Resgates Antecipados (DPFe) 8,-0.15726895969000002
2016-02-01,- Trocas Ofertas Públicas (DPMFi)3,0.57753902936
2016-02-01,- Trocas Ofertas Públicas (DPMFi)3,-0.57753271752
2016-02-01,DPFe,142.90200952123075
2016-02-01,DPFe,141.24375650830706
2016-02-01,DPFe,-1.6582530129236983
2016-02-01,DPMFi,2606.9802454167975
2016-02-01,DPMFi,2678.221559555157
2016-02-01,DPMFi,71.24131413835939
2016-02-01,Estoque anterior1,2749.8822549380284
2016-02-01,Estoque mês em análise,2819.4653160634643
2016-02-01,I - Gestão da Dívida - TN (I.1 + I.2),69.58306112543848
2016-02-01,I.1 - Emissão/Resgate Líquido,39.07404063350962
2016-02-01,I.1.1 - Emissões,55.75174054715962
2016-02-01,I.1.2 - Resgates,-16.677699913650002
2016-02-01,I.2 - Juros  Apropriados,30.509020491928847
2016-02-01,II - Operações do mercado com o Banco Central,0.0
2016-02-01,II.1 - Transferência de carteira 11,0.0
2016-02-01,Total dos Fatores (I + II),69.58306112543848
2016-02-01,Variação Nominal,69.58306112543569
2016-03-01,- Cancelamentos (DPMFi),-0.0023485008500000004
2016-03-01,- Emissões (DPFe) 5,5.41397316168124
2016-03-01,- Emissões Diretas (DPMFi) 4,0.08635481878000001
2016-03-01,- Emissões Oferta Pública (DPMFi) 2,46.71304557591
2016-03-01,- Juros Apropriados da DPFe 10,-12.626532455076878
2016-03-01,- Juros Apropriados da DPMFi 9,30.249662451740196
2016-03-01,- Pagamentos Correntes (DPFe),-0.161301311891415
2016-03-01,- Pagamentos Correntes (DPMFi) 6,-1.7652237125399999
2016-03-01,- Resgates Antecipados (DPFe) 8,-0.67609728798
2016-03-01,- Trocas Ofertas Públicas (DPMFi)3,0.0
2016-03-01,- Trocas Ofertas Públicas (DPMFi)3,0.0
2016-03-01,DPFe,141.24375650830706
2016-03-01,DPFe,133.19379861503995
2016-03-01,DPFe,-8.049957893267099
2016-03-01,DPMFi,2678.221559555157
2016-03-01,DPMFi,2753.503050188195
2016-03-01,DPMFi,75.28149063303788
2016-03-01,Estoque anterior1,2819.4653160634643
2016-03-01,Estoque mês em análise,2886.696848803235
2016-03-01,I - Gestão da Dívida - TN (I.1 + I.2),67.23153273977314
2016-03-01,I.1 - Emissão/Resgate Líquido,49.60840274310982
2016-03-01,I.1.1 - Emissões,52.21337355637124
2016-03-01,I.1.2 - Resgates,-2.604970813261415
2016-03-01,I.2 - Juros  Apropriados,17.62312999666332
2016-03-01,II - Operações do mercado com o Banco Central,0.0
2016-03-01,II.1 - Transferência de carteira 11,0.0
2016-03-01,Total dos Fatores (I + II),67.23153273977314
2016-03-01,Variação Nominal,67.23153273977077
2016-04-01,- Cancelamentos (DPMFi),-0.00152235761
2016-04-01,- Emissões (DPFe) 5,0.12039735984003
2016-04-01,- Emissões Diretas (DPMFi) 4,1.06196136346
2016-04-01,- Emissões Oferta Pública (DPMFi) 2,51.490744409499996
2016-04-01,- Juros Apropriados da DPFe 10,-3.0672161099082547
2016-04-01,- Juros Apropriados da DPMFi 9,24.670291200319955
2016-04-01,- Pagamentos Correntes (DPFe),-0.456448929147752
2016-04-01,- Pagamentos Correntes (DPMFi) 6,-160.53337044171
2016-04-01,- Resgates Antecipados (DPFe) 8,-0.19409978932402
2016-04-01,- Trocas Ofertas Públicas (DPMFi)3,0.06191914935
2016-04-01,- Trocas Ofertas Públicas (DPMFi)3,-0.06191436085
2016-04-01,DPFe,133.19379861503995
2016-04-01,DPFe,129.59643114649998
2016-04-01,DPFe,-3.5973674685399746
2016-04-01,DPMFi,2753.503050188195
2016-04-01,DPMFi,2670.19115915066
2016-04-01,DPMFi,-83.31189103753492
2016-04-01,Estoque anterior1,2886.696848803235
2016-04-01,Estoque mês em análise,2799.78759029716
2016-04-01,I - Gestão da Dívida - TN (I.1 + I.2),-86.90925850608005
2016-04-01,I.1 - Emissão/Resgate Líquido,-108.51233359649174
2016-04-01,I.1.1 - Emissões,52.73502228215003
2016-04-01,I.1.2 - Resgates,-161.24735587864177
2016-04-01,I.2 - Juros  Apropriados,21.6030750904117
2016-04-01,II - Operações do mercado com o Banco Central,0.0
2016-04-01,II.1 - Transferência de carteira 11,0.0
2016-04-01,Total dos Fatores (I + II),-86.90925850608005
2016-04-01,Variação Nominal,-86.90925850607489
2016-05-01,- Cancelamentos (DPMFi),-0.00018572802999999998
2016-05-01,- Emissões (DPFe) 5,0.0006995355373799999
2016-05-01,- Emissões Diretas (DPMFi) 4,1.4726917053999997
2016-05-01,- Emissões Oferta Pública (DPMFi) 2,54.08001984614
2016-05-01,- Juros Apropriados da DPFe 10,5.475727772249031
2016-05-01,- Juros Apropriados da DPMFi 9,29.282748099844106
2016-05-01,- Pagamentos Correntes (DPFe),-0.35969558443627
2016-05-01,- Pagamentos Correntes (DPMFi) 6,-10.859553077020001
2016-05-01,- Resgates Antecipados (DPFe) 8,-0.01412603451853
2016-05-01,- Trocas Ofertas Públicas (DPMFi)3,0.25000320771
2016-05-01,- Trocas Ofertas Públicas (DPMFi)3,-0.24999258570000002
2016-05-01,DPFe,129.59643114649998
2016-05-01,DPFe,134.69903683533002
2016-05-01,DPFe,5.102605688830023
2016-05-01,DPMFi,2670.19115915066
2016-05-01,DPMFi,2744.1668906190043
2016-05-01,DPMFi,73.97573146834411
2016-05-01,Estoque anterior1,2799.78759029716
2016-05-01,Estoque mês em análise,2878.8659274543343
2016-05-01,I - Gestão da Dívida - TN (I.1 + I.2),79.07833715717571
2016-05-01,I.1 - Emissão/Resgate Líquido,44.31986128508258
2016-05-01,I.1.1 - Emissões,55.80341429478738
2016-05-01,I.1.2 - Resgates,-11.483553009704798
2016-05-01,I.2 - Juros  Apropriados,34.758475872093136
2016-05-01,II - Operações do mercado com o Banco Central,0.0
2016-05-01,II.1 - Transferência de carteira 11,0.0
2016-05-01,Total dos Fatores (I + II),79.07833715717571
2016-05-01,Variação Nominal,79.07833715717413
2016-06-01,- Cancelamentos (DPMFi),-6.0988149999999996e-05
2016-06-01,- Emissões (DPFe) 5,0.24749091406230198
2016-06-01,- Emissões Diretas (DPMFi) 4,4.97301424043
2016-06-01,- Emissões Oferta Pública (DPMFi) 2,58.704657054159995
2016-06-01,- Juros Apropriados da DPFe 10,-12.767730322712916
2016-06-01,- Juros Apropriados da DPMFi 9,31.28476727342467
2016-06-01,- Pagamentos Correntes (DPFe),-1.20191043647787
2016-06-01,- Pagamentos Correntes (DPMFi) 6,-1.25750419818
2016-06-01,- Resgates Antecipados (DPFe) 8,-0.20498217453312
2016-06-01,- Trocas Ofertas Públicas (DPMFi)3,0.40858584875000004
2016-06-01,- Trocas Ofertas Públicas (DPMFi)3,-0.40857819391
2016-06-01,DPFe,134.69903683533002
2016-06-01,DPFe,120.77190481567
2016-06-01,DPFe,-13.927132019660014
2016-06-01,DPMFi,2744.1668906190043
2016-06-01,DPMFi,2837.871771655529
2016-06-01,DPMFi,93.70488103652465
2016-06-01,Estoque anterior1,2878.8659274543343
2016-06-01,Estoque mês em análise,2958.643676471199
2016-06-01,I - Gestão da Dívida - TN (I.1 + I.2),79.77774901686305
2016-06-01,I.1 - Emissão/Resgate Líquido,61.26071206615131
2016-06-01,I.1.1 - Emissões,64.33374805740229
2016-06-01,I.1.2 - Resgates,-3.07303599125099
2016-06-01,I.2 - Juros  Apropriados,18.517036950711756
2016-06-01,II - Operações do mercado com o Banco Central,0.0
2016-06-01,II.1 - Transferência de carteira 11,0.0
2016-06-01,Total dos Fatores (I + II),79.77774901686305
2016-06-01,Variação Nominal,79.77774901686465
2016-07-01,- Cancelamentos (DPMFi),-4.8448150000000005e-05
2016-07-01,- Emissões (DPFe) 5,4.770962575362519
2016-07-01,- Emissões Diretas (DPMFi) 4,0.23768226422
2016-07-01,- Emissões Oferta Pública (DPMFi) 2,63.009167687150004
2016-07-01,- Juros Apropriados da DPFe 10,1.68593554597255
2016-07-01,- Juros Apropriados da DPMFi 9,27.75830605918648
2016-07-01,- Pagamentos Correntes (DPFe),-2.86671319180016
2016-07-01,- Pagamentos Correntes (DPMFi) 6,-96.72414205857
2016-07-01,- Resgates Antecipados (DPFe) 8,0.0
2016-07-01,- Trocas Ofertas Públicas (DPMFi)3,0.66667645694
2016-07-01,- Trocas Ofertas Públicas (DPMFi)3,-0.6666547326600001
2016-07-01,DPFe,120.77190481567
2016-07-01,DPFe,124.3620897452
2016-07-01,DPFe,3.5901849295299906
2016-07-01,DPMFi,2837.871771655529
2016-07-01,DPMFi,2832.152758883645
2016-07-01,DPMFi,-5.719012771883514
2016-07-01,Estoque anterior1,2958.643676471199
2016-07-01,Estoque mês em análise,2956.514848628845
2016-07-01,I - Gestão da Dívida - TN (I.1 + I.2),-2.128827842348601
2016-07-01,I.1 - Emissão/Resgate Líquido,-31.57306944750763
2016-07-01,I.1.1 - Emissões,68.68448898367252
2016-07-01,I.1.2 - Resgates,-100.25755843118014
2016-07-01,I.2 - Juros  Apropriados,29.44424160515903
2016-07-01,II - Operações do mercado com o Banco Central,0.0
2016-07-01,II.1 - Transferência de carteira 11,0.0
2016-07-01,Total dos Fatores (I + II),-2.128827842348601
2016-07-01,Variação Nominal,-2.128827842353523
2016-08-01,- Cancelamentos (DPMFi),0.0
2016-08-01,- Emissões (DPFe) 5,0.17987599972034998
2016-08-01,- Emissões Diretas (DPMFi) 4,0.01706359439
2016-08-01,- Emissões Oferta Pública (DPMFi) 2,66.18306031792
2016-08-01,- Juros Apropriados da DPFe 10,0.6429408486387584
2016-08-01,- Juros Apropriados da DPMFi 9,31.20105480436023
2016-08-01,- Pagamentos Correntes (DPFe),-0.16961970019206002
2016-08-01,- Pagamentos Correntes (DPMFi) 6,-99.38274425381
2016-08-01,- Resgates Antecipados (DPFe) 8,0.0
2016-08-01,- Trocas Ofertas Públicas (DPMFi)3,0.0
2016-08-01,- Trocas Ofertas Públicas (DPMFi)3,0.0
2016-08-01,DPFe,124.3620897452
2016-08-01,DPFe,125.01528689335998
2016-08-01,DPFe,0.6531971481599903
2016-08-01,DPMFi,2832.152758883645
2016-08-01,DPMFi,2830.1711933465094
2016-08-01,DPMFi,-1.981565537136048
2016-08-01,Estoque anterior1,2956.514848628845
2016-08-01,Estoque mês em análise,2955.186480239869
2016-08-01,I - Gestão da Dívida - TN (I.1 + I.2),-1.32836838897274
2016-08-01,I.1 - Emissão/Resgate Líquido,-33.172364041971726
2016-08-01,I.1.1 - Emissões,66.37999991203034
2016-08-01,I.1.2 - Resgates,-99.55236395400206
2016-08-01,I.2 - Juros  Apropriados,31.843995652998988
2016-08-01,II - Operações do mercado com o Banco Central,0.0
2016-08-01,II.1 - Transferência de carteira 11,0.0
2016-08-01,Total dos Fatores (I + II),-1.32836838897274
2016-08-01,Variação Nominal,-1.3283683889760578
2016-09-01,- Cancelamentos (DPMFi),0.0
2016-09-01,- Emissões (DPFe) 5,0.0
2016-09-01,- Emissões Diretas (DPMFi) 4,0.13318447094000002
2016-09-01,- Emissões Oferta Pública (DPMFi) 2,78.05811385214
2016-09-01,- Juros Apropriados da DPFe 10,1.14971261017956
2016-09-01,- Juros Apropriados da DPMFi 9,28.588962524569816
2016-09-01,- Pagamentos Correntes (DPFe),-0.137355309466562
2016-09-01,- Pagamentos Correntes (DPMFi) 6,-16.06830319014
2016-09-01,- Resgates Antecipados (DPFe) 8,0.0
2016-09-01,- Trocas Ofertas Públicas (DPMFi)3,0.15051257380000002
2016-09-01,- Trocas Ofertas Públicas (DPMFi)3,-0.1505056663
2016-09-01,DPFe,125.01528689335998
2016-09-01,DPFe,126.02764419408001
2016-09-01,DPFe,1.0123573007200322
2016-09-01,DPMFi,2830.1711933465094
2016-09-01,DPMFi,2920.883157911518
2016-09-01,DPMFi,90.71196456500888
2016-09-01,Estoque anterior1,2955.186480239869
2016-09-01,Estoque mês em análise,3046.910802105598
2016-09-01,I - Gestão da Dívida - TN (I.1 + I.2),91.72432186572281
2016-09-01,I.1 - Emissão/Resgate Líquido,61.98564673097344
2016-09-01,I.1.1 - Emissões,78.34181089688
2016-09-01,I.1.2 - Resgates,-16.356164165906563
2016-09-01,I.2 - Juros  Apropriados,29.738675134749375
2016-09-01,II - Operações do mercado com o Banco Central,0.0
2016-09-01,II.1 - Transferência de carteira 11,0.0
2016-09-01,Total dos Fatores (I + II),91.72432186572281
2016-09-01,Variação Nominal,91.72432186572891
2016-10-01,- Cancelamentos (DPMFi),-0.02047464124
2016-10-01,- Emissões (DPFe) 5,0.02704691906796
2016-10-01,- Emissões Diretas (DPMFi) 4,0.16095892939
2016-10-01,- Emissões Oferta Pública (DPMFi) 2,77.15202207211999
2016-10-01,- Juros Apropriados da DPFe 10,-1.9737512659652754
2016-10-01,- Juros Apropriados da DPMFi 9,23.992055008730084
2016-10-01,- Pagamentos Correntes (DPFe),-0.47456152155618997
2016-10-01,- Pagamentos Correntes (DPMFi) 6,-112.88283906312
2016-10-01,- Resgates Antecipados (DPFe) 8,0.0
2016-10-01,- Trocas Ofertas Públicas (DPMFi)3,0.07561283263
2016-10-01,- Trocas Ofertas Públicas (DPMFi)3,-0.07560958118000001
2016-10-01,DPFe,126.02764419408001
2016-10-01,DPFe,123.60637832563
2016-10-01,DPFe,-2.4212658684500057
2016-10-01,DPMFi,2920.883157911518
2016-10-01,DPMFi,2909.284883468855
2016-10-01,DPMFi,-11.598274442663417
2016-10-01,Estoque anterior1,3046.910802105598
2016-10-01,Estoque mês em análise,3032.8912617944848
2016-10-01,I - Gestão da Dívida - TN (I.1 + I.2),-14.019540311123434
2016-10-01,I.1 - Emissão/Resgate Líquido,-36.03784405388824
2016-10-01,I.1.1 - Emissões,77.41564075320795
2016-10-01,I.1.2 - Resgates,-113.45348480709619
2016-10-01,I.2 - Juros  Apropriados,22.018303742764807
2016-10-01,II - Operações do mercado com o Banco Central,0.0
2016-10-01,II.1 - Transferência de carteira 11,0.0
2016-10-01,Total dos Fatores (I + II),-14.019540311123434
2016-10-01,Variação Nominal,-14.019540311113422
2016-11-01,- Cancelamentos (DPMFi),-0.0057402359399999995
2016-11-01,- Emissões (DPFe) 5,0.036604348258400005
2016-11-01,- Emissões Diretas (DPMFi) 4,0.24894127648000003
2016-11-01,- Emissões Oferta Pública (DPMFi) 2,38.32111252895999
2016-11-01,- Juros Apropriados da DPFe 10,8.024013024766171
2016-11-01,- Juros Apropriados da DPMFi 9,26.838754354669977
2016-11-01,- Pagamentos Correntes (DPFe),-0.35150695594742
2016-11-01,- Pagamentos Correntes (DPMFi) 6,-13.26568507412
2016-11-01,- Resgates Antecipados (DPFe) 8,-0.07298677963365
2016-11-01,- Trocas Ofertas Públicas (DPMFi)3,0.75194737113
2016-11-01,- Trocas Ofertas Públicas (DPMFi)3,-0.7519382527899999
2016-11-01,DPFe,123.60637832563
2016-11-01,DPFe,131.24250196307
2016-11-01,DPFe,7.636123637440003
2016-11-01,DPMFi,2909.284883468855
2016-11-01,DPMFi,2961.422275437243
2016-11-01,DPMFi,52.13739196838858
2016-11-01,Estoque anterior1,3032.8912617944848
2016-11-01,Estoque mês em análise,3092.6647774003136
2016-11-01,I - Gestão da Dívida - TN (I.1 + I.2),59.773515605833474
2016-11-01,I.1 - Emissão/Resgate Líquido,24.910748226397327
2016-11-01,I.1.1 - Emissões,39.3586055248284
2016-11-01,I.1.2 - Resgates,-14.44785729843107
2016-11-01,I.2 - Juros  Apropriados,34.86276737943615
2016-11-01,II - Operações do mercado com o Banco Central,0.0
2016-11-01,II.1 - Transferência de carteira 11,0.0
2016-11-01,Total dos Fatores (I + II),59.773515605833474
2016-11-01,Variação Nominal,59.77351560582858
2016-12-01,- Cancelamentos (DPMFi),-0.0016758587
2016-12-01,- Emissões (DPFe) 5,0.9903059709593101
2016-12-01,- Emissões Diretas (DPMFi) 4,2.52253877923
2016-12-01,- Emissões Oferta Pública (DPMFi) 2,35.169151015829996
2016-12-01,- Juros Apropriados da DPFe 10,-4.738416568331264
2016-12-01,- Juros Apropriados da DPMFi 9,29.009010489493082
2016-12-01,- Pagamentos Correntes (DPFe),-0.7750144408092801
2016-12-01,- Pagamentos Correntes (DPMFi) 6,-41.70678549482
2016-12-01,- Resgates Antecipados (DPFe) 8,-0.19835642513996
2016-12-01,- Trocas Ofertas Públicas (DPMFi)3,0.11793927191999999
2016-12-01,- Trocas Ofertas Públicas (DPMFi)3,-0.11793701328
2016-12-01,DPFe,131.24250196307
2016-12-01,DPFe,126.52102049975
2016-12-01,DPFe,-4.721481463320015
2016-12-01,DPMFi,2961.422275437243
2016-12-01,DPMFi,2986.414516626913
2016-12-01,DPMFi,24.99224118966982
2016-12-01,Estoque anterior1,3092.6647774003136
2016-12-01,Estoque mês em análise,3112.9355371266633
2016-12-01,I - Gestão da Dívida - TN (I.1 + I.2),20.270759726351876
2016-12-01,I.1 - Emissão/Resgate Líquido,-3.9998341948099405
2016-12-01,I.1.1 - Emissões,38.7999350379393
2016-12-01,I.1.2 - Resgates,-42.79976923274924
2016-12-01,I.2 - Juros  Apropriados,24.27059392116182
2016-12-01,II - Operações do mercado com o Banco Central,0.0
2016-12-01,II.1 - Transferência de carteira 11,0.0
2016-12-01,Total dos Fatores (I + II),20.270759726351876
2016-12-01,Variação Nominal,20.2707597263498
2017-01-01,- Cancelamentos (DPMFi),-0.02586582797
2017-01-01,- Emissões (DPFe) 5,0.4963602257893
2017-01-01,- Emissões Diretas (DPMFi) 4,1.2689984807099999
2017-01-01,- Emissões Oferta Pública (DPMFi) 2,68.67502663022
2017-01-01,- Juros Apropriados da DPFe 10,-3.1488136125449055
2017-01-01,- Juros Apropriados da DPMFi 9,27.684439174830047
2017-01-01,- Pagamentos Correntes (DPFe),-9.0698420003809
2017-01-01,- Pagamentos Correntes (DPMFi) 6,-145.30708126618
2017-01-01,- Resgates Antecipados (DPFe) 8,0.0
2017-01-01,- Trocas Ofertas Públicas (DPMFi)3,0.0
2017-01-01,- Trocas Ofertas Públicas (DPMFi)3,0.0
2017-01-01,DPFe,126.52102049975
2017-01-01,DPFe,114.79872511261001
2017-01-01,DPFe,-11.722295387139981
2017-01-01,DPMFi,2986.414516626913
2017-01-01,DPMFi,2938.55462975183
2017-01-01,DPMFi,-47.859886875083205
2017-01-01,Estoque anterior1,3112.9355371266633
2017-01-01,Estoque mês em análise,3053.35335486444
2017-01-01,I - Gestão da Dívida - TN (I.1 + I.2),-59.42677819552647
2017-01-01,I.1 - Emissão/Resgate Líquido,-83.96240375781161
2017-01-01,I.1.1 - Emissões,70.4403853367193
2017-01-01,I.1.2 - Resgates,-154.40278909453093
2017-01-01,I.2 - Juros  Apropriados,24.53562556228514
2017-01-01,II - Operações do mercado com o Banco Central,-0.15540406569999998
2017-01-01,II.1 - Transferência de carteira 11,-0.15540406569999998
2017-01-01,Total dos Fatores (I + II),-59.582182261226464
2017-01-01,Variação Nominal,-59.582182262223185
2017-02-01,- Cancelamentos (DPMFi),-0.0036639719899999998
2017-02-01,- Emissões (DPFe) 5,0.0239603355372
2017-02-01,- Emissões Diretas (DPMFi) 4,0.07785312775
2017-02-01,- Emissões Oferta Pública (DPMFi) 2,73.73730076655
2017-02-01,- Juros Apropriados da DPFe 10,-0.5863979845293839
2017-02-01,- Juros Apropriados da DPMFi 9,24.00363751043001
2017-02-01,- Pagamentos Correntes (DPFe),-0.30508195120981996
2017-02-01,- Pagamentos Correntes (DPMFi) 6,-15.53886179311
2017-02-01,- Resgates Antecipados (DPFe) 8,0.0
2017-02-01,- Trocas Ofertas Públicas (DPMFi)3,1.80251670323
2017-02-01,- Trocas Ofertas Públicas (DPMFi)3,-1.80249317548
2017-02-01,DPFe,114.79872511261001
2017-02-01,DPFe,113.93120551241
2017-02-01,DPFe,-0.8675196002000157
2017-02-01,DPMFi,2938.55462975183
2017-02-01,DPMFi,3020.7413874558465
2017-02-01,DPMFi,82.18675770401676
2017-02-01,Estoque anterior1,3053.35335486444
2017-02-01,Estoque mês em análise,3134.6725929682566
2017-02-01,I - Gestão da Dívida - TN (I.1 + I.2),81.408769567178
2017-02-01,I.1 - Emissão/Resgate Líquido,57.99153004127737
2017-02-01,I.1.1 - Emissões,75.64163093306719
2017-02-01,I.1.2 - Resgates,-17.650100891789823
2017-02-01,I.2 - Juros  Apropriados,23.417239525900627
2017-02-01,II - Operações do mercado com o Banco Central,-0.08953146336000001
2017-02-01,II.1 - Transferência de carteira 11,-0.08953146336000001
2017-02-01,Total dos Fatores (I + II),81.319238103818
2017-02-01,Variação Nominal,81.31923810381673
2017-03-01,- Cancelamentos (DPMFi),-4.379596e-05
2017-03-01,- Emissões (DPFe) 5,3.8106915107167203
2017-03-01,- Emissões Diretas (DPMFi) 4,1.01452400501
2017-03-01,- Emissões Oferta Pública (DPMFi) 2,75.54905765447
2017-03-01,- Juros Apropriados da DPFe 10,3.1109913859776994
2017-03-01,- Juros Apropriados da DPMFi 9,29.840722098480473
2017-03-01,- Pagamentos Correntes (DPFe),-0.12638176908232002
2017-03-01,- Pagamentos Correntes (DPMFi) 6,-13.22289548256
2017-03-01,- Resgates Antecipados (DPFe) 8,-0.42613637584159
2017-03-01,- Trocas Ofertas Públicas (DPMFi)3,0.0
2017-03-01,- Trocas Ofertas Públicas (DPMFi)3,0.0
2017-03-01,DPFe,113.93120551241
2017-03-01,DPFe,120.30037026416998
2017-03-01,DPFe,6.369164751759977
2017-03-01,DPMFi,3020.7413874558465
2017-03-01,DPMFi,3113.84347154783
2017-03-01,DPMFi,93.10208409198374
2017-03-01,Estoque anterior1,3134.6725929682566
2017-03-01,Estoque mês em análise,3234.143841812
2017-03-01,I - Gestão da Dívida - TN (I.1 + I.2),99.55052923121099
2017-03-01,I.1 - Emissão/Resgate Líquido,66.5988157467528
2017-03-01,I.1.1 - Emissões,80.37427317019672
2017-03-01,I.1.2 - Resgates,-13.77545742344391
2017-03-01,I.2 - Juros  Apropriados,32.951713484458175
2017-03-01,II - Operações do mercado com o Banco Central,-0.07928038746
2017-03-01,II.1 - Transferência de carteira 11,-0.07928038746
2017-03-01,Total dos Fatores (I + II),99.47124884375097
2017-03-01,Variação Nominal,99.47124884374371
2017-04-01,- Cancelamentos (DPMFi),-0.0007379961499999999
2017-04-01,- Emissões (DPFe) 5,0.00484721390966
2017-04-01,- Emissões Diretas (DPMFi) 4,0.03027678911
2017-04-01,- Emissões Oferta Pública (DPMFi) 2,62.01714815721
2017-04-01,- Juros Apropriados da DPFe 10,1.8605693634957112
2017-04-01,- Juros Apropriados da DPMFi 9,21.75184589976961
2017-04-01,- Pagamentos Correntes (DPFe),-0.65091369619052
2017-04-01,- Pagamentos Correntes (DPMFi) 6,-74.41523191662
2017-04-01,- Resgates Antecipados (DPFe) 8,-0.23435555493186
2017-04-01,- Trocas Ofertas Públicas (DPMFi)3,0.0
2017-04-01,- Trocas Ofertas Públicas (DPMFi)3,0.0
2017-04-01,DPFe,120.30037026416998
2017-04-01,DPFe,121.28051759046
2017-04-01,DPFe,0.9801473262900108
2017-04-01,DPMFi,3113.84347154783
2017-04-01,DPMFi,3123.226772481148
2017-04-01,DPMFi,9.383300933317747
2017-04-01,Estoque anterior1,3234.143841812
2017-04-01,Estoque mês em análise,3244.507290071608
2017-04-01,I - Gestão da Dívida - TN (I.1 + I.2),10.363448259602613
2017-04-01,I.1 - Emissão/Resgate Líquido,-13.248967003662706
2017-04-01,I.1.1 - Emissões,62.05227216022966
2017-04-01,I.1.2 - Resgates,-75.30123916389238
2017-04-01,I.2 - Juros  Apropriados,23.61241526326532
2017-04-01,II - Operações do mercado com o Banco Central,0.0
2017-04-01,II.1 - Transferência de carteira 11,0.0
2017-04-01,Total dos Fatores (I + II),10.363448259602613
2017-04-01,Variação Nominal,10.363448259607758
2017-05-01,- Cancelamentos (DPMFi),-0.00022050949
2017-05-01,- Emissões (DPFe) 5,0.037954479625545
2017-05-01,- Emissões Diretas (DPMFi) 4,0.07724481345
2017-05-01,- Emissões Oferta Pública (DPMFi) 2,45.71046020738999
2017-05-01,- Juros Apropriados da DPFe 10,2.590777695796041
2017-05-01,- Juros Apropriados da DPMFi 9,25.665454367941535
2017-05-01,- Pagamentos Correntes (DPFe),-0.32458943284771696
2017-05-01,- Pagamentos Correntes (DPMFi) 6,-64.52547433825
2017-05-01,- Resgates Antecipados (DPFe) 8,-0.713520115327668
2017-05-01,- Trocas Ofertas Públicas (DPMFi)3,0.96306262971
2017-05-01,- Trocas Ofertas Públicas (DPMFi)3,-0.9630595117
2017-05-01,DPFe,121.28051759046
2017-05-01,DPFe,122.87114021770999
2017-05-01,DPFe,1.5906226272500061
2017-05-01,DPMFi,3123.226772481148
2017-05-01,DPMFi,3130.1542401402016
2017-05-01,DPMFi,6.927467659053392
2017-05-01,Estoque anterior1,3244.507290071608
2017-05-01,Estoque mês em análise,3253.025380357911
2017-05-01,I - Gestão da Dívida - TN (I.1 + I.2),8.518090286297728
2017-05-01,I.1 - Emissão/Resgate Líquido,-19.73814177743985
2017-05-01,I.1.1 - Emissões,46.78872213017554
2017-05-01,I.1.2 - Resgates,-66.5268639076154
2017-05-01,I.2 - Juros  Apropriados,28.256232063737578
2017-05-01,II - Operações do mercado com o Banco Central,0.0
2017-05-01,II.1 - Transferência de carteira 11,0.0
2017-05-01,Total dos Fatores (I + II),8.518090286297728
2017-05-01,Variação Nominal,8.5180902863034
2017-06-01,- Cancelamentos (DPMFi),-0.00012029916999999999
2017-06-01,- Emissões (DPFe) 5,0.514481018292321
2017-06-01,- Emissões Diretas (DPMFi) 4,0.6956741607099999
2017-06-01,- Emissões Oferta Pública (DPMFi) 2,72.89264408269999
2017-06-01,- Juros Apropriados da DPFe 10,3.046311496682406
2017-06-01,- Juros Apropriados da DPMFi 9,31.314133578698513
2017-06-01,- Pagamentos Correntes (DPFe),-2.0903742111209698
2017-06-01,- Pagamentos Correntes (DPMFi) 6,-1.4023646324599999
2017-06-01,- Resgates Antecipados (DPFe) 8,-0.348671244793762
2017-06-01,- Trocas Ofertas Públicas (DPMFi)3,0.0
2017-06-01,- Trocas Ofertas Públicas (DPMFi)3,0.0
2017-06-01,DPFe,122.87114021770999
2017-06-01,DPFe,123.99288727677
2017-06-01,DPFe,1.1217470590600134
2017-06-01,DPMFi,3130.1542401402016
2017-06-01,DPMFi,3233.654207030684
2017-06-01,DPMFi,103.4999668904827
2017-06-01,Estoque anterior1,3253.025380357911
2017-06-01,Estoque mês em análise,3357.647094307454
2017-06-01,I - Gestão da Dívida - TN (I.1 + I.2),104.6217139495385
2017-06-01,I.1 - Emissão/Resgate Líquido,70.26126887415758
2017-06-01,I.1.1 - Emissões,74.10279926170232
2017-06-01,I.1.2 - Resgates,-3.841530387544732
2017-06-01,I.2 - Juros  Apropriados,34.36044507538092
2017-06-01,II - Operações do mercado com o Banco Central,0.0
2017-06-01,II.1 - Transferência de carteira 11,0.0
2017-06-01,Total dos Fatores (I + II),104.6217139495385
2017-06-01,Variação Nominal,104.62171394954271
2017-07-01,- Cancelamentos (DPMFi),-0.00227525815
2017-07-01,- Emissões (DPFe) 5,0.06815227522408
2017-07-01,- Emissões Diretas (DPMFi) 4,0.11573020299
2017-07-01,- Emissões Oferta Pública (DPMFi) 2,64.87007741136999
2017-07-01,- Juros Apropriados da DPFe 10,-5.045997021546444
2017-07-01,- Juros Apropriados da DPMFi 9,22.722328324339994
2017-07-01,- Pagamentos Correntes (DPFe),-2.49908698528763
2017-07-01,- Pagamentos Correntes (DPMFi) 6,-96.39065691316
2017-07-01,- Resgates Antecipados (DPFe) 8,-0.10823812457
2017-07-01,- Trocas Ofertas Públicas (DPMFi)3,0.0
2017-07-01,- Trocas Ofertas Públicas (DPMFi)3,0.0
2017-07-01,DPFe,123.99288727677
2017-07-01,DPFe,116.40771742058
2017-07-01,DPFe,-7.585169856190012
2017-07-01,DPMFi,3233.654207030684
2017-07-01,DPMFi,3224.9694107980736
2017-07-01,DPMFi,-8.684796232610475
2017-07-01,Estoque anterior1,3357.647094307454
2017-07-01,Estoque mês em análise,3341.3771282186535
2017-07-01,I - Gestão da Dívida - TN (I.1 + I.2),-16.269966088789996
2017-07-01,I.1 - Emissão/Resgate Líquido,-33.94629739158355
2017-07-01,I.1.1 - Emissões,65.05395988958408
2017-07-01,I.1.2 - Resgates,-99.00025728116762
2017-07-01,I.2 - Juros  Apropriados,17.67633130279355
2017-07-01,II - Operações do mercado com o Banco Central,0.0
2017-07-01,II.1 - Transferência de carteira 11,0.0
2017-07-01,Total dos Fatores (I + II),-16.269966088789996
2017-07-01,Variação Nominal,-16.269966088800487
2017-08-01,- Cancelamentos (DPMFi),-0.02267957055
2017-08-01,- Emissões (DPFe) 5,0.22734935447349702
2017-08-01,- Emissões Diretas (DPMFi) 4,0.09847495705
2017-08-01,- Emissões Oferta Pública (DPMFi) 2,50.22301687627
2017-08-01,- Juros Apropriados da DPFe 10,1.2383819158019689
2017-08-01,- Juros Apropriados da DPMFi 9,28.375459827129664
2017-08-01,- Pagamentos Correntes (DPFe),-0.28974127203657796
2017-08-01,- Pagamentos Correntes (DPMFi) 6,-17.21549209521
2017-08-01,- Resgates Antecipados (DPFe) 8,-0.0166787498888889
2017-08-01,- Trocas Ofertas Públicas (DPMFi)3,0.51085968295
2017-08-01,- Trocas Ofertas Públicas (DPMFi)3,-0.51085336087
2017-08-01,DPFe,116.40771742058
2017-08-01,DPFe,117.56702866894
2017-08-01,DPFe,1.1593112483599979
2017-08-01,DPMFi,3224.9694107980736
2017-08-01,DPMFi,3286.42819711484
2017-08-01,DPMFi,61.45878631676594
2017-08-01,Estoque anterior1,3341.3771282186535
2017-08-01,Estoque mês em análise,3403.99522578378
2017-08-01,I - Gestão da Dívida - TN (I.1 + I.2),62.61809756511966
2017-08-01,I.1 - Emissão/Resgate Líquido,33.00425582218803
2017-08-01,I.1.1 - Emissões,51.0597008707435
2017-08-01,I.1.2 - Resgates,-18.05544504855547
2017-08-01,I.2 - Juros  Apropriados,29.613841742931633
2017-08-01,II - Operações do mercado com o Banco Central,0.0
2017-08-01,II.1 - Transferência de carteira 11,0.0
2017-08-01,Total dos Fatores (I + II),62.61809756511966
2017-08-01,Variação Nominal,62.618097565125936
2017-09-01,- Cancelamentos (DPMFi),-0.00256699081
2017-09-01,- Emissões (DPFe) 5,0.25154820211013
2017-09-01,- Emissões Diretas (DPMFi) 4,0.066295012
2017-09-01,- Emissões Oferta Pública (DPMFi) 2,56.40833752302999
2017-09-01,- Juros Apropriados da DPFe 10,1.1738852875188173
2017-09-01,- Juros Apropriados da DPMFi 9,25.979756610259777
2017-09-01,- Pagamentos Correntes (DPFe),-0.11031158944894
2017-09-01,- Pagamentos Correntes (DPMFi) 6,-56.93270496097
2017-09-01,- Resgates Antecipados (DPFe) 8,0.0
2017-09-01,- Trocas Ofertas Públicas (DPMFi)3,0.0
2017-09-01,- Trocas Ofertas Públicas (DPMFi)3,0.0
2017-09-01,DPFe,117.56702866894
2017-09-01,DPFe,118.88215056912
2017-09-01,DPFe,1.3151219001800054
2017-09-01,DPMFi,3286.42819711484
2017-09-01,DPMFi,3311.9489647922196
2017-09-01,DPMFi,25.520767677379773
2017-09-01,Estoque anterior1,3403.99522578378
2017-09-01,Estoque mês em análise,3430.8311153613395
2017-09-01,I - Gestão da Dívida - TN (I.1 + I.2),26.834239093689778
2017-09-01,I.1 - Emissão/Resgate Líquido,-0.31940280408881516
2017-09-01,I.1.1 - Emissões,56.726180737140126
2017-09-01,I.1.2 - Resgates,-57.045583541228936
2017-09-01,I.2 - Juros  Apropriados,27.153641897778595
2017-09-01,II - Operações do mercado com o Banco Central,0.0016504838699999999
2017-09-01,II.1 - Transferência de carteira 11,0.0016504838699999999
2017-09-01,Total dos Fatores (I + II),26.835889577559776
2017-09-01,Variação Nominal,26.835889577559776
2017-10-01,- Cancelamentos (DPMFi),-0.04874248829
2017-10-01,- Emissões (DPFe) 5,9.46590112647856
2017-10-01,- Emissões Diretas (DPMFi) 4,0.49720117279
2017-10-01,- Emissões Oferta Pública (DPMFi) 2,56.63086403057999
2017-10-01,- Juros Apropriados da DPFe 10,5.904586420417441
2017-10-01,- Juros Apropriados da DPMFi 9,25.070035163650584
2017-10-01,- Pagamentos Correntes (DPFe),-0.56633719685938
2017-10-01,- Pagamentos Correntes (DPMFi) 6,-82.68852437243
2017-10-01,- Resgates Antecipados (DPFe) 8,-6.62061360384663
2017-10-01,- Trocas Ofertas Públicas (DPMFi)3,0.0
2017-10-01,- Trocas Ofertas Públicas (DPMFi)3,0.0
2017-10-01,DPFe,118.88215056912
2017-10-01,DPFe,127.06568731531
2017-10-01,DPFe,8.183536746190002
2017-10-01,DPMFi,3311.9489647922196
2017-10-01,DPMFi,3311.40979829852
2017-10-01,DPMFi,-0.5391664936994203
2017-10-01,Estoque anterior1,3430.8311153613395
2017-10-01,Estoque mês em análise,3438.4754856138297
2017-10-01,I - Gestão da Dívida - TN (I.1 + I.2),7.6443702524905675
2017-10-01,I.1 - Emissão/Resgate Líquido,-23.330251331577458
2017-10-01,I.1.1 - Emissões,66.59396632984856
2017-10-01,I.1.2 - Resgates,-89.92421766142601
2017-10-01,I.2 - Juros  Apropriados,30.974621584068025
2017-10-01,II - Operações do mercado com o Banco Central,0.0
2017-10-01,II.1 - Transferência de carteira 11,0.0
2017-10-01,Total dos Fatores (I + II),7.6443702524905675
2017-10-01,Variação Nominal,7.644370252490582
2017-11-01,- Cancelamentos (DPMFi),-0.00889724182
2017-11-01,- Emissões (DPFe) 5,0.00331138367388
2017-11-01,- Emissões Diretas (DPMFi) 4,3.64770357026
2017-11-01,- Emissões Oferta Pública (DPMFi) 2,44.37455878434
2017-11-01,- Juros Apropriados da DPFe 10,0.5989677931270889
2017-11-01,- Juros Apropriados da DPMFi 9,25.13221882172998
2017-11-01,- Pagamentos Correntes (DPFe),-0.250962421518566
2017-11-01,- Pagamentos Correntes (DPMFi) 6,-12.27118196203
2017-11-01,- Resgates Antecipados (DPFe) 8,-6.0148254305924
2017-11-01,- Trocas Ofertas Públicas (DPMFi)3,0.5818264712500001
2017-11-01,- Trocas Ofertas Públicas (DPMFi)3,-0.5818159671199999
2017-11-01,DPFe,127.06568731531
2017-11-01,DPFe,121.40217864
2017-11-01,DPFe,-5.663508675310004
2017-11-01,DPMFi,3311.40979829852
2017-11-01,DPMFi,3371.98120679938
2017-11-01,DPMFi,60.57140850085998
2017-11-01,Estoque anterior1,3438.4754856138297
2017-11-01,Estoque mês em análise,3493.38338543938
2017-11-01,I - Gestão da Dívida - TN (I.1 + I.2),55.21090380129998
2017-11-01,I.1 - Emissão/Resgate Líquido,29.47971718644292
2017-11-01,I.1.1 - Emissões,48.60740020952388
2017-11-01,I.1.2 - Resgates,-19.127683023080966
2017-11-01,I.2 - Juros  Apropriados,25.731186614857066
2017-11-01,II - Operações do mercado com o Banco Central,-0.30300397575
2017-11-01,II.1 - Transferência de carteira 11,-0.30300397575
2017-11-01,Total dos Fatores (I + II),54.90789982554998
2017-11-01,Variação Nominal,54.907899825549976
2017-12-01,- Cancelamentos (DPMFi),-0.017010267460000002
2017-12-01,- Emissões (DPFe) 5,0.9950300894465144
2017-12-01,- Emissões Diretas (DPMFi) 4,4.88826667923
2017-12-01,- Emissões Oferta Pública (DPMFi) 2,33.14823751903
2017-12-01,- Juros Apropriados da DPFe 10,2.2812889379871066
2017-12-01,- Juros Apropriados da DPMFi 9,27.634597137049788
2017-12-01,- Pagamentos Correntes (DPFe),-0.892303363603625
2017-12-01,- Pagamentos Correntes (DPMFi) 6,-1.90161634129
2017-12-01,- Resgates Antecipados (DPFe) 8,0.0
2017-12-01,- Trocas Ofertas Públicas (DPMFi)3,0.0
2017-12-01,- Trocas Ofertas Públicas (DPMFi)3,0.0
2017-12-01,DPFe,121.40217864
2017-12-01,DPFe,123.78619430383
2017-12-01,DPFe,2.384015663829996
2017-12-01,DPMFi,3371.98120679938
2017-12-01,DPMFi,3435.48506396664
2017-12-01,DPMFi,63.50385716726026
2017-12-01,Estoque anterior1,3493.38338543938
2017-12-01,Estoque mês em análise,3559.2712582704703
2017-12-01,I - Gestão da Dívida - TN (I.1 + I.2),66.13649039038978
2017-12-01,I.1 - Emissão/Resgate Líquido,36.22060431535289
2017-12-01,I.1.1 - Emissões,39.03153428770651
2017-12-01,I.1.2 - Resgates,-2.810929972353625
2017-12-01,I.2 - Juros  Apropriados,29.91588607503689
2017-12-01,II - Operações do mercado com o Banco Central,-0.2486175593
2017-12-01,II.1 - Transferência de carteira 11,-0.2486175593
2017-12-01,Total dos Fatores (I + II),65.88787283108978
2017-12-01,Variação Nominal,65.88787283109025
2018-01-01,- Cancelamentos (DPMFi),-0.01357142069
2018-01-01,- Emissões (DPFe) 5,5.452021370979099
2018-01-01,- Emissões Diretas (DPMFi) 4,0.06575907311
2018-01-01,- Emissões Oferta Pública (DPMFi) 2,51.29606213214999
2018-01-01,- Juros Apropriados da DPFe 10,-3.975959436230063
2018-01-01,- Juros Apropriados da DPMFi 9,25.757766741970276
2018-01-01,- Pagamentos Correntes (DPFe),-2.415779128329014
2018-01-01,- Pagamentos Correntes (DPMFi) 6,-106.88223866249
2018-01-01,- Resgates Antecipados (DPFe) 8,0.0
2018-01-01,- Trocas Ofertas Públicas (DPMFi)3,0.0
2018-01-01,- Trocas Ofertas Públicas (DPMFi)3,0.0
2018-01-01,DPFe,123.78619430383
2018-01-01,DPFe,122.84647711025002
2018-01-01,DPFe,-0.9397171935799706
2018-01-01,DPMFi,3435.48506396664
2018-01-01,DPMFi,3405.46296422347
2018-01-01,DPMFi,-30.022099743170198
2018-01-01,Estoque anterior1,3559.2712582704703
2018-01-01,Estoque mês em análise,3528.30944133372
2018-01-01,I - Gestão da Dívida - TN (I.1 + I.2),-30.715939329529707
2018-01-01,I.1 - Emissão/Resgate Líquido,-52.49774663526992
2018-01-01,I.1.1 - Emissões,56.81384257623909
2018-01-01,I.1.2 - Resgates,-109.31158921150902
2018-01-01,I.2 - Juros  Apropriados,21.781807305740212
2018-01-01,II - Operações do mercado com o Banco Central,-0.24587760722000002
2018-01-01,II.1 - Transferência de carteira 11,-0.24587760722000002
2018-01-01,Total dos Fatores (I + II),-30.96181693674971
2018-01-01,Variação Nominal,-30.961816936750168
2018-02-01,- Cancelamentos (DPMFi),-0.00735221224
2018-02-01,- Emissões (DPFe) 5,0.00045836
2018-02-01,- Emissões Diretas (DPMFi) 4,0.08259995071000001
2018-02-01,- Emissões Oferta Pública (DPMFi) 2,46.78157043257001
2018-02-01,- Juros Apropriados da DPFe 10,3.1415797877299063
2018-02-01,- Juros Apropriados da DPMFi 9,22.426998702859944
2018-02-01,- Pagamentos Correntes (DPFe),-0.39943501100993095
2018-02-01,- Pagamentos Correntes (DPMFi) 6,-17.94463924714
2018-02-01,- Resgates Antecipados (DPFe) 8,0.0
2018-02-01,- Trocas Ofertas Públicas (DPMFi)3,0.22572717803
2018-02-01,- Trocas Ofertas Públicas (DPMFi)3,-0.22571760692
2018-02-01,DPFe,122.84647711025002
2018-02-01,DPFe,125.58908024697
2018-02-01,DPFe,2.7426031367199757
2018-02-01,DPMFi,3405.46296422347
2018-02-01,DPMFi,3456.5597184106405
2018-02-01,DPMFi,51.09675418717042
2018-02-01,Estoque anterior1,3528.30944133372
2018-02-01,Estoque mês em análise,3582.1487986576108
2018-02-01,I - Gestão da Dívida - TN (I.1 + I.2),54.081790334589925
2018-02-01,I.1 - Emissão/Resgate Líquido,28.513211844000075
2018-02-01,I.1.1 - Emissões,47.09035592131
2018-02-01,I.1.2 - Resgates,-18.577144077309928
2018-02-01,I.2 - Juros  Apropriados,25.568578490589847
2018-02-01,II - Operações do mercado com o Banco Central,-0.2424330107
2018-02-01,II.1 - Transferência de carteira 11,-0.2424330107
2018-02-01,Total dos Fatores (I + II),53.83935732388993
2018-02-01,Variação Nominal,53.83935732389039
2018-03-01,- Cancelamentos (DPMFi),-0.024042201819999998
2018-03-01,- Emissões (DPFe) 5,0.015269835897306001
2018-03-01,- Emissões Diretas (DPMFi) 4,0.08187884358
2018-03-01,- Emissões Oferta Pública (DPMFi) 2,77.53965316213
2018-03-01,- Juros Apropriados da DPFe 10,3.4776059668296555
2018-03-01,- Juros Apropriados da DPMFi 9,26.75632502324007
2018-03-01,- Pagamentos Correntes (DPFe),-0.086668076516962
2018-03-01,- Pagamentos Correntes (DPMFi) 6,-53.48948100156
2018-03-01,- Resgates Antecipados (DPFe) 8,-0.08717633925
2018-03-01,- Trocas Ofertas Públicas (DPMFi)3,0.0
2018-03-01,- Trocas Ofertas Públicas (DPMFi)3,0.0
2018-03-01,DPFe,125.58908024697
2018-03-01,DPFe,128.90811163393
2018-03-01,DPFe,3.3190313869599923
2018-03-01,DPMFi,3456.5597184106405
2018-03-01,DPMFi,3507.42405223621
2018-03-01,DPMFi,50.8643338255696
2018-03-01,Estoque anterior1,3582.1487986576108
2018-03-01,Estoque mês em análise,3636.33216387014
2018-03-01,I - Gestão da Dívida - TN (I.1 + I.2),54.183365212530056
2018-03-01,I.1 - Emissão/Resgate Líquido,23.949434222460333
2018-03-01,I.1.1 - Emissões,77.6368018416073
2018-03-01,I.1.2 - Resgates,-53.687367619146954
2018-03-01,I.2 - Juros  Apropriados,30.233930990069727
2018-03-01,II - Operações do mercado com o Banco Central,0.0
2018-03-01,II.1 - Transferência de carteira 11,0.0
2018-03-01,Total dos Fatores (I + II),54.183365212530056
2018-03-01,Variação Nominal,54.183365212529594
2018-04-01,- Cancelamentos (DPMFi),-0.02934390252
2018-04-01,- Emissões (DPFe) 5,0.037106329467108
2018-04-01,- Emissões Diretas (DPMFi) 4,0.08206182747
2018-04-01,- Emissões Oferta Pública (DPMFi) 2,92.03375094647998
2018-04-01,- Juros Apropriados da DPFe 10,5.887771338021856
2018-04-01,- Juros Apropriados da DPMFi 9,23.813137367649706
2018-04-01,- Pagamentos Correntes (DPFe),-0.6756811233625301
2018-04-01,- Pagamentos Correntes (DPMFi) 6,-98.41941219195
2018-04-01,- Resgates Antecipados (DPFe) 8,-0.0642924566464375
2018-04-01,- Trocas Ofertas Públicas (DPMFi)3,0.0
2018-04-01,- Trocas Ofertas Públicas (DPMFi)3,0.0
2018-04-01,DPFe,128.90811163393
2018-04-01,DPFe,134.09301572140998
2018-04-01,DPFe,5.184904087479998
2018-04-01,DPMFi,3507.42405223621
2018-04-01,DPMFi,3524.41985772162
2018-04-01,DPMFi,16.995805485409683
2018-04-01,Estoque anterior1,3636.33216387014
2018-04-01,Estoque mês em análise,3658.51287344303
2018-04-01,I - Gestão da Dívida - TN (I.1 + I.2),22.665098134609664
2018-04-01,I.1 - Emissão/Resgate Líquido,-7.035810571061899
2018-04-01,I.1.1 - Emissões,92.15291910341708
2018-04-01,I.1.2 - Resgates,-99.18872967447898
2018-04-01,I.2 - Juros  Apropriados,29.700908705671562
2018-04-01,II - Operações do mercado com o Banco Central,-0.48438856172
2018-04-01,II.1 - Transferência de carteira 11,-0.48438856172
2018-04-01,Total dos Fatores (I + II),22.180709572889665
2018-04-01,Variação Nominal,22.180709572889683
2018-05-01,- Cancelamentos (DPMFi),-0.0033706320600000003
2018-05-01,- Emissões (DPFe) 5,0.198735786346821
2018-05-01,- Emissões Diretas (DPMFi) 4,0.50977924378
2018-05-01,- Emissões Oferta Pública (DPMFi) 2,33.907817764659995
2018-05-01,- Juros Apropriados da DPFe 10,9.128248353314309
2018-05-01,- Juros Apropriados da DPMFi 9,29.477044712020003
2018-05-01,- Pagamentos Correntes (DPFe),-0.260767782385189
2018-05-01,- Pagamentos Correntes (DPMFi) 6,-14.31204029675
2018-05-01,- Resgates Antecipados (DPFe) 8,-0.19209339294593702
2018-05-01,- Trocas Ofertas Públicas (DPMFi)3,0.7192257872400001
2018-05-01,- Trocas Ofertas Públicas (DPMFi)3,-0.71922235173
2018-05-01,DPFe,134.09301572140998
2018-05-01,DPFe,142.96713868574
2018-05-01,DPFe,8.874122964330018
2018-05-01,DPMFi,3524.41985772162
2018-05-01,DPMFi,3573.7476862152093
2018-05-01,DPMFi,49.327828493589536
2018-05-01,Estoque anterior1,3658.51287344303
2018-05-01,Estoque mês em análise,3716.714824900949
2018-05-01,I - Gestão da Dívida - TN (I.1 + I.2),58.45335719149001
2018-05-01,I.1 - Emissão/Resgate Líquido,19.84806412615569
2018-05-01,I.1.1 - Emissões,35.33555858202682
2018-05-01,I.1.2 - Resgates,-15.487494455871126
2018-05-01,I.2 - Juros  Apropriados,38.605293065334315
2018-05-01,II - Operações do mercado com o Banco Central,-0.25140573357
2018-05-01,II.1 - Transferência de carteira 11,-0.25140573357
2018-05-01,Total dos Fatores (I + II),58.20195145792001
2018-05-01,Variação Nominal,58.201951457919556
2018-06-01,- Cancelamentos (DPMFi),-0.005439905310000001
2018-06-01,- Emissões (DPFe) 5,0.059955188121834
2018-06-01,- Emissões Diretas (DPMFi) 4,0.32117316347
2018-06-01,- Emissões Oferta Pública (DPMFi) 2,22.17780066419
2018-06-01,- Juros Apropriados da DPFe 10,4.803465114402095
2018-06-01,- Juros Apropriados da DPMFi 9,33.23915529109042
2018-06-01,- Pagamentos Correntes (DPFe),-0.952325429872057
2018-06-01,- Pagamentos Correntes (DPMFi) 6,-21.91750293417
2018-06-01,- Resgates Antecipados (DPFe) 8,-0.089159514921875
2018-06-01,- Trocas Ofertas Públicas (DPMFi)3,0.0
2018-06-01,- Trocas Ofertas Públicas (DPMFi)3,0.0
2018-06-01,DPFe,142.96713868574
2018-06-01,DPFe,146.78907404346998
2018-06-01,DPFe,3.8219353577299624
2018-06-01,DPMFi,3573.7476862152093
2018-06-01,DPMFi,3607.3085329369305
2018-06-01,DPMFi,33.56084672172135
2018-06-01,Estoque anterior1,3716.714824900949
2018-06-01,Estoque mês em análise,3754.0976069804005
2018-06-01,I - Gestão da Dívida - TN (I.1 + I.2),37.637121637000426
2018-06-01,I.1 - Emissão/Resgate Líquido,-0.40549876849209615
2018-06-01,I.1.1 - Emissões,22.558929015781832
2018-06-01,I.1.2 - Resgates,-22.96442778427393
2018-06-01,I.2 - Juros  Apropriados,38.04262040549252
2018-06-01,II - Operações do mercado com o Banco Central,-0.25433955755
2018-06-01,II.1 - Transferência de carteira 11,-0.25433955755
2018-06-01,Total dos Fatores (I + II),37.38278207945042
2018-06-01,Variação Nominal,37.38278207945131
2018-07-01,- Cancelamentos (DPMFi),-0.005369636
2018-07-01,- Emissões (DPFe) 5,0.021751345939099997
2018-07-01,- Emissões Diretas (DPMFi) 4,0.7631688928
2018-07-01,- Emissões Oferta Pública (DPMFi) 2,58.04666854356
2018-07-01,- Juros Apropriados da DPFe 10,-2.759265120761496
2018-07-01,- Juros Apropriados da DPMFi 9,30.262973474909632
2018-07-01,- Pagamentos Correntes (DPFe),-2.77138142098759
2018-07-01,- Pagamentos Correntes (DPMFi) 6,-88.56665257860999
2018-07-01,- Resgates Antecipados (DPFe) 8,0.0
2018-07-01,- Trocas Ofertas Públicas (DPMFi)3,0.0
2018-07-01,- Trocas Ofertas Públicas (DPMFi)3,0.0
2018-07-01,DPFe,146.78907404346998
2018-07-01,DPFe,141.28017884766
2018-07-01,DPFe,-5.5088951958099495
2018-07-01,DPMFi,3607.3085329369305
2018-07-01,DPMFi,3607.5559758212
2018-07-01,DPMFi,0.24744288426917047
2018-07-01,Estoque anterior1,3754.0976069804005
2018-07-01,Estoque mês em análise,3748.8361546688598
2018-07-01,I - Gestão da Dívida - TN (I.1 + I.2),-5.008106499150348
2018-07-01,I.1 - Emissão/Resgate Líquido,-32.51181485329848
2018-07-01,I.1.1 - Emissões,58.8315887822991
2018-07-01,I.1.2 - Resgates,-91.34340363559758
2018-07-01,I.2 - Juros  Apropriados,27.503708354148138
2018-07-01,II - Operações do mercado com o Banco Central,-0.25334581239
2018-07-01,II.1 - Transferência de carteira 11,-0.25334581239
2018-07-01,Total dos Fatores (I + II),-5.261452311540348
2018-07-01,Variação Nominal,-5.261452311540779
2018-08-01,- Cancelamentos (DPMFi),-3.46788e-06
2018-08-01,- Emissões (DPFe) 5,0.159198760694454
2018-08-01,- Emissões Diretas (DPMFi) 4,0.15436253295
2018-08-01,- Emissões Oferta Pública (DPMFi) 2,75.28836132713
2018-08-01,- Juros Apropriados da DPFe 10,13.786186308131672
2018-08-01,- Juros Apropriados da DPMFi 9,28.92063311196999
2018-08-01,- Pagamentos Correntes (DPFe),-0.478172109246129
2018-08-01,- Pagamentos Correntes (DPMFi) 6,-81.00725079216001
2018-08-01,- Resgates Antecipados (DPFe) 8,0.0
2018-08-01,- Trocas Ofertas Públicas (DPMFi)3,0.03215182968
2018-08-01,- Trocas Ofertas Públicas (DPMFi)3,-0.03215093756
2018-08-01,DPFe,141.28017884766
2018-08-01,DPFe,154.74739180723998
2018-08-01,DPFe,13.46721295957995
2018-08-01,DPMFi,3607.5559758212
2018-08-01,DPMFi,3630.9120794253304
2018-08-01,DPMFi,23.356103604130446
2018-08-01,Estoque anterior1,3748.8361546688598
2018-08-01,Estoque mês em análise,3785.6594712325705
2018-08-01,I - Gestão da Dívida - TN (I.1 + I.2),36.82331656371
2018-08-01,I.1 - Emissão/Resgate Líquido,-5.883502856391656
2018-08-01,I.1.1 - Emissões,75.63407445045448
2018-08-01,I.1.2 - Resgates,-81.51757730684612
2018-08-01,I.2 - Juros  Apropriados,42.70681942010166
2018-08-01,II - Operações do mercado com o Banco Central,0.0
2018-08-01,II.1 - Transferência de carteira 11,0.0
2018-08-01,Total dos Fatores (I + II),36.82331656371
2018-08-01,Variação Nominal,36.82331656371039
2018-09-01,- Cancelamentos (DPMFi),-0.007260397389999999
2018-09-01,- Emissões (DPFe) 5,0.25512591760063
2018-09-01,- Emissões Diretas (DPMFi) 4,0.12542515866
2018-09-01,- Emissões Oferta Pública (DPMFi) 2,57.25803367597
2018-09-01,- Juros Apropriados da DPFe 10,-3.6677556171926886
2018-09-01,- Juros Apropriados da DPMFi 9,24.219651378830385
2018-09-01,- Pagamentos Correntes (DPFe),-0.10796894070749499
2018-09-01,- Pagamentos Correntes (DPMFi) 6,-84.14845871176
2018-09-01,- Resgates Antecipados (DPFe) 8,-0.10215726678043001
2018-09-01,- Trocas Ofertas Públicas (DPMFi)3,0.0
2018-09-01,- Trocas Ofertas Públicas (DPMFi)3,0.0
2018-09-01,DPFe,154.74739180723998
2018-09-01,DPFe,151.12463590016
2018-09-01,DPFe,-3.6227559070799615
2018-09-01,DPMFi,3630.9120794253304
2018-09-01,DPMFi,3628.35947052964
2018-09-01,DPMFi,-2.5526088956901805
2018-09-01,Estoque anterior1,3785.6594712325705
2018-09-01,Estoque mês em análise,3779.48409006532
2018-09-01,I - Gestão da Dívida - TN (I.1 + I.2),-6.175364802769592
2018-09-01,I.1 - Emissão/Resgate Líquido,-26.727260564407292
2018-09-01,I.1.1 - Emissões,57.63858475223063
2018-09-01,I.1.2 - Resgates,-84.36584531663792
2018-09-01,I.2 - Juros  Apropriados,20.5518957616377
2018-09-01,II - Operações do mercado com o Banco Central,0.0
2018-09-01,II.1 - Transferência de carteira 11,0.0
2018-09-01,Total dos Fatores (I + II),-6.175364802769592
2018-09-01,Variação Nominal,-6.175364802770142
2018-10-01,- Cancelamentos (DPMFi),-0.0032464562
2018-10-01,- Emissões (DPFe) 5,0.17845270926441803
2018-10-01,- Emissões Diretas (DPMFi) 4,0.61627482478
2018-10-01,- Emissões Oferta Pública (DPMFi) 2,56.21286509998
2018-10-01,- Juros Apropriados da DPFe 10,-9.725416008732429
2018-10-01,- Juros Apropriados da DPMFi 9,26.535681548319953
2018-10-01,- Pagamentos Correntes (DPFe),-0.6276232341319871
2018-10-01,- Pagamentos Correntes (DPMFi) 6,-89.63217914563
2018-10-01,- Resgates Antecipados (DPFe) 8,0.0
2018-10-01,- Trocas Ofertas Públicas (DPMFi)3,0.0
2018-10-01,- Trocas Ofertas Públicas (DPMFi)3,0.0
2018-10-01,DPFe,151.12463590016
2018-10-01,DPFe,140.95004936656
2018-10-01,DPFe,-10.1745865336
2018-10-01,DPMFi,3628.35947052964
2018-10-01,DPMFi,3622.08886640089
2018-10-01,DPMFi,-6.270604128750041
2018-10-01,Estoque anterior1,3779.48409006532
2018-10-01,Estoque mês em análise,3763.03891576745
2018-10-01,I - Gestão da Dívida - TN (I.1 + I.2),-16.445190662350033
2018-10-01,I.1 - Emissão/Resgate Líquido,-33.25545620193756
2018-10-01,I.1.1 - Emissões,57.00759263402442
2018-10-01,I.1.2 - Resgates,-90.26304883596198
2018-10-01,I.2 - Juros  Apropriados,16.810265539587526
2018-10-01,II - Operações do mercado com o Banco Central,0.0
2018-10-01,II.1 - Transferência de carteira 11,0.0
2018-10-01,Total dos Fatores (I + II),-16.445190662350033
2018-10-01,Variação Nominal,-16.44519066235004
2018-11-01,- Cancelamentos (DPMFi),-0.00511273712
2018-11-01,- Emissões (DPFe) 5,0.456960473940588
2018-11-01,- Emissões Diretas (DPMFi) 4,0.07914692459
2018-11-01,- Emissões Oferta Pública (DPMFi) 2,49.97210618868001
2018-11-01,- Juros Apropriados da DPFe 10,5.823258300859999
2018-11-01,- Juros Apropriados da DPMFi 9,23.195235569159927
2018-11-01,- Pagamentos Correntes (DPFe),-0.265458318150615
2018-11-01,- Pagamentos Correntes (DPMFi) 6,-15.55833973546
2018-11-01,- Resgates Antecipados (DPFe) 8,0.0
2018-11-01,- Trocas Ofertas Públicas (DPMFi)3,1.50576293373
2018-11-01,- Trocas Ofertas Públicas (DPMFi)3,-1.5057504992100001
2018-11-01,DPFe,140.95004936656
2018-11-01,DPFe,146.96480982321
2018-11-01,DPFe,6.014760456649994
2018-11-01,DPMFi,3622.08886640089
2018-11-01,DPMFi,3679.7719150452594
2018-11-01,DPMFi,57.68304864436947
2018-11-01,Estoque anterior1,3763.03891576745
2018-11-01,Estoque mês em análise,3826.7367248684695
2018-11-01,I - Gestão da Dívida - TN (I.1 + I.2),63.69780910101992
2018-11-01,I.1 - Emissão/Resgate Líquido,34.67931523099999
2018-11-01,I.1.1 - Emissões,52.0139765209406
2018-11-01,I.1.2 - Resgates,-17.33466128994061
2018-11-01,I.2 - Juros  Apropriados,29.018493870019928
2018-11-01,II - Operações do mercado com o Banco Central,0.0
2018-11-01,II.1 - Transferência de carteira 11,0.0
2018-11-01,Total dos Fatores (I + II),63.69780910101992
2018-11-01,Variação Nominal,63.69780910101946
2018-12-01,- Cancelamentos (DPMFi),-0.009576280040000001
2018-12-01,- Emissões (DPFe) 5,0.959375835567097
2018-12-01,- Emissões Diretas (DPMFi) 4,0.31765902858
2018-12-01,- Emissões Oferta Pública (DPMFi) 2,30.732282018409997
2018-12-01,- Juros Apropriados da DPFe 10,1.2737553233038585
2018-12-01,- Juros Apropriados da DPMFi 9,20.87219975914011
2018-12-01,- Pagamentos Correntes (DPFe),-0.9940257118009319
2018-12-01,- Pagamentos Correntes (DPMFi) 6,-2.82728054665
2018-12-01,- Resgates Antecipados (DPFe) 8,0.0
2018-12-01,- Trocas Ofertas Públicas (DPMFi)3,0.0
2018-12-01,- Trocas Ofertas Públicas (DPMFi)3,0.0
2018-12-01,DPFe,146.96480982321
2018-12-01,DPFe,148.20391527028002
2018-12-01,DPFe,1.239105447070033
2018-12-01,DPMFi,3679.7719150452594
2018-12-01,DPMFi,3728.8571990246996
2018-12-01,DPMFi,49.085283979440106
2018-12-01,Estoque anterior1,3826.7367248684695
2018-12-01,Estoque mês em análise,3877.0611142949797
2018-12-01,I - Gestão da Dívida - TN (I.1 + I.2),50.32438942651013
2018-12-01,I.1 - Emissão/Resgate Líquido,28.178434344066165
2018-12-01,I.1.1 - Emissões,32.009316882557094
2018-12-01,I.1.2 - Resgates,-3.8308825384909313
2018-12-01,I.2 - Juros  Apropriados,22.14595508244397
2018-12-01,II - Operações do mercado com o Banco Central,0.0
2018-12-01,II.1 - Transferência de carteira 11,0.0
2018-12-01,Total dos Fatores (I + II),50.32438942651013
2018-12-01,Variação Nominal,50.32438942651014
2019-01-01,- Cancelamentos (DPMFi),-0.00243408336
2019-01-01,- Emissões (DPFe) 5,0.51497317717986
2019-01-01,- Emissões Diretas (DPMFi) 4,0.11576498140000001
2019-01-01,- Emissões Oferta Pública (DPMFi) 2,61.15061532637
2019-01-01,- Juros Apropriados da DPFe 10,-7.211485129786439
2019-01-01,- Juros Apropriados da DPMFi 9,24.65884096690007
2019-01-01,- Pagamentos Correntes (DPFe),-2.7008024710734397
2019-01-01,- Pagamentos Correntes (DPMFi) 6,-145.07302384525
2019-01-01,- Resgates Antecipados (DPFe) 8,0.0
2019-01-01,- Trocas Ofertas Públicas (DPMFi)3,0.0
2019-01-01,- Trocas Ofertas Públicas (DPMFi)3,0.0
2019-01-01,DPFe,148.20391527028002
2019-01-01,DPFe,138.80660084660002
2019-01-01,DPFe,-9.397314423680015
2019-01-01,DPMFi,3728.8571990246996
2019-01-01,DPMFi,3669.45590720152
2019-01-01,DPMFi,-59.40129182317946
2019-01-01,Estoque anterior1,3877.0611142949797
2019-01-01,Estoque mês em análise,3808.26250804812
2019-01-01,I - Gestão da Dívida - TN (I.1 + I.2),-68.54755107761994
2019-01-01,I.1 - Emissão/Resgate Líquido,-85.99490691473356
2019-01-01,I.1.1 - Emissões,61.78135348494987
2019-01-01,I.1.2 - Resgates,-147.77626039968342
2019-01-01,I.2 - Juros  Apropriados,17.44735583711363
2019-01-01,II - Operações do mercado com o Banco Central,-0.25105516924
2019-01-01,II.1 - Transferência de carteira 11,-0.25105516924
2019-01-01,Total dos Fatores (I + II),-68.79860624685995
2019-01-01,Variação Nominal,-68.79860624685948
2019-02-01,- Cancelamentos (DPMFi),-0.00051099796
2019-02-01,- Emissões (DPFe) 5,0.00051818859638
2019-02-01,- Emissões Diretas (DPMFi) 4,0.0299453334
2019-02-01,- Emissões Oferta Pública (DPMFi) 2,54.25899452347001
2019-02-01,- Juros Apropriados da DPFe 10,3.566864352138674
2019-02-01,- Juros Apropriados da DPMFi 9,25.911037577939656
2019-02-01,- Pagamentos Correntes (DPFe),-0.454338140665051
2019-02-01,- Pagamentos Correntes (DPMFi) 6,-17.79060980422
2019-02-01,- Resgates Antecipados (DPFe) 8,0.0
2019-02-01,- Trocas Ofertas Públicas (DPMFi)3,0.85348378984
2019-02-01,- Trocas Ofertas Públicas (DPMFi)3,-0.85347166923
2019-02-01,DPFe,138.80660084660002
2019-02-01,DPFe,141.91964524667
2019-02-01,DPFe,3.113044400069979
2019-02-01,DPMFi,3669.45590720152
2019-02-01,DPMFi,3731.61195713523
2019-02-01,DPMFi,62.156049933710136
2019-02-01,Estoque anterior1,3808.26250804812
2019-02-01,Estoque mês em análise,3873.5316023819005
2019-02-01,I - Gestão da Dívida - TN (I.1 + I.2),65.52191315330967
2019-02-01,I.1 - Emissão/Resgate Líquido,36.044011223231344
2019-02-01,I.1.1 - Emissões,55.14294183530639
2019-02-01,I.1.2 - Resgates,-19.098930612075048
2019-02-01,I.2 - Juros  Apropriados,29.47790193007833
2019-02-01,II - Operações do mercado com o Banco Central,-0.25281881953
2019-02-01,II.1 - Transferência de carteira 11,-0.25281881953
2019-02-01,Total dos Fatores (I + II),65.26909433377966
2019-02-01,Variação Nominal,65.26909433378012
2019-03-01,- Cancelamentos (DPMFi),-7.79989e-06
2019-03-01,- Emissões (DPFe) 5,5.953890293401495
2019-03-01,- Emissões Diretas (DPMFi) 4,0.03277947528
2019-03-01,- Emissões Oferta Pública (DPMFi) 2,71.69256200906
2019-03-01,- Juros Apropriados da DPFe 10,6.022855556954769
2019-03-01,- Juros Apropriados da DPMFi 9,29.694422970290066
2019-03-01,- Pagamentos Correntes (DPFe),-0.193647216776287
2019-03-01,- Pagamentos Correntes (DPMFi) 6,-68.78161611394
2019-03-01,- Resgates Antecipados (DPFe) 8,0.0
2019-03-01,- Trocas Ofertas Públicas (DPMFi)3,0.0
2019-03-01,- Trocas Ofertas Públicas (DPMFi)3,0.0
2019-03-01,DPFe,141.91964524667
2019-03-01,DPFe,153.70274388025
2019-03-01,DPFe,11.783098633580027
2019-03-01,DPMFi,3731.61195713523
2019-03-01,DPMFi,3764.25009767603
2019-03-01,DPMFi,32.63814054079959
2019-03-01,Estoque anterior1,3873.5316023819005
2019-03-01,Estoque mês em análise,3917.95284155628
2019-03-01,I - Gestão da Dívida - TN (I.1 + I.2),44.42123917438004
2019-03-01,I.1 - Emissão/Resgate Líquido,8.703960647135201
2019-03-01,I.1.1 - Emissões,77.67923177774149
2019-03-01,I.1.2 - Resgates,-68.97527113060629
2019-03-01,I.2 - Juros  Apropriados,35.71727852724484
2019-03-01,II - Operações do mercado com o Banco Central,0.0
2019-03-01,II.1 - Transferência de carteira 11,0.0
2019-03-01,Total dos Fatores (I + II),44.42123917438004
2019-03-01,Variação Nominal,44.421239174379615
2019-04-01,- Cancelamentos (DPMFi),-0.00411772726
2019-04-01,- Emissões (DPFe) 5,-0.012956283405852
2019-04-01,- Emissões Diretas (DPMFi) 4,0.03321840074
2019-04-01,- Emissões Oferta Pública (DPMFi) 2,56.52519224643
2019-04-01,- Juros Apropriados da DPFe 10,2.376806995592118
2019-04-01,- Juros Apropriados da DPMFi 9,28.798879672770116
2019-04-01,- Pagamentos Correntes (DPFe),-0.775480579316245
2019-04-01,- Pagamentos Correntes (DPMFi) 6,-125.91142969439
2019-04-01,- Resgates Antecipados (DPFe) 8,0.0
2019-04-01,- Trocas Ofertas Públicas (DPMFi)3,0.0
2019-04-01,- Trocas Ofertas Públicas (DPMFi)3,0.0
2019-04-01,DPFe,153.70274388025
2019-04-01,DPFe,155.29111401311002
2019-04-01,DPFe,1.58837013286
2019-04-01,DPMFi,3764.25009767603
2019-04-01,DPMFi,3723.3941782059997
2019-04-01,DPMFi,-40.85591947003035
2019-04-01,Estoque anterior1,3917.95284155628
2019-04-01,Estoque mês em análise,3878.685292219109
2019-04-01,I - Gestão da Dívida - TN (I.1 + I.2),-38.96988696883986
2019-04-01,I.1 - Emissão/Resgate Líquido,-70.14557363720209
2019-04-01,I.1.1 - Emissões,56.54545436376415
2019-04-01,I.1.2 - Resgates,-126.69102800096624
2019-04-01,I.2 - Juros  Apropriados,31.175686668362232
2019-04-01,II - Operações do mercado com o Banco Central,-0.29766236832
2019-04-01,II.1 - Transferência de carteira 11,-0.29766236832
2019-04-01,Total dos Fatores (I + II),-39.267549337159856
2019-04-01,Variação Nominal,-39.26754933717035
2019-05-01,- Cancelamentos (DPMFi),-1.294858e-05
2019-05-01,- Emissões (DPFe) 5,0.002586544554272
2019-05-01,- Emissões Diretas (DPMFi) 4,2.50499163415
2019-05-01,- Emissões Oferta Pública (DPMFi) 2,78.44740034909
2019-05-01,- Juros Apropriados da DPFe 10,0.5295280151515658
2019-05-01,- Juros Apropriados da DPMFi 9,27.94395765942007
2019-05-01,- Pagamentos Correntes (DPFe),-0.281753765605815
2019-05-01,- Pagamentos Correntes (DPMFi) 6,-96.98573749556
2019-05-01,- Resgates Antecipados (DPFe) 8,0.0
2019-05-01,- Trocas Ofertas Públicas (DPMFi)3,1.8943232679800002
2019-05-01,- Trocas Ofertas Públicas (DPMFi)3,-1.89430905066
2019-05-01,DPFe,155.29111401311002
2019-05-01,DPFe,155.54147480722003
2019-05-01,DPFe,0.25036079410999085
2019-05-01,DPMFi,3723.3941782059997
2019-05-01,DPMFi,3735.30479162184
2019-05-01,DPMFi,11.910613415840547
2019-05-01,Estoque anterior1,3878.685292219109
2019-05-01,Estoque mês em análise,3890.84626642906
2019-05-01,I - Gestão da Dívida - TN (I.1 + I.2),12.160974209940116
2019-05-01,I.1 - Emissão/Resgate Líquido,-16.31251146463152
2019-05-01,I.1.1 - Emissões,82.84930179577428
2019-05-01,I.1.2 - Resgates,-99.16181326040581
2019-05-01,I.2 - Juros  Apropriados,28.473485674571634
2019-05-01,II - Operações do mercado com o Banco Central,0.0
2019-05-01,II.1 - Transferência de carteira 11,0.0
2019-05-01,Total dos Fatores (I + II),12.160974209940116
2019-05-01,Variação Nominal,12.160974209950538
2019-06-01,- Cancelamentos (DPMFi),-0.0076248264199999995
2019-06-01,- Emissões (DPFe) 5,0.07189120431202
2019-06-01,- Emissões Diretas (DPMFi) 4,0.36952233957999997
2019-06-01,- Emissões Oferta Pública (DPMFi) 2,70.75953956720001
2019-06-01,- Juros Apropriados da DPFe 10,-2.937611340390312
2019-06-01,- Juros Apropriados da DPMFi 9,22.598604093359786
2019-06-01,- Pagamentos Correntes (DPFe),-0.99409041185174
2019-06-01,- Pagamentos Correntes (DPMFi) 6,-2.71761080884
2019-06-01,- Resgates Antecipados (DPFe) 8,0.0
2019-06-01,- Trocas Ofertas Públicas (DPMFi)3,0.0
2019-06-01,- Trocas Ofertas Públicas (DPMFi)3,0.0
2019-06-01,DPFe,155.54147480722003
2019-06-01,DPFe,151.68166425929002
2019-06-01,DPFe,-3.8598105479300138
2019-06-01,DPMFi,3735.30479162184
2019-06-01,DPMFi,3826.30722198671
2019-06-01,DPMFi,91.00243036487
2019-06-01,Estoque anterior1,3890.84626642906
2019-06-01,Estoque mês em análise,3977.9888862459998
2019-06-01,I - Gestão da Dívida - TN (I.1 + I.2),87.14261981694976
2019-06-01,I.1 - Emissão/Resgate Líquido,67.48162706398028
2019-06-01,I.1.1 - Emissões,71.20095311109202
2019-06-01,I.1.2 - Resgates,-3.71932604711174
2019-06-01,I.2 - Juros  Apropriados,19.660992752969477
2019-06-01,II - Operações do mercado com o Banco Central,0.0
2019-06-01,II.1 - Transferência de carteira 11,0.0
2019-06-01,Total dos Fatores (I + II),87.14261981694976
2019-06-01,Variação Nominal,87.14261981693998
2019-07-01,- Cancelamentos (DPMFi),-0.01416953829
2019-07-01,- Emissões (DPFe) 5,0.045410332225269995
2019-07-01,- Emissões Diretas (DPMFi) 4,0.2101415646
2019-07-01,- Emissões Oferta Pública (DPMFi) 2,69.23426774356001
2019-07-01,- Juros Apropriados da DPFe 10,-2.160452896994582
2019-07-01,- Juros Apropriados da DPMFi 9,25.750098934470532
2019-07-01,- Pagamentos Correntes (DPFe),-2.71735080691069
2019-07-01,- Pagamentos Correntes (DPMFi) 6,-75.14189860071001
2019-07-01,- Resgates Antecipados (DPFe) 8,0.0
2019-07-01,- Trocas Ofertas Públicas (DPMFi)3,0.0
2019-07-01,- Trocas Ofertas Públicas (DPMFi)3,0.0
2019-07-01,DPFe,151.68166425929002
2019-07-01,DPFe,146.84927088761003
2019-07-01,DPFe,-4.832393371679966
2019-07-01,DPMFi,3826.30722198671
2019-07-01,DPMFi,3846.3456620903503
2019-07-01,DPMFi,20.038440103640315
2019-07-01,Estoque anterior1,3977.9888862459998
2019-07-01,Estoque mês em análise,3993.1949329779604
2019-07-01,I - Gestão da Dívida - TN (I.1 + I.2),15.206046731950515
2019-07-01,I.1 - Emissão/Resgate Líquido,-8.383599305525436
2019-07-01,I.1.1 - Emissões,69.48981964038526
2019-07-01,I.1.2 - Resgates,-77.8734189459107
2019-07-01,I.2 - Juros  Apropriados,23.58964603747595
2019-07-01,II - Operações do mercado com o Banco Central,0.0
2019-07-01,II.1 - Transferência de carteira 11,0.0
2019-07-01,Total dos Fatores (I + II),15.206046731950515
2019-07-01,Variação Nominal,15.206046731960349
2019-08-01,- Cancelamentos (DPMFi),-0.00411942913
2019-08-01,- Emissões (DPFe) 5,0.15366352799488
2019-08-01,- Emissões Diretas (DPMFi) 4,1.61965164687
2019-08-01,- Emissões Oferta Pública (DPMFi) 2,58.8618541998
2019-08-01,- Juros Apropriados da DPFe 10,14.348569254752594
2019-08-01,- Juros Apropriados da DPMFi 9,27.0204747328396
2019-08-01,- Pagamentos Correntes (DPFe),-0.47834940027745
2019-08-01,- Pagamentos Correntes (DPMFi) 6,-20.53744330378
2019-08-01,- Resgates Antecipados (DPFe) 8,0.0
2019-08-01,- Trocas Ofertas Públicas (DPMFi)3,0.0
2019-08-01,- Trocas Ofertas Públicas (DPMFi)3,0.0
2019-08-01,DPFe,146.84927088761003
2019-08-01,DPFe,160.87315427007997
2019-08-01,DPFe,14.02388338246994
2019-08-01,DPMFi,3846.3456620903503
2019-08-01,DPMFi,3913.30607993695
2019-08-01,DPMFi,66.9604178465996
2019-08-01,Estoque anterior1,3993.1949329779604
2019-08-01,Estoque mês em análise,4074.17923420703
2019-08-01,I - Gestão da Dívida - TN (I.1 + I.2),80.98430122906962
2019-08-01,I.1 - Emissão/Resgate Líquido,39.61525724147743
2019-08-01,I.1.1 - Emissões,60.63516937466488
2019-08-01,I.1.2 - Resgates,-21.019912133187454
2019-08-01,I.2 - Juros  Apropriados,41.36904398759219
2019-08-01,II - Operações do mercado com o Banco Central,0.0
2019-08-01,II.1 - Transferência de carteira 11,0.0
2019-08-01,Total dos Fatores (I + II),80.98430122906962
2019-08-01,Variação Nominal,80.98430122906953
2019-09-01,- Cancelamentos (DPMFi),-0.0028640355099999997
2019-09-01,- Emissões (DPFe) 5,0.08665991975708999
2019-09-01,- Emissões Diretas (DPMFi) 4,0.04417389362
2019-09-01,- Emissões Oferta Pública (DPMFi) 2,63.49549022829
2019-09-01,- Juros Apropriados da DPFe 10,1.6293193674235664
2019-09-01,- Juros Apropriados da DPMFi 9,23.15009548719021
2019-09-01,- Pagamentos Correntes (DPFe),-0.09968467514066999
2019-09-01,- Pagamentos Correntes (DPMFi) 6,-6.42998795349
2019-09-01,- Resgates Antecipados (DPFe) 8,0.0
2019-09-01,- Trocas Ofertas Públicas (DPMFi)3,1.51012038511
2019-09-01,- Trocas Ofertas Públicas (DPMFi)3,-1.51011646236
2019-09-01,DPFe,160.87315427007997
2019-09-01,DPFe,162.48944888212
2019-09-01,DPFe,1.6162946120400157
2019-09-01,DPMFi,3913.30607993695
2019-09-01,DPMFi,3993.3081466809704
2019-09-01,DPMFi,80.00206674402021
2019-09-01,Estoque anterior1,4074.17923420703
2019-09-01,Estoque mês em análise,4155.79759556309
2019-09-01,I - Gestão da Dívida - TN (I.1 + I.2),81.8732061548902
2019-09-01,I.1 - Emissão/Resgate Líquido,57.093791300276415
2019-09-01,I.1.1 - Emissões,65.13644442677709
2019-09-01,I.1.2 - Resgates,-8.042653126500669
2019-09-01,I.2 - Juros  Apropriados,24.779414854613776
2019-09-01,II - Operações do mercado com o Banco Central,-0.25484479883
2019-09-01,II.1 - Transferência de carteira 11,-0.25484479883
2019-09-01,Total dos Fatores (I + II),81.61836135606019
2019-09-01,Variação Nominal,81.61836135606022
2019-10-01,- Cancelamentos (DPMFi),-0.01284363635
2019-10-01,- Emissões (DPFe) 5,0.26233716814668
2019-10-01,- Emissões Diretas (DPMFi) 4,0.08936704379
2019-10-01,- Emissões Oferta Pública (DPMFi) 2,59.075509057770006
2019-10-01,- Juros Apropriados da DPFe 10,-4.710601984239055
2019-10-01,- Juros Apropriados da DPMFi 9,24.409090161579943
2019-10-01,- Pagamentos Correntes (DPFe),-3.33069336863761
2019-10-01,- Pagamentos Correntes (DPMFi) 6,-110.7254212087
2019-10-01,- Resgates Antecipados (DPFe) 8,0.0
2019-10-01,- Trocas Ofertas Públicas (DPMFi)3,0.0
2019-10-01,- Trocas Ofertas Públicas (DPMFi)3,0.0
2019-10-01,DPFe,162.48944888212
2019-10-01,DPFe,154.7104906974
2019-10-01,DPFe,-7.778958184719988
2019-10-01,DPMFi,3993.3081466809704
2019-10-01,DPMFi,3966.13253454498
2019-10-01,DPMFi,-27.175612135990058
2019-10-01,Estoque anterior1,4155.79759556309
2019-10-01,Estoque mês em análise,4120.8430252423805
2019-10-01,I - Gestão da Dívida - TN (I.1 + I.2),-34.94325676664004
2019-10-01,I.1 - Emissão/Resgate Líquido,-54.641744943980925
2019-10-01,I.1.1 - Emissões,59.427213269706684
2019-10-01,I.1.2 - Resgates,-114.06895821368761
2019-10-01,I.2 - Juros  Apropriados,19.698488177340888
2019-10-01,II - Operações do mercado com o Banco Central,-0.01131355408
2019-10-01,II.1 - Transferência de carteira 11,-0.01131355408
2019-10-01,Total dos Fatores (I + II),-34.954570320720045
2019-10-01,Variação Nominal,-34.95457032071005
2019-11-01,- Cancelamentos (DPMFi),-0.0012830678
2019-11-01,- Emissões (DPFe) 5,12.7023313595
2019-11-01,- Emissões Diretas (DPMFi) 4,0.22266230648000002
2019-11-01,- Emissões Oferta Pública (DPMFi) 2,54.73326964740999
2019-11-01,- Juros Apropriados da DPFe 10,9.070879112041334
2019-11-01,- Juros Apropriados da DPMFi 9,25.962805399689202
2019-11-01,- Pagamentos Correntes (DPFe),-0.557613608151359
2019-11-01,- Pagamentos Correntes (DPMFi) 6,-13.142333551170001
2019-11-01,- Resgates Antecipados (DPFe) 8,-4.41577193806
2019-11-01,- Trocas Ofertas Públicas (DPMFi)3,0.0
2019-11-01,- Trocas Ofertas Públicas (DPMFi)3,0.0
2019-11-01,DPFe,154.7104906974
2019-11-01,DPFe,171.51031562270998
2019-11-01,DPFe,16.799824925309977
2019-11-01,DPMFi,3966.13253454498
2019-11-01,DPMFi,4033.9076552795896
2019-11-01,DPMFi,67.7751207346092
2019-11-01,Estoque anterior1,4120.8430252423805
2019-11-01,Estoque mês em análise,4205.417970902299
2019-11-01,I - Gestão da Dívida - TN (I.1 + I.2),84.57494565993917
2019-11-01,I.1 - Emissão/Resgate Líquido,49.54126114820863
2019-11-01,I.1.1 - Emissões,67.65826331339
2019-11-01,I.1.2 - Resgates,-18.117002165181358
2019-11-01,I.2 - Juros  Apropriados,35.033684511730534
2019-11-01,II - Operações do mercado com o Banco Central,0.0
2019-11-01,II.1 - Transferência de carteira 11,0.0
2019-11-01,Total dos Fatores (I + II),84.57494565993917
2019-11-01,Variação Nominal,84.57494565991918
2019-12-01,- Cancelamentos (DPMFi),-0.01386536648
2019-12-01,- Emissões (DPFe) 5,1.3870498031905398
2019-12-01,- Emissões Diretas (DPMFi) 4,0.69720264074
2019-12-01,- Emissões Oferta Pública (DPMFi) 2,29.6302083241
2019-12-01,- Juros Apropriados da DPFe 10,-6.033465602579319
2019-12-01,- Juros Apropriados da DPMFi 9,30.256626542390528
2019-12-01,- Pagamentos Correntes (DPFe),-1.18370865915121
2019-12-01,- Pagamentos Correntes (DPMFi) 6,-11.248527722110001
2019-12-01,- Resgates Antecipados (DPFe) 8,0.0
2019-12-01,- Trocas Ofertas Públicas (DPMFi)3,0.0
2019-12-01,- Trocas Ofertas Públicas (DPMFi)3,0.0
2019-12-01,DPFe,171.51031562270998
2019-12-01,DPFe,165.68019116418003
2019-12-01,DPFe,-5.830124458529958
2019-12-01,DPMFi,4033.9076552795896
2019-12-01,DPMFi,4083.229299698229
2019-12-01,DPMFi,49.32164441863959
2019-12-01,Estoque anterior1,4205.417970902299
2019-12-01,Estoque mês em análise,4248.909490862408
2019-12-01,I - Gestão da Dívida - TN (I.1 + I.2),43.49151996010055
2019-12-01,I.1 - Emissão/Resgate Líquido,19.26835902028933
2019-12-01,I.1.1 - Emissões,31.71446076803054
2019-12-01,I.1.2 - Resgates,-12.446101747741212
2019-12-01,I.2 - Juros  Apropriados,24.22316093981121
2019-12-01,II - Operações do mercado com o Banco Central,0.0
2019-12-01,II.1 - Transferência de carteira 11,0.0
2019-12-01,Total dos Fatores (I + II),43.49151996010055
2019-12-01,Variação Nominal,43.49151996010964
2020-01-01,- Cancelamentos (DPMFi),-0.00483122241
2020-01-01,- Emissões (DPFe) 5,0.11403515758665
2020-01-01,- Emissões Diretas (DPMFi) 4,0.36784132859000007
2020-01-01,- Emissões Oferta Pública (DPMFi) 2,63.18995566122
2020-01-01,- Juros Apropriados da DPFe 10,9.566928078215822
2020-01-01,- Juros Apropriados da DPMFi 9,29.747490322990338
2020-01-01,- Pagamentos Correntes (DPFe),-3.29003451312248
2020-01-01,- Pagamentos Correntes (DPMFi) 6,-118.98249662657001
2020-01-01,- Resgates Antecipados (DPFe) 8,0.0
2020-01-01,- Trocas Ofertas Públicas (DPMFi)3,0.0
2020-01-01,- Trocas Ofertas Públicas (DPMFi)3,0.0
2020-01-01,DPFe,165.68019116418003
2020-01-01,DPFe,172.07111988686
2020-01-01,DPFe,6.3909287226799645
2020-01-01,DPMFi,4083.229299698229
2020-01-01,DPMFi,4057.5472591620505
2020-01-01,DPMFi,-25.682040536178278
2020-01-01,Estoque anterior1,4248.909490862408
2020-01-01,Estoque mês em análise,4229.618379048911
2020-01-01,I - Gestão da Dívida - TN (I.1 + I.2),-19.291111813499665
2020-01-01,I.1 - Emissão/Resgate Líquido,-58.60553021470582
2020-01-01,I.1.1 - Emissões,63.67183214739665
2020-01-01,I.1.2 - Resgates,-122.27736236210248
2020-01-01,I.2 - Juros  Apropriados,39.31441840120616
2020-01-01,II - Operações do mercado com o Banco Central,0.0
2020-01-01,II.1 - Transferência de carteira 11,0.0
2020-01-01,Total dos Fatores (I + II),-19.291111813499665
2020-01-01,Variação Nominal,-19.29111181349831
2020-02-01,- Cancelamentos (DPMFi),-0.02937256186
2020-02-01,- Emissões (DPFe) 5,0.13259913399999998
2020-02-01,- Emissões Diretas (DPMFi) 4,0.04632295714
2020-02-01,- Emissões Oferta Pública (DPMFi) 2,41.53564255332
2020-02-01,- Juros Apropriados da DPFe 10,9.36077279676678
2020-02-01,- Juros Apropriados da DPMFi 9,21.969723567519857
2020-02-01,- Pagamentos Correntes (DPFe),-0.49179144850678
2020-02-01,- Pagamentos Correntes (DPMFi) 6,-21.02909349669
2020-02-01,- Resgates Antecipados (DPFe) 8,0.0
2020-02-01,- Trocas Ofertas Públicas (DPMFi)3,1.1753839074
2020-02-01,- Trocas Ofertas Públicas (DPMFi)3,-1.1753784645999998
2020-02-01,DPFe,172.07111988686
2020-02-01,DPFe,181.07270036911999
2020-02-01,DPFe,9.001580482260003
2020-02-01,DPMFi,4057.5472591620505
2020-02-01,DPMFi,4099.9584039348
2020-02-01,DPMFi,42.411144772749395
2020-02-01,Estoque anterior1,4229.618379048911
2020-02-01,Estoque mês em análise,4281.03110430392
2020-02-01,I - Gestão da Dívida - TN (I.1 + I.2),51.49480894448985
2020-02-01,I.1 - Emissão/Resgate Líquido,20.16431258020322
2020-02-01,I.1.1 - Emissões,42.889948551859995
2020-02-01,I.1.2 - Resgates,-22.72563597165678
2020-02-01,I.2 - Juros  Apropriados,31.330496364286635
2020-02-01,II - Operações do mercado com o Banco Central,-0.08208368948
2020-02-01,II.1 - Transferência de carteira 11,-0.08208368948
2020-02-01,Total dos Fatores (I + II),51.412725255009846
2020-02-01,Variação Nominal,51.4127252550094
2020-03-01,- Cancelamentos (DPMFi),-8.79138e-05
2020-03-01,- Emissões (DPFe) 5,0.0
2020-03-01,- Emissões Diretas (DPMFi) 4,0.5151996454800001
2020-03-01,- Emissões Oferta Pública (DPMFi) 2,21.06785610115
2020-03-01,- Juros Apropriados da DPFe 10,27.3248141229241
2020-03-01,- Juros Apropriados da DPMFi 9,28.42769623878005
2020-03-01,- Pagamentos Correntes (DPFe),-0.10808640531153
2020-03-01,- Pagamentos Correntes (DPMFi) 6,-143.46755607753
2020-03-01,- Resgates Antecipados (DPFe) 8,0.0
2020-03-01,- Trocas Ofertas Públicas (DPMFi)3,0.0
2020-03-01,- Trocas Ofertas Públicas (DPMFi)3,0.0
2020-03-01,DPFe,181.07270036911999
2020-03-01,DPFe,208.28942808673
2020-03-01,DPFe,27.216727717610016
2020-03-01,DPMFi,4099.9584039348
2020-03-01,DPMFi,4006.50151192888
2020-03-01,DPMFi,-93.45689200591994
2020-03-01,Estoque anterior1,4281.03110430392
2020-03-01,Estoque mês em análise,4214.79094001561
2020-03-01,I - Gestão da Dívida - TN (I.1 + I.2),-66.2401642883074
2020-03-01,I.1 - Emissão/Resgate Líquido,-121.99267465001154
2020-03-01,I.1.1 - Emissões,21.58305574663
2020-03-01,I.1.2 - Resgates,-143.57573039664155
2020-03-01,I.2 - Juros  Apropriados,55.752510361704154
2020-03-01,II - Operações do mercado com o Banco Central,0.0
2020-03-01,II.1 - Transferência de carteira 11,0.0
2020-03-01,Total dos Fatores (I + II),-66.2401642883074
2020-03-01,Variação Nominal,-66.24016428830993
2020-04-01,- Cancelamentos (DPMFi),-0.03146547951
2020-04-01,- Emissões (DPFe) 5,0.0759373504168
2020-04-01,- Emissões Diretas (DPMFi) 4,0.08202084739
2020-04-01,- Emissões Oferta Pública (DPMFi) 2,38.87147050573999
2020-04-01,- Juros Apropriados da DPFe 10,9.656625005898901
2020-04-01,- Juros Apropriados da DPMFi 9,19.027311497219788
2020-04-01,- Pagamentos Correntes (DPFe),-0.915089665884068
2020-04-01,- Pagamentos Correntes (DPMFi) 6,-120.74708913507999
2020-04-01,- Resgates Antecipados (DPFe) 8,0.0
2020-04-01,- Trocas Ofertas Públicas (DPMFi)3,0.0
2020-04-01,- Trocas Ofertas Públicas (DPMFi)3,0.0
2020-04-01,DPFe,208.28942808673
2020-04-01,DPFe,217.10690077716998
2020-04-01,DPFe,8.817472690439958
2020-04-01,DPMFi,4006.50151192888
2020-04-01,DPMFi,3943.7037601646402
2020-04-01,DPMFi,-62.79775176423974
2020-04-01,Estoque anterior1,4214.79094001561
2020-04-01,Estoque mês em análise,4160.81066094181
2020-04-01,I - Gestão da Dívida - TN (I.1 + I.2),-53.980279073808575
2020-04-01,I.1 - Emissão/Resgate Líquido,-82.66421557692726
2020-04-01,I.1.1 - Emissões,39.02942870354679
2020-04-01,I.1.2 - Resgates,-121.69364428047406
2020-04-01,I.2 - Juros  Apropriados,28.68393650311869
2020-04-01,II - Operações do mercado com o Banco Central,0.0
2020-04-01,II.1 - Transferência de carteira 11,0.0
2020-04-01,Total dos Fatores (I + II),-53.980279073808575
2020-04-01,Variação Nominal,-53.980279073799785
2020-05-01,- Cancelamentos (DPMFi),-0.037880173409999995
2020-05-01,- Emissões (DPFe) 5,0.00973033933076
2020-05-01,- Emissões Diretas (DPMFi) 4,0.03150061993
2020-05-01,- Emissões Oferta Pública (DPMFi) 2,86.60991799307
2020-05-01,- Juros Apropriados da DPFe 10,1.2498276014272436
2020-05-01,- Juros Apropriados da DPMFi 9,15.283717895600187
2020-05-01,- Pagamentos Correntes (DPFe),-0.367162602528023
2020-05-01,- Pagamentos Correntes (DPMFi) 6,-12.66596953314
2020-05-01,- Resgates Antecipados (DPFe) 8,0.0
2020-05-01,- Trocas Ofertas Públicas (DPMFi)3,0.0
2020-05-01,- Trocas Ofertas Públicas (DPMFi)3,0.0
2020-05-01,DPFe,217.10690077716998
2020-05-01,DPFe,217.9992961154
2020-05-01,DPFe,0.8923953382300388
2020-05-01,DPMFi,3943.7037601646402
2020-05-01,DPMFi,4032.92504696669
2020-05-01,DPMFi,89.22128680204973
2020-05-01,Estoque anterior1,4160.81066094181
2020-05-01,Estoque mês em análise,4250.92434308209
2020-05-01,I - Gestão da Dívida - TN (I.1 + I.2),90.11368214028018
2020-05-01,I.1 - Emissão/Resgate Líquido,73.58013664325274
2020-05-01,I.1.1 - Emissões,86.65114895233077
2020-05-01,I.1.2 - Resgates,-13.071012309078023
2020-05-01,I.2 - Juros  Apropriados,16.53354549702743
2020-05-01,II - Operações do mercado com o Banco Central,0.0
2020-05-01,II.1 - Transferência de carteira 11,0.0
2020-05-01,Total dos Fatores (I + II),90.11368214028018
2020-05-01,Variação Nominal,90.11368214027976
2020-06-01,- Cancelamentos (DPMFi),-4.10486e-06
2020-06-01,- Emissões (DPFe) 5,17.192247740458846
2020-06-01,- Emissões Diretas (DPMFi) 4,0.14757174703
2020-06-01,- Emissões Oferta Pública (DPMFi) 2,101.44304557354
2020-06-01,- Juros Apropriados da DPFe 10,5.452981515508436
2020-06-01,- Juros Apropriados da DPMFi 9,18.803433942540103
2020-06-01,- Pagamentos Correntes (DPFe),-1.61691632968728
2020-06-01,- Pagamentos Correntes (DPMFi) 6,-2.40990434686
2020-06-01,- Resgates Antecipados (DPFe) 8,0.0
2020-06-01,- Trocas Ofertas Públicas (DPMFi)3,0.0
2020-06-01,- Trocas Ofertas Públicas (DPMFi)3,0.0
2020-06-01,DPFe,217.9992961154
2020-06-01,DPFe,239.02760904169
2020-06-01,DPFe,21.028312926290003
2020-06-01,DPMFi,4032.92504696669
2020-06-01,DPMFi,4150.90918977808
2020-06-01,DPMFi,117.98414281138965
2020-06-01,Estoque anterior1,4250.92434308209
2020-06-01,Estoque mês em análise,4389.93679881977
2020-06-01,I - Gestão da Dívida - TN (I.1 + I.2),139.0124557376701
2020-06-01,I.1 - Emissão/Resgate Líquido,114.75604027962156
2020-06-01,I.1.1 - Emissões,118.78286506102884
2020-06-01,I.1.2 - Resgates,-4.02682478140728
2020-06-01,I.2 - Juros  Apropriados,24.256415458048536
2020-06-01,II - Operações do mercado com o Banco Central,0.0
2020-06-01,II.1 - Transferência de carteira 11,0.0
2020-06-01,Total dos Fatores (I + II),139.0124557376701
2020-06-01,Variação Nominal,139.01245573767963
2020-07-01,- Cancelamentos (DPMFi),-3.38018e-06
2020-07-01,- Emissões (DPFe) 5,0.03538946575831
2020-07-01,- Emissões Diretas (DPMFi) 4,0.04065351552
2020-07-01,- Emissões Oferta Pública (DPMFi) 2,155.44945631113998
2020-07-01,- Juros Apropriados da DPFe 10,-9.1754476851656
2020-07-01,- Juros Apropriados da DPMFi 9,22.303681139509752
2020-07-01,- Pagamentos Correntes (DPFe),-3.75859794838976
2020-07-01,- Pagamentos Correntes (DPMFi) 6,-210.24017644372998
2020-07-01,- Resgates Antecipados (DPFe) 8,0.0
2020-07-01,- Trocas Ofertas Públicas (DPMFi)3,0.8306806301899999
2020-07-01,- Trocas Ofertas Públicas (DPMFi)3,-0.83068009016
2020-07-01,DPFe,239.02760904169
2020-07-01,DPFe,226.12895287389
2020-07-01,DPFe,-12.898656167800015
2020-07-01,DPMFi,4150.90918977808
2020-07-01,DPMFi,4118.46280146037
2020-07-01,DPMFi,-32.44638831770932
2020-07-01,Estoque anterior1,4389.93679881977
2020-07-01,Estoque mês em análise,4344.59175433426
2020-07-01,I - Gestão da Dívida - TN (I.1 + I.2),-45.34504448550727
2020-07-01,I.1 - Emissão/Resgate Líquido,-58.47327793985143
2020-07-01,I.1.1 - Emissões,156.3561799226083
2020-07-01,I.1.2 - Resgates,-214.82945786245975
2020-07-01,I.2 - Juros  Apropriados,13.128233454344153
2020-07-01,II - Operações do mercado com o Banco Central,0.0
2020-07-01,II.1 - Transferência de carteira 11,0.0
2020-07-01,Total dos Fatores (I + II),-45.34504448550727
2020-07-01,Variação Nominal,-45.34504448550934
2020-08-01,- Cancelamentos (DPMFi),0.0
2020-08-01,- Emissões (DPFe) 5,0.31279065600146
2020-08-01,- Emissões Diretas (DPMFi) 4,0.027972468160000003
2020-08-01,- Emissões Oferta Pública (DPMFi) 2,113.76156312922
2020-08-01,- Juros Apropriados da DPFe 10,12.43041527167169
2020-08-01,- Juros Apropriados da DPMFi 9,23.502548233749877
2020-08-01,- Pagamentos Correntes (DPFe),-0.61716024732315
2020-08-01,- Pagamentos Correntes (DPMFi) 6,-81.59111828608
2020-08-01,- Resgates Antecipados (DPFe) 8,0.0
2020-08-01,- Trocas Ofertas Públicas (DPMFi)3,0.0
2020-08-01,- Trocas Ofertas Públicas (DPMFi)3,0.0
2020-08-01,DPFe,226.12895287389
2020-08-01,DPFe,238.25499855425
2020-08-01,DPFe,12.126045680359995
2020-08-01,DPMFi,4118.46280146037
2020-08-01,DPMFi,4174.163767005441
2020-08-01,DPMFi,55.70096554507036
2020-08-01,Estoque anterior1,4344.59175433426
2020-08-01,Estoque mês em análise,4412.418765559691
2020-08-01,I - Gestão da Dívida - TN (I.1 + I.2),67.82701122539989
2020-08-01,I.1 - Emissão/Resgate Líquido,31.89404771997832
2020-08-01,I.1.1 - Emissões,114.10232625338148
2020-08-01,I.1.2 - Resgates,-82.20827853340315
2020-08-01,I.2 - Juros  Apropriados,35.93296350542156
2020-08-01,II - Operações do mercado com o Banco Central,0.0
2020-08-01,II.1 - Transferência de carteira 11,0.0
2020-08-01,Total dos Fatores (I + II),67.82701122539989
2020-08-01,Variação Nominal,67.82701122543035
2020-09-01,- Cancelamentos (DPMFi),-2.941351e-05
2020-09-01,- Emissões (DPFe) 5,0.26674811595556996
2020-09-01,- Emissões Diretas (DPMFi) 4,0.02958386794
2020-09-01,- Emissões Oferta Pública (DPMFi) 2,154.97084356613001
2020-09-01,- Juros Apropriados da DPFe 10,7.488009935390737
2020-09-01,- Juros Apropriados da DPMFi 9,26.20109396991
2020-09-01,- Pagamentos Correntes (DPFe),-0.11606426539669
2020-09-01,- Pagamentos Correntes (DPMFi) 6,-74.45000769942001
2020-09-01,- Resgates Antecipados (DPFe) 8,0.0
2020-09-01,- Trocas Ofertas Públicas (DPMFi)3,0.0
2020-09-01,- Trocas Ofertas Públicas (DPMFi)3,0.0
2020-09-01,DPFe,238.25499855424277
2020-09-01,DPFe,245.89369234019242
2020-09-01,DPFe,7.6386937859496395
2020-09-01,DPMFi,4174.16376700394
2020-09-01,DPMFi,4280.91525129499
2020-09-01,DPMFi,106.75148429105012
2020-09-01,Estoque anterior1,4412.418765558184
2020-09-01,Estoque mês em análise,4526.808943635182
2020-09-01,I - Gestão da Dívida - TN (I.1 + I.2),114.39017807699962
2020-09-01,I.1 - Emissão/Resgate Líquido,80.70107417169888
2020-09-01,I.1.1 - Emissões,155.26717555002557
2020-09-01,I.1.2 - Resgates,-74.56610137832669
2020-09-01,I.2 - Juros  Apropriados,33.68910390530074
2020-09-01,II - Operações do mercado com o Banco Central,0.0
2020-09-01,II.1 - Transferência de carteira 11,0.0
2020-09-01,Total dos Fatores (I + II),114.39017807699962
2020-09-01,Variação Nominal,114.39017807699976
2020-10-01,- Cancelamentos (DPMFi),-0.00026988192
2020-10-01,- Emissões (DPFe) 5,0.0
2020-10-01,- Emissões Diretas (DPMFi) 4,1.25997344441
2020-10-01,- Emissões Oferta Pública (DPMFi) 2,172.00178999043
2020-10-01,- Juros Apropriados da DPFe 10,6.5323142091481134
2020-10-01,- Juros Apropriados da DPMFi 9,29.25069330605002
2020-10-01,- Pagamentos Correntes (DPFe),-0.832191375800507
2020-10-01,- Pagamentos Correntes (DPMFi) 6,-96.47369272517999
2020-10-01,- Resgates Antecipados (DPFe) 8,0.0
2020-10-01,- Trocas Ofertas Públicas (DPMFi)3,0.0
2020-10-01,- Trocas Ofertas Públicas (DPMFi)3,0.0
2020-10-01,DPFe,245.89369234019242
2020-10-01,DPFe,251.59381517354
2020-10-01,DPFe,5.700122833347589
2020-10-01,DPMFi,4280.91525129499
2020-10-01,DPMFi,4386.95374542878
2020-10-01,DPMFi,106.03849413379002
2020-10-01,Estoque anterior1,4526.808943635182
2020-10-01,Estoque mês em análise,4638.54756060232
2020-10-01,I - Gestão da Dívida - TN (I.1 + I.2),111.73861696713762
2020-10-01,I.1 - Emissão/Resgate Líquido,75.95560945193948
2020-10-01,I.1.1 - Emissões,173.26176343484
2020-10-01,I.1.2 - Resgates,-97.30615398290051
2020-10-01,I.2 - Juros  Apropriados,35.78300751519813
2020-10-01,II - Operações do mercado com o Banco Central,0.0
2020-10-01,II.1 - Transferência de carteira 11,0.0
2020-10-01,Total dos Fatores (I + II),111.73861696713762
2020-10-01,Variação Nominal,111.73861696713762
2020-11-01,- Cancelamentos (DPMFi),-0.00643929404
2020-11-01,- Emissões (DPFe) 5,0.16813689569542
2020-11-01,- Emissões Diretas (DPMFi) 4,0.18726411146000002
2020-11-01,- Emissões Oferta Pública (DPMFi) 2,156.46107760191
2020-11-01,- Juros Apropriados da DPFe 10,-16.6194749497602
2020-11-01,- Juros Apropriados da DPMFi 9,26.559268083249545
2020-11-01,- Pagamentos Correntes (DPFe),-0.57493167874968
2020-11-01,- Pagamentos Correntes (DPMFi) 6,-16.56901672208
2020-11-01,- Resgates Antecipados (DPFe) 8,0.0
2020-11-01,- Trocas Ofertas Públicas (DPMFi)3,2.0020752756199998
2020-11-01,- Trocas Ofertas Públicas (DPMFi)3,-2.0020593324
2020-11-01,DPFe,251.59381517354
2020-11-01,DPFe,234.56754544072004
2020-11-01,DPFe,-17.02626973281996
2020-11-01,DPMFi,4386.95374542878
2020-11-01,DPMFi,4553.4104696883605
2020-11-01,DPMFi,166.45672425958048
2020-11-01,Estoque anterior1,4638.54756060232
2020-11-01,Estoque mês em análise,4787.978015129081
2020-11-01,I - Gestão da Dívida - TN (I.1 + I.2),149.6058999909051
2020-11-01,I.1 - Emissão/Resgate Líquido,139.66610685741574
2020-11-01,I.1.1 - Emissões,158.81855388468546
2020-11-01,I.1.2 - Resgates,-19.152447027269677
2020-11-01,I.2 - Juros  Apropriados,9.939793133489347
2020-11-01,II - Operações do mercado com o Banco Central,-0.17544546414
2020-11-01,II.1 - Transferência de carteira 11,-0.17544546414
2020-11-01,Total dos Fatores (I + II),149.4304545267651
2020-11-01,Variação Nominal,149.43045452676054
2020-12-01,- Cancelamentos (DPMFi),-0.00022332619
2020-12-01,- Emissões (DPFe) 5,14.120224640100632
2020-12-01,- Emissões Diretas (DPMFi) 4,0.7174496192900001
2020-12-01,- Emissões Oferta Pública (DPMFi) 2,183.72487280559002
2020-12-01,- Juros Apropriados da DPFe 10,-3.612503095067678
2020-12-01,- Juros Apropriados da DPMFi 9,31.90946156509024
2020-12-01,- Pagamentos Correntes (DPFe),-1.62127318170489
2020-12-01,- Pagamentos Correntes (DPMFi) 6,-3.6003415092099997
2020-12-01,- Resgates Antecipados (DPFe) 8,0.0
2020-12-01,- Trocas Ofertas Públicas (DPMFi)3,0.0
2020-12-01,- Trocas Ofertas Públicas (DPMFi)3,0.0
2020-12-01,DPFe,234.56754544072004
2020-12-01,DPFe,243.45399380405
2020-12-01,DPFe,8.886448363329952
2020-12-01,DPMFi,4553.4104696883605
2020-12-01,DPMFi,4766.161688842929
2020-12-01,DPMFi,212.7512191545684
2020-12-01,Estoque anterior1,4787.978015129081
2020-12-01,Estoque mês em análise,5009.615682646979
2020-12-01,I - Gestão da Dívida - TN (I.1 + I.2),221.63766751789834
2020-12-01,I.1 - Emissão/Resgate Líquido,193.34070904787578
2020-12-01,I.1.1 - Emissões,198.56254706498066
2020-12-01,I.1.2 - Resgates,-5.22183801710489
2020-12-01,I.2 - Juros  Apropriados,28.296958470022563
2020-12-01,II - Operações do mercado com o Banco Central,0.0
2020-12-01,II.1 - Transferência de carteira 11,0.0
2020-12-01,Total dos Fatores (I + II),221.63766751789834
2020-12-01,Variação Nominal,221.63766751789834
2021-01-01,- Cancelamentos (DPMFi),-0.00011287518
2021-01-01,- Emissões (DPFe) 5,0.0
2021-01-01,- Emissões Diretas (DPMFi) 4,0.12883666267000002
2021-01-01,- Emissões Oferta Pública (DPMFi) 2,155.22538967427
2021-01-01,- Juros Apropriados da DPFe 10,13.0253274414739
2021-01-01,- Juros Apropriados da DPMFi 9,29.917182915439973
2021-01-01,- Pagamentos Correntes (DPFe),-18.5959842799749
2021-01-01,- Pagamentos Correntes (DPMFi) 6,-129.94417152843
2021-01-01,- Resgates Antecipados (DPFe) 8,0.0
2021-01-01,- Trocas Ofertas Públicas (DPMFi)3,0.0
2021-01-01,- Trocas Ofertas Públicas (DPMFi)3,0.0
2021-01-01,DPFe,243.45399380405
2021-01-01,DPFe,237.88333696554002
2021-01-01,DPFe,-5.570656838509982
2021-01-01,DPMFi,4766.161688842929
2021-01-01,DPMFi,4821.4888136917
2021-01-01,DPMFi,55.32712484877091
2021-01-01,Estoque anterior1,5009.615682646979
2021-01-01,Estoque mês em análise,5059.37215065724
2021-01-01,I - Gestão da Dívida - TN (I.1 + I.2),49.75646801026896
2021-01-01,I.1 - Emissão/Resgate Líquido,6.813957653355086
2021-01-01,I.1.1 - Emissões,155.35422633694
2021-01-01,I.1.2 - Resgates,-148.5402686835849
2021-01-01,I.2 - Juros  Apropriados,42.94251035691387
2021-01-01,II - Operações do mercado com o Banco Central,0.0
2021-01-01,II.1 - Transferência de carteira 11,0.0
2021-01-01,Total dos Fatores (I + II),49.75646801026896
2021-01-01,Variação Nominal,49.756468010260924
2021-02-01,- Cancelamentos (DPMFi),-4.230208e-05
2021-02-01,- Emissões (DPFe) 5,7.23809401405838
2021-02-01,- Emissões Diretas (DPMFi) 4,1.1800035958000001
2021-02-01,- Emissões Oferta Pública (DPMFi) 2,123.18413611954001
2021-02-01,- Juros Apropriados da DPFe 10,3.407775009175476
2021-02-01,- Juros Apropriados da DPMFi 9,24.29934486804055
2021-02-01,- Pagamentos Correntes (DPFe),-0.6004266239138489
2021-02-01,- Pagamentos Correntes (DPMFi) 6,-19.49323983707
2021-02-01,- Resgates Antecipados (DPFe) 8,0.0
2021-02-01,- Trocas Ofertas Públicas (DPMFi)3,46.366095991550004
2021-02-01,- Trocas Ofertas Públicas (DPMFi)3,-46.36603673582
2021-02-01,DPFe,237.88333696554002
2021-02-01,DPFe,247.92877936486005
2021-02-01,DPFe,10.045442399320018
2021-02-01,DPMFi,4821.4888136917
2021-02-01,DPMFi,4950.659075391661
2021-02-01,DPMFi,129.17026169996058
2021-02-01,Estoque anterior1,5059.37215065724
2021-02-01,Estoque mês em análise,5198.58785475652
2021-02-01,I - Gestão da Dívida - TN (I.1 + I.2),139.21570409928054
2021-02-01,I.1 - Emissão/Resgate Líquido,111.50858422206454
2021-02-01,I.1.1 - Emissões,177.9683297209484
2021-02-01,I.1.2 - Resgates,-66.45974549888385
2021-02-01,I.2 - Juros  Apropriados,27.707119877216023
2021-02-01,II - Operações do mercado com o Banco Central,0.0
2021-02-01,II.1 - Transferência de carteira 11,0.0
2021-02-01,Total dos Fatores (I + II),139.21570409928054
2021-02-01,Variação Nominal,139.21570409928057
2021-03-01,- Cancelamentos (DPMFi),-0.00025870024
2021-03-01,- Emissões (DPFe) 5,0.24598901625498207
2021-03-01,- Emissões Diretas (DPMFi) 4,0.03690441806
2021-03-01,- Emissões Oferta Pública (DPMFi) 2,142.60480078287
2021-03-01,- Juros Apropriados da DPFe 10,7.406046691015209
2021-03-01,- Juros Apropriados da DPMFi 9,35.35893159369915
2021-03-01,- Pagamentos Correntes (DPFe),-0.122318053620219
2021-03-01,- Pagamentos Correntes (DPMFi) 6,-141.52952621689
2021-03-01,- Resgates Antecipados (DPFe) 8,0.0
2021-03-01,- Trocas Ofertas Públicas (DPMFi)3,21.88271270839
2021-03-01,- Trocas Ofertas Públicas (DPMFi)3,-21.882704457939997
2021-03-01,DPFe,247.92877936486005
2021-03-01,DPFe,255.45849701850997
2021-03-01,DPFe,7.529717653649946
2021-03-01,DPMFi,4950.659075391661
2021-03-01,DPMFi,4987.12993551961
2021-03-01,DPMFi,36.47086012794916
2021-03-01,Estoque anterior1,5198.58785475652
2021-03-01,Estoque mês em análise,5242.588432538119
2021-03-01,I - Gestão da Dívida - TN (I.1 + I.2),44.00057778159913
2021-03-01,I.1 - Emissão/Resgate Líquido,1.2355994968847663
2021-03-01,I.1.1 - Emissões,164.770406925575
2021-03-01,I.1.2 - Resgates,-163.53480742869021
2021-03-01,I.2 - Juros  Apropriados,42.76497828471436
2021-03-01,II - Operações do mercado com o Banco Central,0.0
2021-03-01,II.1 - Transferência de carteira 11,0.0
2021-03-01,Total dos Fatores (I + II),44.00057778159913
2021-03-01,Variação Nominal,44.000577781599105
2021-04-01,- Cancelamentos (DPMFi),-8.745304e-05
2021-04-01,- Emissões (DPFe) 5,0.212917153540936
2021-04-01,- Emissões Diretas (DPMFi) 4,0.04904868241
2021-04-01,- Emissões Oferta Pública (DPMFi) 2,173.40865497118
2021-04-01,- Juros Apropriados da DPFe 10,-10.939745282403017
2021-04-01,- Juros Apropriados da DPMFi 9,24.628776339089036
2021-04-01,- Pagamentos Correntes (DPFe),-7.732670692867909
2021-04-01,- Pagamentos Correntes (DPMFi) 6,-332.91264932666996
2021-04-01,- Resgates Antecipados (DPFe) 8,0.0
2021-04-01,- Trocas Ofertas Públicas (DPMFi)3,0.0
2021-04-01,- Trocas Ofertas Públicas (DPMFi)3,0.0
2021-04-01,DPFe,255.45849701850997
2021-04-01,DPFe,236.99899819678
2021-04-01,DPFe,-18.45949882172997
2021-04-01,DPMFi,4987.12993551961
2021-04-01,DPMFi,4852.303678732578
2021-04-01,DPMFi,-134.82625678703096
2021-04-01,Estoque anterior1,5242.588432538119
2021-04-01,Estoque mês em análise,5089.302676929359
2021-04-01,I - Gestão da Dívida - TN (I.1 + I.2),-153.28575560876092
2021-04-01,I.1 - Emissão/Resgate Líquido,-166.97478666544694
2021-04-01,I.1.1 - Emissões,173.67062080713094
2021-04-01,I.1.2 - Resgates,-340.64540747257786
2021-04-01,I.2 - Juros  Apropriados,13.68903105668602
2021-04-01,II - Operações do mercado com o Banco Central,0.0
2021-04-01,II.1 - Transferência de carteira 11,0.0
2021-04-01,Total dos Fatores (I + II),-153.28575560876092
2021-04-01,Variação Nominal,-153.28575560876092
2021-05-01,- Cancelamentos (DPMFi),-0.00011019416
2021-05-01,- Emissões (DPFe) 5,0.017828370360792
2021-05-01,- Emissões Diretas (DPMFi) 4,0.07070584505
2021-05-01,- Emissões Oferta Pública (DPMFi) 2,156.73255070649998
2021-05-01,- Juros Apropriados da DPFe 10,-5.9492363096807495
2021-05-01,- Juros Apropriados da DPMFi 9,29.88159267232159
2021-05-01,- Pagamentos Correntes (DPFe),-0.32097519837004396
2021-05-01,- Pagamentos Correntes (DPMFi) 6,-98.50175888449
2021-05-01,- Resgates Antecipados (DPFe) 8,0.0
2021-05-01,- Trocas Ofertas Públicas (DPMFi)3,0.0
2021-05-01,- Trocas Ofertas Públicas (DPMFi)3,0.0
2021-05-01,DPFe,236.99899819678
2021-05-01,DPFe,230.74661505909
2021-05-01,DPFe,-6.252383137690019
2021-05-01,DPMFi,4852.303678732578
2021-05-01,DPMFi,4940.4866588778
2021-05-01,DPMFi,88.18298014522158
2021-05-01,Estoque anterior1,5089.302676929359
2021-05-01,Estoque mês em análise,5171.23327393689
2021-05-01,I - Gestão da Dívida - TN (I.1 + I.2),81.93059700753157
2021-05-01,I.1 - Emissão/Resgate Líquido,57.99824064489073
2021-05-01,I.1.1 - Emissões,156.82108492191077
2021-05-01,I.1.2 - Resgates,-98.82284427702005
2021-05-01,I.2 - Juros  Apropriados,23.932356362640842
2021-05-01,II - Operações do mercado com o Banco Central,0.0
2021-05-01,II.1 - Transferência de carteira 11,0.0
2021-05-01,Total dos Fatores (I + II),81.93059700753157
2021-05-01,Variação Nominal,81.93059700753156
2021-06-01,- Cancelamentos (DPMFi),-0.00064762373
2021-06-01,- Emissões (DPFe) 5,6.60701392166802
2021-06-01,- Emissões Diretas (DPMFi) 4,0.05363842251
2021-06-01,- Emissões Oferta Pública (DPMFi) 2,135.48287428965
2021-06-01,- Juros Apropriados da DPFe 10,-8.77672332058231
2021-06-01,- Juros Apropriados da DPMFi 9,29.35607518331
2021-06-01,- Pagamentos Correntes (DPFe),-1.90339328339341
2021-06-01,- Pagamentos Correntes (DPMFi) 6,-2.11043533993
2021-06-01,- Resgates Antecipados (DPFe) 8,0.0
2021-06-01,- Trocas Ofertas Públicas (DPMFi)3,0.0
2021-06-01,- Trocas Ofertas Públicas (DPMFi)3,0.0
2021-06-01,DPFe,230.74661505909
2021-06-01,DPFe,226.67351237679
2021-06-01,DPFe,-4.073102682299999
2021-06-01,DPMFi,4940.4866588778
2021-06-01,DPMFi,5103.268163809609
2021-06-01,DPMFi,162.7815049318094
2021-06-01,Estoque anterior1,5171.23327393689
2021-06-01,Estoque mês em análise,5329.9416761863995
2021-06-01,I - Gestão da Dívida - TN (I.1 + I.2),158.7084022495023
2021-06-01,I.1 - Emissão/Resgate Líquido,138.12905038677462
2021-06-01,I.1.1 - Emissões,142.14352663382803
2021-06-01,I.1.2 - Resgates,-4.01447624705341
2021-06-01,I.2 - Juros  Apropriados,20.57935186272769
2021-06-01,II - Operações do mercado com o Banco Central,0.0
2021-06-01,II.1 - Transferência de carteira 11,0.0
2021-06-01,Total dos Fatores (I + II),158.7084022495023
2021-06-01,Variação Nominal,158.7084022495094
2021-07-01,- Cancelamentos (DPMFi),-0.00014327827000000003
2021-07-01,- Emissões (DPFe) 5,11.9261471997052
2021-07-01,- Emissões Diretas (DPMFi) 4,0.57318709372
2021-07-01,- Emissões Oferta Pública (DPMFi) 2,129.94408492350001
2021-07-01,- Juros Apropriados da DPFe 10,5.971350482825676
2021-07-01,- Juros Apropriados da DPMFi 9,35.685325297000006
2021-07-01,- Pagamentos Correntes (DPFe),-3.6994493437707003
2021-07-01,- Pagamentos Correntes (DPMFi) 6,-114.37652985496999
2021-07-01,- Resgates Antecipados (DPFe) 8,0.0
2021-07-01,- Trocas Ofertas Públicas (DPMFi)3,0.0
2021-07-01,- Trocas Ofertas Públicas (DPMFi)3,0.0
2021-07-01,DPFe,226.67351237679
2021-07-01,DPFe,240.87156071555
2021-07-01,DPFe,14.19804833876001
2021-07-01,DPMFi,5103.268163809609
2021-07-01,DPMFi,5155.09408799059
2021-07-01,DPMFi,51.82592418098077
2021-07-01,Estoque anterior1,5329.9416761863995
2021-07-01,Estoque mês em análise,5395.96564870614
2021-07-01,I - Gestão da Dívida - TN (I.1 + I.2),66.0239725197402
2021-07-01,I.1 - Emissão/Resgate Líquido,24.367296739914526
2021-07-01,I.1.1 - Emissões,142.4434192169252
2021-07-01,I.1.2 - Resgates,-118.0761224770107
2021-07-01,I.2 - Juros  Apropriados,41.65667577982568
2021-07-01,II - Operações do mercado com o Banco Central,0.0
2021-07-01,II.1 - Transferência de carteira 11,0.0
2021-07-01,Total dos Fatores (I + II),66.0239725197402
2021-07-01,Variação Nominal,66.02397251974078
2021-08-01,- Cancelamentos (DPMFi),-0.0001344468
2021-08-01,- Emissões (DPFe) 5,1.3388956620749
2021-08-01,- Emissões Diretas (DPMFi) 4,0.19316670396000002
2021-08-01,- Emissões Oferta Pública (DPMFi) 2,70.49899903759
2021-08-01,- Juros Apropriados da DPFe 10,1.8897169306515
2021-08-01,- Juros Apropriados da DPMFi 9,37.36696964607
2021-08-01,- Pagamentos Correntes (DPFe),-0.5944021022263599
2021-08-01,- Pagamentos Correntes (DPMFi) 6,-25.910974176539998
2021-08-01,- Resgates Antecipados (DPFe) 8,0.0
2021-08-01,- Trocas Ofertas Públicas (DPMFi)3,0.0
2021-08-01,- Trocas Ofertas Públicas (DPMFi)3,0.0
2021-08-01,DPFe,240.87156071555
2021-08-01,DPFe,243.50577120603998
2021-08-01,DPFe,2.63421049048999
2021-08-01,DPMFi,5155.09408799059
2021-08-01,DPMFi,5237.242114754869
2021-08-01,DPMFi,82.14802676427924
2021-08-01,Estoque anterior1,5395.96564870614
2021-08-01,Estoque mês em análise,5480.747885960909
2021-08-01,I - Gestão da Dívida - TN (I.1 + I.2),84.78223725478001
2021-08-01,I.1 - Emissão/Resgate Líquido,45.52555067805853
2021-08-01,I.1.1 - Emissões,72.03106140362489
2021-08-01,I.1.2 - Resgates,-26.505510725566356
2021-08-01,I.2 - Juros  Apropriados,39.2566865767215
2021-08-01,II - Operações do mercado com o Banco Central,0.0
2021-08-01,II.1 - Transferência de carteira 11,0.0
2021-08-01,Total dos Fatores (I + II),84.78223725478001
2021-08-01,Variação Nominal,84.78223725476923
2021-09-01,- Cancelamentos (DPMFi),-0.00055083964
2021-09-01,- Emissões (DPFe) 5,0.15294501743088
2021-09-01,- Emissões Diretas (DPMFi) 4,1.50410310744
2021-09-01,- Emissões Oferta Pública (DPMFi) 2,144.27318035925
2021-09-01,- Juros Apropriados da DPFe 10,14.208079261657
2021-09-01,- Juros Apropriados da DPMFi 9,38.716732428259476
2021-09-01,- Pagamentos Correntes (DPFe),-0.16554011678660002
2021-09-01,- Pagamentos Correntes (DPMFi) 6,-236.03274360018
2021-09-01,- Resgates Antecipados (DPFe) 8,0.0
2021-09-01,- Trocas Ofertas Públicas (DPMFi)3,0.0
2021-09-01,- Trocas Ofertas Públicas (DPMFi)3,0.0
2021-09-01,DPFe,243.50577120603998
2021-09-01,DPFe,257.70125536834
2021-09-01,DPFe,14.19548416230001
2021-09-01,DPMFi,5237.242114754869
2021-09-01,DPMFi,5185.702836210001
2021-09-01,DPMFi,-51.539278544868345
2021-09-01,Estoque anterior1,5480.747885960909
2021-09-01,Estoque mês em análise,5443.404091578341
2021-09-01,I - Gestão da Dívida - TN (I.1 + I.2),-37.343794382569264
2021-09-01,I.1 - Emissão/Resgate Líquido,-90.26860607248574
2021-09-01,I.1.1 - Emissões,145.93022848412085
2021-09-01,I.1.2 - Resgates,-236.19883455660658
2021-09-01,I.2 - Juros  Apropriados,52.924811689916474
2021-09-01,II - Operações do mercado com o Banco Central,0.0
2021-09-01,II.1 - Transferência de carteira 11,0.0
2021-09-01,Total dos Fatores (I + II),-37.343794382569264
2021-09-01,Variação Nominal,-37.34379438256833
2021-10-01,- Cancelamentos (DPMFi),-0.00404778243
2021-10-01,- Emissões (DPFe) 5,0.0
2021-10-01,- Emissões Diretas (DPMFi) 4,0.08013849628
2021-10-01,- Emissões Oferta Pública (DPMFi) 2,146.33725142019998
2021-10-01,- Juros Apropriados da DPFe 10,10.54108
2021-10-01,- Juros Apropriados da DPMFi 9,45.14417148124004
2021-10-01,- Pagamentos Correntes (DPFe),-0.83523844690195
2021-10-01,- Pagamentos Correntes (DPMFi) 6,-271.41284650245996
2021-10-01,- Resgates Antecipados (DPFe) 8,0.0
2021-10-01,- Trocas Ofertas Públicas (DPMFi)3,0.0
2021-10-01,- Trocas Ofertas Públicas (DPMFi)3,0.0
2021-10-01,DPFe,257.70125536834
2021-10-01,DPFe,267.40709524884
2021-10-01,DPFe,9.705839880499989
2021-10-01,DPMFi,5185.702836210001
2021-10-01,DPMFi,5105.702385606798
2021-10-01,DPMFi,-80.00045060320292
2021-10-01,Estoque anterior1,5443.4040796769
2021-10-01,Estoque mês em análise,5373.109480855638
2021-10-01,I - Gestão da Dívida - TN (I.1 + I.2),-70.1494913340719
2021-10-01,I.1 - Emissão/Resgate Líquido,-125.83474281531194
2021-10-01,I.1.1 - Emissões,146.41738991648
2021-10-01,I.1.2 - Resgates,-272.25213273179196
2021-10-01,I.2 - Juros  Apropriados,55.685251481240044
2021-10-01,II - Operações do mercado com o Banco Central,-0.14511938863
2021-10-01,II.1 - Transferência de carteira 11,-0.14511938863
2021-10-01,Total dos Fatores (I + II),-70.29461072270189
2021-10-01,Variação Nominal,-70.29461072270293
2021-11-01,- Cancelamentos (DPMFi),-0.02298622402
2021-11-01,- Emissões (DPFe) 5,0.14248539313116002
2021-11-01,- Emissões Diretas (DPMFi) 4,4.65276494385
2021-11-01,- Emissões Oferta Pública (DPMFi) 2,98.12062878194
2021-11-01,- Juros Apropriados da DPFe 10,-0.74107633109799
2021-11-01,- Juros Apropriados da DPMFi 9,41.8278601319
2021-11-01,- Pagamentos Correntes (DPFe),-0.50542221140067
2021-11-01,- Pagamentos Correntes (DPMFi) 6,-17.751328570149997
2021-11-01,- Resgates Antecipados (DPFe) 8,0.0
2021-11-01,- Trocas Ofertas Públicas (DPMFi)3,0.0
2021-11-01,- Trocas Ofertas Públicas (DPMFi)3,0.0
2021-11-01,DPFe,267.40709524884
2021-11-01,DPFe,266.30308209947
2021-11-01,DPFe,-1.1040131493700318
2021-11-01,DPMFi,5105.702385606798
2021-11-01,DPMFi,5232.5293246703195
2021-11-01,DPMFi,126.8269390635211
2021-11-01,Estoque anterior1,5373.109480855638
2021-11-01,Estoque mês em análise,5498.8324067697895
2021-11-01,I - Gestão da Dívida - TN (I.1 + I.2),125.7229259141525
2021-11-01,I.1 - Emissão/Resgate Líquido,84.63614211335049
2021-11-01,I.1.1 - Emissões,102.91587911892117
2021-11-01,I.1.2 - Resgates,-18.279737005570666
2021-11-01,I.2 - Juros  Apropriados,41.08678380080201
2021-11-01,II - Operações do mercado com o Banco Central,0.0
2021-11-01,II.1 - Transferência de carteira 11,0.0
2021-11-01,Total dos Fatores (I + II),125.7229259141525
2021-11-01,Variação Nominal,125.72292591415108
2021-12-01,- Cancelamentos (DPMFi),-0.024206273230000002
2021-12-01,- Emissões (DPFe) 5,0.69919429809514
2021-12-01,- Emissões Diretas (DPMFi) 4,0.18699890135000002
2021-12-01,- Emissões Oferta Pública (DPMFi) 2,75.32806697046
2021-12-01,- Juros Apropriados da DPFe 10,-0.5805365753854099
2021-12-01,- Juros Apropriados da DPMFi 9,47.496652821279994
2021-12-01,- Pagamentos Correntes (DPFe),-1.70192943062941
2021-12-01,- Pagamentos Correntes (DPMFi) 6,-6.5807871021199995
2021-12-01,- Resgates Antecipados (DPFe) 8,0.0
2021-12-01,- Trocas Ofertas Públicas (DPMFi)3,0.0
2021-12-01,- Trocas Ofertas Públicas (DPMFi)3,0.0
2021-12-01,DPFe,266.30308209947
2021-12-01,DPFe,264.71981039155
2021-12-01,DPFe,-1.58327170791995
2021-12-01,DPMFi,5232.5293246703195
2021-12-01,DPMFi,5348.93604998806
2021-12-01,DPMFi,116.40672531774081
2021-12-01,Estoque anterior1,5498.8324067697895
2021-12-01,Estoque mês em análise,5613.65586037961
2021-12-01,I - Gestão da Dívida - TN (I.1 + I.2),114.8234536098203
2021-12-01,I.1 - Emissão/Resgate Líquido,67.90733736392573
2021-12-01,I.1.1 - Emissões,76.21426016990515
2021-12-01,I.1.2 - Resgates,-8.30692280597941
2021-12-01,I.2 - Juros  Apropriados,46.916116245894585
2021-12-01,II - Operações do mercado com o Banco Central,0.0
2021-12-01,II.1 - Transferência de carteira 11,0.0
2021-12-01,Total dos Fatores (I + II),114.8234536098203
2021-12-01,Variação Nominal,114.82345360982086
2022-01-01,- Cancelamentos (DPMFi),-8.509441e-05
2022-01-01,- Emissões (DPFe) 5,0.047544008820000004
2022-01-01,- Emissões Diretas (DPMFi) 4,2.04984671547
2022-01-01,- Emissões Oferta Pública (DPMFi) 2,116.9106794463
2022-01-01,- Juros Apropriados da DPFe 10,-9.40459402988818
2022-01-01,- Juros Apropriados da DPMFi 9,42.19271738398
2022-01-01,- Pagamentos Correntes (DPFe),-5.92528995682
2022-01-01,- Pagamentos Correntes (DPMFi) 6,-143.30574154331
2022-01-01,- Resgates Antecipados (DPFe) 8,0.0
2022-01-01,- Trocas Ofertas Públicas (DPMFi)3,0.0
2022-01-01,- Trocas Ofertas Públicas (DPMFi)3,0.0
2022-01-01,DPFe,264.71981039155
2022-01-01,DPFe,249.43747041366004
2022-01-01,DPFe,-15.282339977889961
2022-01-01,DPMFi,5348.93604998806
2022-01-01,DPMFi,5366.78346689609
2022-01-01,DPMFi,17.847416908030397
2022-01-01,Estoque anterior1,5613.65586037961
2022-01-01,Estoque mês em análise,5616.22093730975
2022-01-01,I - Gestão da Dívida - TN (I.1 + I.2),2.5650769301418332
2022-01-01,I.1 - Emissão/Resgate Líquido,-30.223046423949985
2022-01-01,I.1.1 - Emissões,119.00807017059
2022-01-01,I.1.2 - Resgates,-149.23111659454
2022-01-01,I.2 - Juros  Apropriados,32.788123354091816
2022-01-01,II - Operações do mercado com o Banco Central,0.0
2022-01-01,II.1 - Transferência de carteira 11,0.0
2022-01-01,Total dos Fatores (I + II),2.5650769301418332
2022-01-01,Variação Nominal,2.565076930140436
2022-02-01,- Cancelamentos (DPMFi),-0.0013511081799999999
2022-02-01,- Emissões (DPFe) 5,0.08031999999999999
2022-02-01,- Emissões Diretas (DPMFi) 4,0.03306042443
2022-02-01,- Emissões Oferta Pública (DPMFi) 2,108.89237779819001
2022-02-01,- Juros Apropriados da DPFe 10,-8.93148552586165
2022-02-01,- Juros Apropriados da DPMFi 9,45.077491579630035
2022-02-01,- Pagamentos Correntes (DPFe),-0.57141830415449
2022-02-01,- Pagamentos Correntes (DPMFi) 6,-30.281664474340033
2022-02-01,- Resgates Antecipados (DPFe) 8,0.0
2022-02-01,- Trocas Ofertas Públicas (DPMFi)3,0.0
2022-02-01,- Trocas Ofertas Públicas (DPMFi)3,0.0
2022-02-01,DPFe,249.43747041366004
2022-02-01,DPFe,240.01488658364002
2022-02-01,DPFe,-9.422583830020042
2022-02-01,DPMFi,5366.78346689609
2022-02-01,DPMFi,5490.3166308501
2022-02-01,DPMFi,123.5331639540093
2022-02-01,Estoque anterior1,5616.22093730975
2022-02-01,Estoque mês em análise,5730.33151743374
2022-02-01,I - Gestão da Dívida - TN (I.1 + I.2),114.29733038971386
2022-02-01,I.1 - Emissão/Resgate Líquido,78.15132433594549
2022-02-01,I.1.1 - Emissões,109.00575822262002
2022-02-01,I.1.2 - Resgates,-30.85443388667452
2022-02-01,I.2 - Juros  Apropriados,36.14600605376838
2022-02-01,II - Operações do mercado com o Banco Central,-0.18675026571999997
2022-02-01,II.1 - Transferência de carteira 11,-0.18675026571999997
2022-02-01,Total dos Fatores (I + II),114.11058012399387
2022-02-01,Variação Nominal,114.11058012398927
2022-03-01,- Cancelamentos (DPMFi),-0.0046054031599999995
2022-03-01,- Emissões (DPFe) 5,0.0056388833431
2022-03-01,- Emissões Diretas (DPMFi) 4,0.06267988699
2022-03-01,- Emissões Oferta Pública (DPMFi) 2,66.90837745501
2022-03-01,- Juros Apropriados da DPFe 10,-17.1609251572326
2022-03-01,- Juros Apropriados da DPMFi 9,56.4363572489
2022-03-01,- Pagamentos Correntes (DPFe),-0.36038916398215703
2022-03-01,- Pagamentos Correntes (DPMFi) 6,-271.27210427107997
2022-03-01,- Resgates Antecipados (DPFe) 8,0.0
2022-03-01,- Trocas Ofertas Públicas (DPMFi)3,0.0
2022-03-01,- Trocas Ofertas Públicas (DPMFi)3,0.0
2022-03-01,DPFe,240.01488658364002
2022-03-01,DPFe,222.49921114577
2022-03-01,DPFe,-17.515675437869998
2022-03-01,DPMFi,5490.3166308501
2022-03-01,DPMFi,5342.4493883944
2022-03-01,DPMFi,-147.86724245570042
2022-03-01,Estoque anterior1,5730.33151743374
2022-03-01,Estoque mês em análise,5564.948599540169
2022-03-01,I - Gestão da Dívida - TN (I.1 + I.2),-165.38497052121164
2022-03-01,I.1 - Emissão/Resgate Líquido,-204.66040261287907
2022-03-01,I.1.1 - Emissões,66.97669622534308
2022-03-01,I.1.2 - Resgates,-271.63709883822213
2022-03-01,I.2 - Juros  Apropriados,39.275432091667405
2022-03-01,II - Operações do mercado com o Banco Central,0.00205262764
2022-03-01,II.1 - Transferência de carteira 11,0.00205262764
2022-03-01,Total dos Fatores (I + II),-165.38291789357166
2022-03-01,Variação Nominal,-165.3829178935704
2022-04-01,- Cancelamentos (DPMFi),-0.00010972248
2022-04-01,- Emissões (DPFe) 5,0.0
2022-04-01,- Emissões Diretas (DPMFi) 4,0.0607181963
2022-04-01,- Emissões Oferta Pública (DPMFi) 2,88.63006249437
2022-04-01,- Juros Apropriados da DPFe 10,8.41124503352874
2022-04-01,- Juros Apropriados da DPMFi 9,57.85565552005
2022-04-01,- Pagamentos Correntes (DPFe),-0.715754037012824
2022-04-01,- Pagamentos Correntes (DPMFi) 6,-128.62069139346
2022-04-01,- Resgates Antecipados (DPFe) 8,0.0
2022-04-01,- Trocas Ofertas Públicas (DPMFi)3,0.0
2022-04-01,- Trocas Ofertas Públicas (DPMFi)3,0.0
2022-04-01,DPFe,222.49921114577
2022-04-01,DPFe,230.19470214229
2022-04-01,DPFe,7.695490996519977
2022-04-01,DPMFi,5342.4493883944
2022-04-01,DPMFi,5359.756730342589
2022-04-01,DPMFi,17.307341948189773
2022-04-01,Estoque anterior1,5564.948599540169
2022-04-01,Estoque mês em análise,5589.951432484879
2022-04-01,I - Gestão da Dívida - TN (I.1 + I.2),25.62112609129591
2022-04-01,I.1 - Emissão/Resgate Líquido,-40.64577446228283
2022-04-01,I.1.1 - Emissões,88.69078069067
2022-04-01,I.1.2 - Resgates,-129.33655515295283
2022-04-01,I.2 - Juros  Apropriados,66.26690055357875
2022-04-01,II - Operações do mercado com o Banco Central,-0.61829314659
2022-04-01,II.1 - Transferência de carteira 11,-0.61829314659
2022-04-01,Total dos Fatores (I + II),25.00283294470591
2022-04-01,Variação Nominal,25.00283294470975
2022-05-01,- Cancelamentos (DPMFi),0.0
2022-05-01,- Emissões (DPFe) 5,4.23379476728151
2022-05-01,- Emissões Diretas (DPMFi) 4,0.16550746616999998
2022-05-01,- Emissões Oferta Pública (DPMFi) 2,85.89648626488001
2022-05-01,- Juros Apropriados da DPFe 10,-7.715311537098859
2022-05-01,- Juros Apropriados da DPMFi 9,50.81119171119
2022-05-01,- Pagamentos Correntes (DPFe),-0.44604523546733
2022-05-01,- Pagamentos Correntes (DPMFi) 6,-20.66572060059
2022-05-01,- Resgates Antecipados (DPFe) 8,0.0
2022-05-01,- Trocas Ofertas Públicas (DPMFi)3,0.0
2022-05-01,- Trocas Ofertas Públicas (DPMFi)3,0.0
2022-05-01,DPFe,230.19470214229
2022-05-01,DPFe,226.26714013701002
2022-05-01,DPFe,-3.927562005279964
2022-05-01,DPMFi,5359.756730342589
2022-05-01,DPMFi,5475.96419518424
2022-05-01,DPMFi,116.2074648416508
2022-05-01,Estoque anterior1,5589.951432484879
2022-05-01,Estoque mês em análise,5702.23133532125
2022-05-01,I - Gestão da Dívida - TN (I.1 + I.2),112.27990283636534
2022-05-01,I.1 - Emissão/Resgate Líquido,69.18402266227419
2022-05-01,I.1.1 - Emissões,90.29578849833152
2022-05-01,I.1.2 - Resgates,-21.11176583605733
2022-05-01,I.2 - Juros  Apropriados,43.095880174091135
2022-05-01,II - Operações do mercado com o Banco Central,0.0
2022-05-01,II.1 - Transferência de carteira 11,0.0
2022-05-01,Total dos Fatores (I + II),112.27990283636534
2022-05-01,Variação Nominal,112.27990283637084
2022-06-01,- Cancelamentos (DPMFi),-0.0025795109
2022-06-01,- Emissões (DPFe) 5,1.3807019322762202
2022-06-01,- Emissões Diretas (DPMFi) 4,0.49990542078
2022-06-01,- Emissões Oferta Pública (DPMFi) 2,69.45855770997001
2022-06-01,- Juros Apropriados da DPFe 10,23.8905010915495
2022-06-01,- Juros Apropriados da DPMFi 9,52.08953430631
2022-06-01,- Pagamentos Correntes (DPFe),-1.37327173846583
2022-06-01,- Pagamentos Correntes (DPMFi) 6,-2.63057727713
2022-06-01,- Resgates Antecipados (DPFe) 8,0.0
2022-06-01,- Trocas Ofertas Públicas (DPMFi)3,0.0
2022-06-01,- Trocas Ofertas Públicas (DPMFi)3,0.0
2022-06-01,DPFe,226.26714013701002
2022-06-01,DPFe,250.16507142236003
2022-06-01,DPFe,23.89793128535
2022-06-01,DPMFi,5475.96419518424
2022-06-01,DPMFi,5595.379035833269
2022-06-01,DPMFi,119.41484064902924
2022-06-01,Estoque anterior1,5702.23133532125
2022-06-01,Estoque mês em análise,5845.54410725563
2022-06-01,I - Gestão da Dívida - TN (I.1 + I.2),143.3127719343899
2022-06-01,I.1 - Emissão/Resgate Líquido,67.33273653653039
2022-06-01,I.1.1 - Emissões,71.33916506302621
2022-06-01,I.1.2 - Resgates,-4.00642852649583
2022-06-01,I.2 - Juros  Apropriados,75.9800353978595
2022-06-01,II - Operações do mercado com o Banco Central,0.0
2022-06-01,II.1 - Transferência de carteira 11,0.0
2022-06-01,Total dos Fatores (I + II),143.3127719343899
2022-06-01,Variação Nominal,143.31277193437924
2022-07-01,- Cancelamentos (DPMFi),0.0
2022-07-01,- Emissões (DPFe) 5,0.20011267140563002
2022-07-01,- Emissões Diretas (DPMFi) 4,1.10526177572
2022-07-01,- Emissões Oferta Pública (DPMFi) 2,61.12470620173
2022-07-01,- Juros Apropriados da DPFe 10,-1.22506826451858
2022-07-01,- Juros Apropriados da DPMFi 9,41.72886537379
2022-07-01,- Pagamentos Correntes (DPFe),-3.3341523537284203
2022-07-01,- Pagamentos Correntes (DPMFi) 6,-140.71943237250002
2022-07-01,- Resgates Antecipados (DPFe) 8,0.0
2022-07-01,- Trocas Ofertas Públicas (DPMFi)3,0.0
2022-07-01,- Trocas Ofertas Públicas (DPMFi)3,0.0
2022-07-01,DPFe,250.16507142236003
2022-07-01,DPFe,245.80596347553
2022-07-01,DPFe,-4.359107946830016
2022-07-01,DPMFi,5595.379035833269
2022-07-01,DPMFi,5558.585701111299
2022-07-01,DPMFi,-36.793334721970375
2022-07-01,Estoque anterior1,5845.54410725563
2022-07-01,Estoque mês em análise,5804.391664586829
2022-07-01,I - Gestão da Dívida - TN (I.1 + I.2),-41.11970696810139
2022-07-01,I.1 - Emissão/Resgate Líquido,-81.62350407737281
2022-07-01,I.1.1 - Emissões,62.43008064885563
2022-07-01,I.1.2 - Resgates,-144.05358472622845
2022-07-01,I.2 - Juros  Apropriados,40.503797109271424
2022-07-01,II - Operações do mercado com o Banco Central,-0.03273570071
2022-07-01,II.1 - Transferência de carteira 11,-0.03273570071
2022-07-01,Total dos Fatores (I + II),-41.15244266881139
2022-07-01,Variação Nominal,-41.15244266880039
2022-08-01,- Cancelamentos (DPMFi),-0.00020748708
2022-08-01,- Emissões (DPFe) 5,0.48823342636411
2022-08-01,- Emissões Diretas (DPMFi) 4,2.0653500081500002
2022-08-01,- Emissões Oferta Pública (DPMFi) 2,141.38026992980002
2022-08-01,- Juros Apropriados da DPFe 10,0.13215843245428
2022-08-01,- Juros Apropriados da DPMFi 9,33.46446823339
2022-08-01,- Pagamentos Correntes (DPFe),-0.57413452890616
2022-08-01,- Pagamentos Correntes (DPMFi) 6,-199.98024877908
2022-08-01,- Resgates Antecipados (DPFe) 8,0.0
2022-08-01,- Trocas Ofertas Públicas (DPMFi)3,0.0
2022-08-01,- Trocas Ofertas Públicas (DPMFi)3,0.0
2022-08-01,DPFe,245.80596347553
2022-08-01,DPFe,245.85222080544003
2022-08-01,DPFe,0.04625732991003315
2022-08-01,DPMFi,5558.585701111299
2022-08-01,DPMFi,5535.515333016479
2022-08-01,DPMFi,-23.0703680948196
2022-08-01,Estoque anterior1,5804.391664586829
2022-08-01,Estoque mês em análise,5781.3675538219195
2022-08-01,I - Gestão da Dívida - TN (I.1 + I.2),-23.024110764907775
2022-08-01,I.1 - Emissão/Resgate Líquido,-56.62073743075205
2022-08-01,I.1.1 - Emissões,143.93385336431413
2022-08-01,I.1.2 - Resgates,-200.5545907950662
2022-08-01,I.2 - Juros  Apropriados,33.596626665844276
2022-08-01,II - Operações do mercado com o Banco Central,0.0
2022-08-01,II.1 - Transferência de carteira 11,0.0
2022-08-01,Total dos Fatores (I + II),-23.024110764907775
2022-08-01,Variação Nominal,-23.024110764909565
2022-09-01,- Cancelamentos (DPMFi),-0.0037255115700000003
2022-09-01,- Emissões (DPFe) 5,0.110410822254734
2022-09-01,- Emissões Diretas (DPMFi) 4,0.11051398115
2022-09-01,- Emissões Oferta Pública (DPMFi) 2,109.83817430063
2022-09-01,- Juros Apropriados da DPFe 10,10.9328370626215
2022-09-01,- Juros Apropriados da DPMFi 9,36.282936446949996
2022-09-01,- Pagamentos Correntes (DPFe),-0.422079945284175
2022-09-01,- Pagamentos Correntes (DPMFi) 6,-186.01724560325
2022-09-01,- Resgates Antecipados (DPFe) 8,0.0
2022-09-01,- Trocas Ofertas Públicas (DPMFi)3,0.0
2022-09-01,- Trocas Ofertas Públicas (DPMFi)3,0.0
2022-09-01,DPFe,245.85222080544003
2022-09-01,DPFe,256.47338874503
2022-09-01,DPFe,10.621167939589942
2022-09-01,DPMFi,5535.515333016479
2022-09-01,DPMFi,5495.5104890599205
2022-09-01,DPMFi,-40.004843956558965
2022-09-01,Estoque anterior1,5781.3675538219195
2022-09-01,Estoque mês em análise,5751.983877804951
2022-09-01,I - Gestão da Dívida - TN (I.1 + I.2),-29.16817844649793
2022-09-01,I.1 - Emissão/Resgate Líquido,-76.38395195606944
2022-09-01,I.1.1 - Emissões,110.05909910403473
2022-09-01,I.1.2 - Resgates,-186.44305106010415
2022-09-01,I.2 - Juros  Apropriados,47.215773509571505
2022-09-01,II - Operações do mercado com o Banco Central,-0.21549757047
2022-09-01,II.1 - Transferência de carteira 11,-0.21549757047
2022-09-01,Total dos Fatores (I + II),-29.38367601696793
2022-09-01,Variação Nominal,-29.383676016969023
2022-10-01,- Cancelamentos (DPMFi),0.0
2022-10-01,- Emissões (DPFe) 5,0.0
2022-10-01,- Emissões Diretas (DPMFi) 4,0.47243319379000004
2022-10-01,- Emissões Oferta Pública (DPMFi) 2,100.93761157778
2022-10-01,- Juros Apropriados da DPFe 10,-5.70423358223621
2022-10-01,- Juros Apropriados da DPMFi 9,41.09908929611
2022-10-01,- Pagamentos Correntes (DPFe),-0.77276276125
2022-10-01,- Pagamentos Correntes (DPMFi) 6,-109.74519732012
2022-10-01,- Resgates Antecipados (DPFe) 8,0.0
2022-10-01,- Trocas Ofertas Públicas (DPMFi)3,0.0
2022-10-01,- Trocas Ofertas Públicas (DPMFi)3,0.0
2022-10-01,DPFe,256.47338874503
2022-10-01,DPFe,249.99639240155
2022-10-01,DPFe,-6.476996343479986
2022-10-01,DPMFi,5495.5104890599205
2022-10-01,DPMFi,5528.278864452719
2022-10-01,DPMFi,32.76837539279833
2022-10-01,Estoque anterior1,5751.983877804951
2022-10-01,Estoque mês em análise,5778.275256854269
2022-10-01,I - Gestão da Dívida - TN (I.1 + I.2),26.2869404040738
2022-10-01,I.1 - Emissão/Resgate Líquido,-9.107915309799996
2022-10-01,I.1.1 - Emissões,101.41004477157
2022-10-01,I.1.2 - Resgates,-110.51796008136999
2022-10-01,I.2 - Juros  Apropriados,35.394855713873795
2022-10-01,II - Operações do mercado com o Banco Central,0.00443864524
2022-10-01,II.1 - Transferência de carteira 11,0.00443864524
2022-10-01,Total dos Fatores (I + II),26.2913790493138
2022-10-01,Variação Nominal,26.291379049318348
2022-11-01,- Cancelamentos (DPMFi),-3.7830250000000006e-05
2022-11-01,- Emissões (DPFe) 5,1.9331625074399998
2022-11-01,- Emissões Diretas (DPMFi) 4,1.54025318659
2022-11-01,- Emissões Oferta Pública (DPMFi) 2,63.61652113519
2022-11-01,- Juros Apropriados da DPFe 10,3.29680569785117
2022-11-01,- Juros Apropriados da DPMFi 9,48.01635081722
2022-11-01,- Pagamentos Correntes (DPFe),-0.49400297965
2022-11-01,- Pagamentos Correntes (DPMFi) 6,-25.34564589092
2022-11-01,- Resgates Antecipados (DPFe) 8,0.0
2022-11-01,- Trocas Ofertas Públicas (DPMFi)3,0.0
2022-11-01,- Trocas Ofertas Públicas (DPMFi)3,0.0
2022-11-01,DPFe,249.99639240155
2022-11-01,DPFe,254.73235762718002
2022-11-01,DPFe,4.735965225630032
2022-11-01,DPMFi,5528.278864452719
2022-11-01,DPMFi,5616.1063058705495
2022-11-01,DPMFi,87.827441417831
2022-11-01,Estoque anterior1,5778.275256854269
2022-11-01,Estoque mês em análise,5870.8386634977305
2022-11-01,I - Gestão da Dívida - TN (I.1 + I.2),92.56340664347118
2022-11-01,I.1 - Emissão/Resgate Líquido,41.25025012840001
2022-11-01,I.1.1 - Emissões,67.08993682922001
2022-11-01,I.1.2 - Resgates,-25.83968670082
2022-11-01,I.2 - Juros  Apropriados,51.31315651507117
2022-11-01,II - Operações do mercado com o Banco Central,0.0
2022-11-01,II.1 - Transferência de carteira 11,0.0
2022-11-01,Total dos Fatores (I + II),92.56340664347118
2022-11-01,Variação Nominal,92.56340664346102
2022-12-01,- Cancelamentos (DPMFi),-0.00132602368
2022-12-01,- Emissões (DPFe) 5,0.9958076541299999
2022-12-01,- Emissões Diretas (DPMFi) 4,0.70173207841
2022-12-01,- Emissões Oferta Pública (DPMFi) 2,30.09453169473
2022-12-01,- Juros Apropriados da DPFe 10,-1.9201806843131402
2022-12-01,- Juros Apropriados da DPMFi 9,56.303698731359994
2022-12-01,- Pagamentos Correntes (DPFe),-1.3537804122400001
2022-12-01,- Pagamentos Correntes (DPMFi) 6,-4.18429141722
2022-12-01,- Resgates Antecipados (DPFe) 8,0.0
2022-12-01,- Trocas Ofertas Públicas (DPMFi)3,0.0
2022-12-01,- Trocas Ofertas Públicas (DPMFi)3,0.0
2022-12-01,DPFe,254.73235762718002
2022-12-01,DPFe,252.45420418476002
2022-12-01,DPFe,-2.2781534424200074
2022-12-01,DPMFi,5616.1063058705495
2022-12-01,DPMFi,5698.97523631748
2022-12-01,DPMFi,82.86893044693024
2022-12-01,Estoque anterior1,5870.8386634977305
2022-12-01,Estoque mês em análise,5951.42944050224
2022-12-01,I - Gestão da Dívida - TN (I.1 + I.2),80.63619162117685
2022-12-01,I.1 - Emissão/Resgate Líquido,26.252673574130004
2022-12-01,I.1.1 - Emissões,31.792071427270002
2022-12-01,I.1.2 - Resgates,-5.53939785314
2022-12-01,I.2 - Juros  Apropriados,54.383518047046856
2022-12-01,II - Operações do mercado com o Banco Central,-0.04541461667
2022-12-01,II.1 - Transferência de carteira 11,-0.04541461667
2022-12-01,Total dos Fatores (I + II),80.59077700450686
2022-12-01,Variação Nominal,80.59077700451022
2023-01-01,- Cancelamentos (DPMFi),0.0
2023-01-01,- Emissões (DPFe) 5,0.09681934361000001
2023-01-01,- Emissões Diretas (DPMFi) 4,0.5732009287800001
2023-01-01,- Emissões Oferta Pública (DPMFi) 2,83.89341245853001
2023-01-01,- Juros Apropriados da DPFe 10,-3.73447587334809
2023-01-01,- Juros Apropriados da DPMFi 9,51.77259919464
2023-01-01,- Pagamentos Correntes (DPFe),-14.83393664794
2023-01-01,- Pagamentos Correntes (DPMFi) 6,-300.4693595338
2023-01-01,- Resgates Antecipados (DPFe) 8,0.0
2023-01-01,- Trocas Ofertas Públicas (DPMFi)3,0.0
2023-01-01,- Trocas Ofertas Públicas (DPMFi)3,0.0
2023-01-01,DPFe,252.45420418476002
2023-01-01,DPFe,233.98261100708
2023-01-01,DPFe,-18.471593177680013
2023-01-01,DPMFi,5698.97523631748
2023-01-01,DPMFi,5534.7450893656305
2023-01-01,DPMFi,-164.23014695184958
2023-01-01,Estoque anterior1,5951.42944050224
2023-01-01,Estoque mês em análise,5768.72770037271
2023-01-01,I - Gestão da Dívida - TN (I.1 + I.2),-182.7017401295281
2023-01-01,I.1 - Emissão/Resgate Líquido,-230.73986345082
2023-01-01,I.1.1 - Emissões,84.56343273092
2023-01-01,I.1.2 - Resgates,-315.30329618174
2023-01-01,I.2 - Juros  Apropriados,48.03812332129191
2023-01-01,II - Operações do mercado com o Banco Central,0.0
2023-01-01,II.1 - Transferência de carteira 11,0.0
2023-01-01,Total dos Fatores (I + II),-182.7017401295281
2023-01-01,Variação Nominal,-182.70174012952958
2023-02-01,- Cancelamentos (DPMFi),-0.00025144304
2023-02-01,- Emissões (DPFe) 5,0.0
2023-02-01,- Emissões Diretas (DPMFi) 4,0.04709601661
2023-02-01,- Emissões Oferta Pública (DPMFi) 2,61.372239969659994
2023-02-01,- Juros Apropriados da DPFe 10,5.7325059966441305
2023-02-01,- Juros Apropriados da DPMFi 9,48.6470267312
2023-02-01,- Pagamentos Correntes (DPFe),-0.5701386304
2023-02-01,- Pagamentos Correntes (DPMFi) 6,-27.92238189542
2023-02-01,- Resgates Antecipados (DPFe) 8,0.0
2023-02-01,- Trocas Ofertas Públicas (DPMFi)3,0.0
2023-02-01,- Trocas Ofertas Públicas (DPMFi)3,0.0
2023-02-01,DPFe,233.98261100708
2023-02-01,DPFe,239.14497837333
2023-02-01,DPFe,5.162367366249994
2023-02-01,DPMFi,5534.7450893656305
2023-02-01,DPMFi,5616.888818744641
2023-02-01,DPMFi,82.14372937901038
2023-02-01,Estoque anterior1,5768.72770037271
2023-02-01,Estoque mês em análise,5856.033797117971
2023-02-01,I - Gestão da Dívida - TN (I.1 + I.2),87.30609674525412
2023-02-01,I.1 - Emissão/Resgate Líquido,32.926564017409994
2023-02-01,I.1.1 - Emissões,61.41933598626999
2023-02-01,I.1.2 - Resgates,-28.49277196886
2023-02-01,I.2 - Juros  Apropriados,54.379532727844136
2023-02-01,II - Operações do mercado com o Banco Central,0.0
2023-02-01,II.1 - Transferência de carteira 11,0.0
2023-02-01,Total dos Fatores (I + II),87.30609674525412
2023-02-01,Variação Nominal,87.30609674526038
2023-03-01,- Cancelamentos (DPMFi),-0.00180349816
2023-03-01,- Emissões (DPFe) 5,0.10647
2023-03-01,- Emissões Diretas (DPMFi) 4,5.253333051769999
2023-03-01,- Emissões Oferta Pública (DPMFi) 2,163.34051402423
2023-03-01,- Juros Apropriados da DPFe 10,-4.22202792522717
2023-03-01,- Juros Apropriados da DPMFi 9,61.20254809911
2023-03-01,- Pagamentos Correntes (DPFe),-0.671769131
2023-03-01,- Pagamentos Correntes (DPMFi) 6,-188.33837001052
2023-03-01,- Resgates Antecipados (DPFe) 8,0.0
2023-03-01,- Trocas Ofertas Públicas (DPMFi)3,0.0
2023-03-01,- Trocas Ofertas Públicas (DPMFi)3,0.0
2023-03-01,DPFe,239.14497837333
2023-03-01,DPFe,234.35765131709996
2023-03-01,DPFe,-4.787327056230046
2023-03-01,DPMFi,5616.888818744641
2023-03-01,DPMFi,5658.34504041107
2023-03-01,DPMFi,41.456221666429194
2023-03-01,Estoque anterior1,5856.033797117971
2023-03-01,Estoque mês em análise,5892.70269172817
2023-03-01,I - Gestão da Dívida - TN (I.1 + I.2),36.668894610202805
2023-03-01,I.1 - Emissão/Resgate Líquido,-20.31162556368002
2023-03-01,I.1.1 - Emissões,168.700317076
2023-03-01,I.1.2 - Resgates,-189.01194263968003
2023-03-01,I.2 - Juros  Apropriados,56.98052017388282
2023-03-01,II - Operações do mercado com o Banco Central,0.0
2023-03-01,II.1 - Transferência de carteira 11,0.0
2023-03-01,Total dos Fatores (I + II),36.668894610202805
2023-03-01,Variação Nominal,36.668894610199146
2023-04-01,- Cancelamentos (DPMFi),-0.00857073325
2023-04-01,- Emissões (DPFe) 5,11.078100000000001
2023-04-01,- Emissões Diretas (DPMFi) 4,0.44496392549
2023-04-01,- Emissões Oferta Pública (DPMFi) 2,116.06258127879
2023-04-01,- Juros Apropriados da DPFe 10,-2.12636868465197
2023-04-01,- Juros Apropriados da DPMFi 9,50.275565241689996
2023-04-01,- Pagamentos Correntes (DPFe),-0.89278213293
2023-04-01,- Pagamentos Correntes (DPMFi) 6,-34.379499282930006
2023-04-01,- Resgates Antecipados (DPFe) 8,0.0
2023-04-01,- Trocas Ofertas Públicas (DPMFi)3,0.0
2023-04-01,- Trocas Ofertas Públicas (DPMFi)3,0.0
2023-04-01,DPFe,234.35765131709996
2023-04-01,DPFe,242.41660049952003
2023-04-01,DPFe,8.058949182420067
2023-04-01,DPMFi,5658.34504041107
2023-04-01,DPMFi,5790.404127637971
2023-04-01,DPMFi,132.0590872269012
2023-04-01,Estoque anterior1,5892.70269172817
2023-04-01,Estoque mês em análise,6032.820728137492
2023-04-01,I - Gestão da Dívida - TN (I.1 + I.2),140.45398961220803
2023-04-01,I.1 - Emissão/Resgate Líquido,92.30479305517001
2023-04-01,I.1.1 - Emissões,127.58564520428001
2023-04-01,I.1.2 - Resgates,-35.280852149110004
2023-04-01,I.2 - Juros  Apropriados,48.149196557038024
2023-04-01,II - Operações do mercado com o Banco Central,-0.33595320289
2023-04-01,II.1 - Transferência de carteira 11,-0.33595320289
2023-04-01,Total dos Fatores (I + II),140.11803640931805
2023-04-01,Variação Nominal,140.11803640932126
2023-05-01,- Cancelamentos (DPMFi),-0.0022942716399999997
2023-05-01,- Emissões (DPFe) 5,0.14181330489000002
2023-05-01,- Emissões Diretas (DPMFi) 4,0.083910561
2023-05-01,- Emissões Oferta Pública (DPMFi) 2,139.69082608005
2023-05-01,- Juros Apropriados da DPFe 10,4.723701559826409
2023-05-01,- Juros Apropriados da DPMFi 9,51.46213920543
2023-05-01,- Pagamentos Correntes (DPFe),-0.50169047866
2023-05-01,- Pagamentos Correntes (DPMFi) 6,-214.45624465438
2023-05-01,- Resgates Antecipados (DPFe) 8,0.0
2023-05-01,- Trocas Ofertas Públicas (DPMFi)3,0.0
2023-05-01,- Trocas Ofertas Públicas (DPMFi)3,0.0
2023-05-01,DPFe,242.41660049952003
2023-05-01,DPFe,246.78042488557
2023-05-01,DPFe,4.363824386049993
2023-05-01,DPMFi,5790.404127637971
2023-05-01,DPMFi,5767.18246455843
2023-05-01,DPMFi,-23.221663079541177
2023-05-01,Estoque anterior1,6032.820728137492
2023-05-01,Estoque mês em análise,6013.962889444
2023-05-01,I - Gestão da Dívida - TN (I.1 + I.2),-18.85783869348358
2023-05-01,I.1 - Emissão/Resgate Líquido,-75.04367945873999
2023-05-01,I.1.1 - Emissões,139.91654994594
2023-05-01,I.1.2 - Resgates,-214.96022940468
2023-05-01,I.2 - Juros  Apropriados,56.185840765256415
2023-05-01,II - Operações do mercado com o Banco Central,0.0
2023-05-01,II.1 - Transferência de carteira 11,0.0
2023-05-01,Total dos Fatores (I + II),-18.85783869348358
2023-05-01,Variação Nominal,-18.857838693491182
2023-06-01,- Cancelamentos (DPMFi),-0.00149733222
2023-06-01,- Emissões (DPFe) 5,0.16164987244
2023-06-01,- Emissões Diretas (DPMFi) 4,0.57799556177
2023-06-01,- Emissões Oferta Pública (DPMFi) 2,150.56665741591002
2023-06-01,- Juros Apropriados da DPFe 10,-11.617627390744001
2023-06-01,- Juros Apropriados da DPMFi 9,44.934281965100006
2023-06-01,- Pagamentos Correntes (DPFe),-1.28014858731
2023-06-01,- Pagamentos Correntes (DPMFi) 6,-5.81686767289
2023-06-01,- Resgates Antecipados (DPFe) 8,0.0
2023-06-01,- Trocas Ofertas Públicas (DPMFi)3,0.0
2023-06-01,- Trocas Ofertas Públicas (DPMFi)3,0.0
2023-06-01,DPFe,246.78042488557
2023-06-01,DPFe,234.04429877996
2023-06-01,DPFe,-12.736126105610019
2023-06-01,DPMFi,5767.18246455843
2023-06-01,DPMFi,5957.418759341151
2023-06-01,DPMFi,190.2362947827205
2023-06-01,Estoque anterior1,6013.962889444
2023-06-01,Estoque mês em análise,6191.46305812111
2023-06-01,I - Gestão da Dívida - TN (I.1 + I.2),177.52444383205602
2023-06-01,I.1 - Emissão/Resgate Líquido,144.2077892577
2023-06-01,I.1.1 - Emissões,151.30630285012
2023-06-01,I.1.2 - Resgates,-7.098513592420001
2023-06-01,I.2 - Juros  Apropriados,33.316654574356
2023-06-01,II - Operações do mercado com o Banco Central,-0.024275154950000002
2023-06-01,II.1 - Transferência de carteira 11,-0.024275154950000002
2023-06-01,Total dos Fatores (I + II),177.50016867710602
2023-06-01,Variação Nominal,177.50016867711048
2023-07-01,- Cancelamentos (DPMFi),-0.00031308598
2023-07-01,- Emissões (DPFe) 5,0.1128172841
2023-07-01,- Emissões Diretas (DPMFi) 4,0.68075202263
2023-07-01,- Emissões Oferta Pública (DPMFi) 2,133.66665472528
2023-07-01,- Juros Apropriados da DPFe 10,-2.3233131484620304
2023-07-01,- Juros Apropriados da DPMFi 9,45.7003481986
2023-07-01,- Pagamentos Correntes (DPFe),-2.87415737877
2023-07-01,- Pagamentos Correntes (DPMFi) 6,-224.20654766059
2023-07-01,- Resgates Antecipados (DPFe) 8,0.0
2023-07-01,- Trocas Ofertas Públicas (DPMFi)3,0.0
2023-07-01,- Trocas Ofertas Públicas (DPMFi)3,0.0
2023-07-01,DPFe,234.04429877996
2023-07-01,DPFe,228.95964553683
2023-07-01,DPFe,-5.084653243129986
2023-07-01,DPMFi,5957.418759341151
2023-07-01,DPMFi,5913.259653541089
2023-07-01,DPMFi,-44.15910580006149
2023-07-01,Estoque anterior1,6191.46305812111
2023-07-01,Estoque mês em análise,6142.219299077919
2023-07-01,I - Gestão da Dívida - TN (I.1 + I.2),-49.24375904319202
2023-07-01,I.1 - Emissão/Resgate Líquido,-92.62079409332998
2023-07-01,I.1.1 - Emissões,134.46022403201002
2023-07-01,I.1.2 - Resgates,-227.08101812534
2023-07-01,I.2 - Juros  Apropriados,43.37703505013796
2023-07-01,II - Operações do mercado com o Banco Central,0.0
2023-07-01,II.1 - Transferência de carteira 11,0.0
2023-07-01,Total dos Fatores (I + II),-49.24375904319202
2023-07-01,Variação Nominal,-49.243759043191474
2023-08-01,- Cancelamentos (DPMFi),-0.00178153476
2023-08-01,- Emissões (DPFe) 5,0.08363923251
2023-08-01,- Emissões Diretas (DPMFi) 4,1.38866887547
2023-08-01,- Emissões Oferta Pública (DPMFi) 2,92.16716913476
2023-08-01,- Juros Apropriados da DPFe 10,8.96524535883707
2023-08-01,- Juros Apropriados da DPMFi 9,54.980635831810005
2023-08-01,- Pagamentos Correntes (DPFe),-0.54533134451
2023-08-01,- Pagamentos Correntes (DPMFi) 6,-33.82051507059
2023-08-01,- Resgates Antecipados (DPFe) 8,0.0
2023-08-01,- Trocas Ofertas Públicas (DPMFi)3,0.0
2023-08-01,- Trocas Ofertas Públicas (DPMFi)3,0.0
2023-08-01,DPFe,228.95964553683
2023-08-01,DPFe,237.46319878367
2023-08-01,DPFe,8.50355324683999
2023-08-01,DPMFi,5913.259653541089
2023-08-01,DPMFi,6027.919772795931
2023-08-01,DPMFi,114.66011925484148
2023-08-01,Estoque anterior1,6142.219299077919
2023-08-01,Estoque mês em análise,6265.3829715796
2023-08-01,I - Gestão da Dívida - TN (I.1 + I.2),123.21773048352708
2023-08-01,I.1 - Emissão/Resgate Líquido,59.271849292880006
2023-08-01,I.1.1 - Emissões,93.63947724274
2023-08-01,I.1.2 - Resgates,-34.36762794986
2023-08-01,I.2 - Juros  Apropriados,63.94588119064707
2023-08-01,II - Operações do mercado com o Banco Central,-0.05405798185
2023-08-01,II.1 - Transferência de carteira 11,-0.05405798185
2023-08-01,Total dos Fatores (I + II),123.16367250167708
2023-08-01,Variação Nominal,123.16367250168146
2023-09-01,- Cancelamentos (DPMFi),0.0
2023-09-01,- Emissões (DPFe) 5,0.022754158780000002
2023-09-01,- Emissões Diretas (DPMFi) 4,0.05798793846
2023-09-01,- Emissões Oferta Pública (DPMFi) 2,79.62422244607
2023-09-01,- Juros Apropriados da DPFe 10,4.9802603196865
2023-09-01,- Juros Apropriados da DPMFi 9,49.69613030191
2023-09-01,- Pagamentos Correntes (DPFe),-0.68699224219
2023-09-01,- Pagamentos Correntes (DPMFi) 6,-323.21781414035996
2023-09-01,- Resgates Antecipados (DPFe) 8,0.0
2023-09-01,- Trocas Ofertas Públicas (DPMFi)3,0.0
2023-09-01,- Trocas Ofertas Públicas (DPMFi)3,0.0
2023-09-01,DPFe,237.46319878367
2023-09-01,DPFe,241.77922101994
2023-09-01,DPFe,4.316022236269986
2023-09-01,DPMFi,6027.919772795931
2023-09-01,DPMFi,5834.08029934201
2023-09-01,DPMFi,-193.83947345392033
2023-09-01,Estoque anterior1,6265.3829715796
2023-09-01,Estoque mês em análise,6075.859520361951
2023-09-01,I - Gestão da Dívida - TN (I.1 + I.2),-189.52345121764347
2023-09-01,I.1 - Emissão/Resgate Líquido,-244.19984183923998
2023-09-01,I.1.1 - Emissões,79.70496454331
2023-09-01,I.1.2 - Resgates,-323.90480638254996
2023-09-01,I.2 - Juros  Apropriados,54.676390621596504
2023-09-01,II - Operações do mercado com o Banco Central,0.0
2023-09-01,II.1 - Transferência de carteira 11,0.0
2023-09-01,Total dos Fatores (I + II),-189.52345121764347
2023-09-01,Variação Nominal,-189.52345121765035
2023-10-01,- Cancelamentos (DPMFi),-0.00029279609
2023-10-01,- Emissões (DPFe) 5,0.48418900718999996
2023-10-01,- Emissões Diretas (DPMFi) 4,3.37134207106
2023-10-01,- Emissões Oferta Pública (DPMFi) 2,68.85220385768
2023-10-01,- Juros Apropriados da DPFe 10,3.19325089050847
2023-10-01,- Juros Apropriados da DPMFi 9,47.46858110693
2023-10-01,- Pagamentos Correntes (DPFe),-1.13181723201
2023-10-01,- Pagamentos Correntes (DPMFi) 6,-26.106909892610002
2023-10-01,- Resgates Antecipados (DPFe) 8,0.0
2023-10-01,- Trocas Ofertas Públicas (DPMFi)3,0.0
2023-10-01,- Trocas Ofertas Públicas (DPMFi)3,0.0
2023-10-01,DPFe,241.77922101994
2023-10-01,DPFe,244.32484368563001
2023-10-01,DPFe,2.545622665690025
2023-10-01,DPMFi,5834.08029934201
2023-10-01,DPMFi,5927.66522368898
2023-10-01,DPMFi,93.5849243469704
2023-10-01,Estoque anterior1,6075.859520361951
2023-10-01,Estoque mês em análise,6171.990067374611
2023-10-01,I - Gestão da Dívida - TN (I.1 + I.2),96.13054701265847
2023-10-01,I.1 - Emissão/Resgate Líquido,45.46871501522
2023-10-01,I.1.1 - Emissões,72.70773493593
2023-10-01,I.1.2 - Resgates,-27.23901992071
2023-10-01,I.2 - Juros  Apropriados,50.66183199743847
2023-10-01,II - Operações do mercado com o Banco Central,0.0
2023-10-01,II.1 - Transferência de carteira 11,0.0
2023-10-01,Total dos Fatores (I + II),96.13054701265847
2023-10-01,Variação Nominal,96.13054701266041
2023-11-01,- Cancelamentos (DPMFi),-0.03104809386
2023-11-01,- Emissões (DPFe) 5,9.96667440269
2023-11-01,- Emissões Diretas (DPMFi) 4,0.23371825973
2023-11-01,- Emissões Oferta Pública (DPMFi) 2,123.78543647655
2023-11-01,- Juros Apropriados da DPFe 10,-3.59785178537414
2023-11-01,- Juros Apropriados da DPMFi 9,47.44281775345
2023-11-01,- Pagamentos Correntes (DPFe),-0.64667064323
2023-11-01,- Pagamentos Correntes (DPMFi) 6,-24.04343025339
2023-11-01,- Resgates Antecipados (DPFe) 8,0.0
2023-11-01,- Trocas Ofertas Públicas (DPMFi)3,0.0
2023-11-01,- Trocas Ofertas Públicas (DPMFi)3,0.0
2023-11-01,DPFe,244.32484368563001
2023-11-01,DPFe,250.04699565970998
2023-11-01,DPFe,5.722151974079956
2023-11-01,DPMFi,5927.66522368898
2023-11-01,DPMFi,6075.05271783146
2023-11-01,DPMFi,147.38749414247926
2023-11-01,Estoque anterior1,6171.990067374611
2023-11-01,Estoque mês em análise,6325.0997134911695
2023-11-01,I - Gestão da Dívida - TN (I.1 + I.2),153.10964611656584
2023-11-01,I.1 - Emissão/Resgate Líquido,109.26468014849
2023-11-01,I.1.1 - Emissões,133.98582913897
2023-11-01,I.1.2 - Resgates,-24.721148990480003
2023-11-01,I.2 - Juros  Apropriados,43.844965968075854
2023-11-01,II - Operações do mercado com o Banco Central,0.0
2023-11-01,II.1 - Transferência de carteira 11,0.0
2023-11-01,Total dos Fatores (I + II),153.10964611656584
2023-11-01,Variação Nominal,153.10964611655922
2023-12-01,- Cancelamentos (DPMFi),-0.0055293886700000005
2023-12-01,- Emissões (DPFe) 5,5.60517166147
2023-12-01,- Emissões Diretas (DPMFi) 4,2.64889903199
2023-12-01,- Emissões Oferta Pública (DPMFi) 2,136.90630819518
2023-12-01,- Juros Apropriados da DPFe 10,-3.00938498505864
2023-12-01,- Juros Apropriados da DPMFi 9,57.18663596282
2023-12-01,- Pagamentos Correntes (DPFe),-1.1791643970899999
2023-12-01,- Pagamentos Correntes (DPMFi) 6,-2.6871258376699996
2023-12-01,- Resgates Antecipados (DPFe) 8,0.0
2023-12-01,- Trocas Ofertas Públicas (DPMFi)3,0.0
2023-12-01,- Trocas Ofertas Públicas (DPMFi)3,0.0
2023-12-01,DPFe,250.04699565970998
2023-12-01,DPFe,251.46361793903
2023-12-01,DPFe,1.4166222793200287
2023-12-01,DPMFi,6075.05271783146
2023-12-01,DPMFi,6268.865049475031
2023-12-01,DPMFi,193.81233164357116
2023-12-01,Estoque anterior1,6325.0997134911695
2023-12-01,Estoque mês em análise,6520.328667414061
2023-12-01,I - Gestão da Dívida - TN (I.1 + I.2),195.46581024297134
2023-12-01,I.1 - Emissão/Resgate Líquido,141.28855926521
2023-12-01,I.1.1 - Emissões,145.16037888864
2023-12-01,I.1.2 - Resgates,-3.87181962343
2023-12-01,I.2 - Juros  Apropriados,54.17725097776136
2023-12-01,II - Operações do mercado com o Banco Central,-0.23685632008
2023-12-01,II.1 - Transferência de carteira 11,-0.23685632008
2023-12-01,Total dos Fatores (I + II),195.22895392289135
2023-12-01,Variação Nominal,195.22895392289118
2024-01-01,- Cancelamentos (DPMFi),-2.8854680000000002e-05
2024-01-01,- Emissões (DPFe) 5,22.12826329569
2024-01-01,- Emissões Diretas (DPMFi) 4,0.27119219455
2024-01-01,- Emissões Oferta Pública (DPMFi) 2,162.93613513421
2024-01-01,- Juros Apropriados da DPFe 10,6.5179092332219595
2024-01-01,- Juros Apropriados da DPMFi 9,55.07988113781
2024-01-01,- Pagamentos Correntes (DPFe),-6.2836883205100005
2024-01-01,- Pagamentos Correntes (DPMFi) 6,-311.11861254965004
2024-01-01,- Resgates Antecipados (DPFe) 8,0.0
2024-01-01,- Trocas Ofertas Públicas (DPMFi)3,0.0
2024-01-01,- Trocas Ofertas Públicas (DPMFi)3,0.0
2024-01-01,DPFe,251.46361793903
2024-01-01,DPFe,273.82610214744
2024-01-01,DPFe,22.362484208410024
2024-01-01,DPMFi,6268.865049475031
2024-01-01,DPMFi,6176.033616537271
2024-01-01,DPMFi,-92.8314329377599
2024-01-01,Estoque anterior1,6520.328667414061
2024-01-01,Estoque mês em análise,6449.859718684712
2024-01-01,I - Gestão da Dívida - TN (I.1 + I.2),-70.46894872935803
2024-01-01,I.1 - Emissão/Resgate Líquido,-132.06673910039
2024-01-01,I.1.1 - Emissões,185.33559062445002
2024-01-01,I.1.2 - Resgates,-317.40232972484
2024-01-01,I.2 - Juros  Apropriados,61.59779037103196
2024-01-01,II - Operações do mercado com o Banco Central,0.0
2024-01-01,II.1 - Transferência de carteira 11,0.0
2024-01-01,Total dos Fatores (I + II),-70.46894872935803
2024-01-01,Variação Nominal,-70.46894872934988
2024-02-01,- Cancelamentos (DPMFi),-4.660482e-05
2024-02-01,- Emissões (DPFe) 5,0.0
2024-02-01,- Emissões Diretas (DPMFi) 4,8.949964377
2024-02-01,- Emissões Oferta Pública (DPMFi) 2,117.05462997249
2024-02-01,- Juros Apropriados da DPFe 10,2.8527498385038697
2024-02-01,- Juros Apropriados da DPMFi 9,52.36783278113
2024-02-01,- Pagamentos Correntes (DPFe),-0.54187324361
2024-02-01,- Pagamentos Correntes (DPMFi) 6,-35.251388495949996
2024-02-01,- Resgates Antecipados (DPFe) 8,0.0
2024-02-01,- Trocas Ofertas Públicas (DPMFi)3,0.0
2024-02-01,- Trocas Ofertas Públicas (DPMFi)3,0.0
2024-02-01,DPFe,273.82610214744
2024-02-01,DPFe,276.13697874233
2024-02-01,DPFe,2.3108765948899674
2024-02-01,DPMFi,6176.033616537271
2024-02-01,DPMFi,6319.15460856712
2024-02-01,DPMFi,143.1209920298485
2024-02-01,Estoque anterior1,6449.859718684712
2024-02-01,Estoque mês em análise,6595.29158730945
2024-02-01,I - Gestão da Dívida - TN (I.1 + I.2),145.43186862474386
2024-02-01,I.1 - Emissão/Resgate Líquido,90.21128600510998
2024-02-01,I.1.1 - Emissões,126.00459434948999
2024-02-01,I.1.2 - Resgates,-35.79330834438001
2024-02-01,I.2 - Juros  Apropriados,55.220582619633866
2024-02-01,II - Operações do mercado com o Banco Central,0.0
2024-02-01,II.1 - Transferência de carteira 11,0.0
2024-02-01,Total dos Fatores (I + II),145.43186862474386
2024-02-01,Variação Nominal,145.43186862473848
2024-03-01,- Cancelamentos (DPMFi),-0.0064214491000000005
2024-03-01,- Emissões (DPFe) 5,0.0
2024-03-01,- Emissões Diretas (DPMFi) 4,0.9576032688699999
2024-03-01,- Emissões Oferta Pública (DPMFi) 2,167.7613630789
2024-03-01,- Juros Apropriados da DPFe 10,1.6831920702525298
2024-03-01,- Juros Apropriados da DPMFi 9,55.25490310629
2024-03-01,- Pagamentos Correntes (DPFe),-1.0912635700400002
2024-03-01,- Pagamentos Correntes (DPMFi) 6,-180.99586474907
2024-03-01,- Resgates Antecipados (DPFe) 8,0.0
2024-03-01,- Trocas Ofertas Públicas (DPMFi)3,0.0
2024-03-01,- Trocas Ofertas Públicas (DPMFi)3,0.0
2024-03-01,DPFe,276.13697874233
2024-03-01,DPFe,276.72890724254
2024-03-01,DPFe,0.5919285002099932
2024-03-01,DPMFi,6319.15460856712
2024-03-01,DPMFi,6361.645160946321
2024-03-01,DPMFi,42.49055237920117
2024-03-01,Estoque anterior1,6595.29158730945
2024-03-01,Estoque mês em análise,6638.374068188861
2024-03-01,I - Gestão da Dívida - TN (I.1 + I.2),43.563511756102564
2024-03-01,I.1 - Emissão/Resgate Líquido,-13.374583420439972
2024-03-01,I.1.1 - Emissões,168.71896634777002
2024-03-01,I.1.2 - Resgates,-182.09354976820998
2024-03-01,I.2 - Juros  Apropriados,56.93809517654253
2024-03-01,II - Operações do mercado com o Banco Central,-0.48103087669
2024-03-01,II.1 - Transferência de carteira 11,-0.48103087669
2024-03-01,Total dos Fatores (I + II),43.082480879412564
2024-03-01,Variação Nominal,43.08248087941116
2024-04-01,- Cancelamentos (DPMFi),-0.00509774004
2024-04-01,- Emissões (DPFe) 5,0.20664807200000002
2024-04-01,- Emissões Diretas (DPMFi) 4,1.72351650477
2024-04-01,- Emissões Oferta Pública (DPMFi) 2,131.88904018787
2024-04-01,- Juros Apropriados da DPFe 10,10.487610475861901
2024-04-01,- Juros Apropriados da DPMFi 9,51.61619352473
2024-04-01,- Pagamentos Correntes (DPFe),-6.91124573269
2024-04-01,- Pagamentos Correntes (DPMFi) 6,-123.42832957343
2024-04-01,- Resgates Antecipados (DPFe) 8,0.0
2024-04-01,- Trocas Ofertas Públicas (DPMFi)3,0.0
2024-04-01,- Trocas Ofertas Públicas (DPMFi)3,0.0
2024-04-01,DPFe,276.72890724254
2024-04-01,DPFe,280.51192005772
2024-04-01,DPFe,3.783012815180002
2024-04-01,DPMFi,6361.645160946321
2024-04-01,DPMFi,6423.440483850219
2024-04-01,DPMFi,61.79532290389761
2024-04-01,Estoque anterior1,6638.374068188861
2024-04-01,Estoque mês em análise,6703.952403907938
2024-04-01,I - Gestão da Dívida - TN (I.1 + I.2),65.57833571907192
2024-04-01,I.1 - Emissão/Resgate Líquido,3.4745317184800077
2024-04-01,I.1.1 - Emissões,133.81920476464
2024-04-01,I.1.2 - Resgates,-130.34467304616
2024-04-01,I.2 - Juros  Apropriados,62.1038040005919
2024-04-01,II - Operações do mercado com o Banco Central,0.0
2024-04-01,II.1 - Transferência de carteira 11,0.0
2024-04-01,Total dos Fatores (I + II),65.57833571907192
2024-04-01,Variação Nominal,65.57833571907761
2024-05-01,- Cancelamentos (DPMFi),-0.01546015872
2024-05-01,- Emissões (DPFe) 5,0.15811379956
2024-05-01,- Emissões Diretas (DPMFi) 4,7.884828282509999
2024-05-01,- Emissões Oferta Pública (DPMFi) 2,164.21074040329
2024-05-01,- Juros Apropriados da DPFe 10,5.57940027095597
2024-05-01,- Juros Apropriados da DPMFi 9,55.79851073742
2024-05-01,- Pagamentos Correntes (DPFe),-0.77532024388
2024-05-01,- Pagamentos Correntes (DPMFi) 6,-24.75263795102
2024-05-01,- Resgates Antecipados (DPFe) 8,0.0
2024-05-01,- Trocas Ofertas Públicas (DPMFi)3,0.0
2024-05-01,- Trocas Ofertas Públicas (DPMFi)3,0.0
2024-05-01,DPFe,280.51192005772
2024-05-01,DPFe,285.47411388435
2024-05-01,DPFe,4.962193826630013
2024-05-01,DPMFi,6423.440483850219
2024-05-01,DPMFi,6626.5664651637
2024-05-01,DPMFi,203.12598131348193
2024-05-01,Estoque anterior1,6703.952403907938
2024-05-01,Estoque mês em análise,6912.040579048051
2024-05-01,I - Gestão da Dívida - TN (I.1 + I.2),208.08817514011596
2024-05-01,I.1 - Emissão/Resgate Líquido,146.71026413173996
2024-05-01,I.1.1 - Emissões,172.25368248535997
2024-05-01,I.1.2 - Resgates,-25.543418353619998
2024-05-01,I.2 - Juros  Apropriados,61.377911008375975
2024-05-01,II - Operações do mercado com o Banco Central,0.0
2024-05-01,II.1 - Transferência de carteira 11,0.0
2024-05-01,Total dos Fatores (I + II),208.08817514011596
2024-05-01,Variação Nominal,208.08817514011193
2024-06-01,- Cancelamentos (DPMFi),-0.00030708908000000003
2024-06-01,- Emissões (DPFe) 5,11.289125013340001
2024-06-01,- Emissões Diretas (DPMFi) 4,7.15690603334
2024-06-01,- Emissões Oferta Pública (DPMFi) 2,76.09483482437
2024-06-01,- Juros Apropriados da DPFe 10,18.289211469483202
2024-06-01,- Juros Apropriados da DPMFi 9,55.51498565167
2024-06-01,- Pagamentos Correntes (DPFe),-1.44476769804
2024-06-01,- Pagamentos Correntes (DPMFi) 6,-10.891730137509999
2024-06-01,- Resgates Antecipados (DPFe) 8,0.0
2024-06-01,- Trocas Ofertas Públicas (DPMFi)3,0.0
2024-06-01,- Trocas Ofertas Públicas (DPMFi)3,0.0
2024-06-01,DPFe,285.47411388435
2024-06-01,DPFe,313.60768266909
2024-06-01,DPFe,28.133568784740056
2024-06-01,DPMFi,6626.5664651637
2024-06-01,DPMFi,6754.24108566521
2024-06-01,DPMFi,127.67462050150986
2024-06-01,Estoque anterior1,6912.040579048051
2024-06-01,Estoque mês em análise,7067.8487683343
2024-06-01,I - Gestão da Dívida - TN (I.1 + I.2),156.00825806757322
2024-06-01,I.1 - Emissão/Resgate Líquido,82.20406094642001
2024-06-01,I.1.1 - Emissões,94.54086587105
2024-06-01,I.1.2 - Resgates,-12.33680492463
2024-06-01,I.2 - Juros  Apropriados,73.80419712115321
2024-06-01,II - Operações do mercado com o Banco Central,-0.20006878128
2024-06-01,II.1 - Transferência de carteira 11,-0.20006878128
2024-06-01,Total dos Fatores (I + II),155.80818928629324
2024-06-01,Variação Nominal,155.80818928624993
2024-07-01,- Cancelamentos (DPMFi),0.0
2024-07-01,- Emissões (DPFe) 5,0.07806051566
2024-07-01,- Emissões Diretas (DPMFi) 4,0.96787310782
2024-07-01,- Emissões Oferta Pública (DPMFi) 2,138.55185285446998
2024-07-01,- Juros Apropriados da DPFe 10,7.0554159344744
2024-07-01,- Juros Apropriados da DPMFi 9,57.122571910430004
2024-07-01,- Pagamentos Correntes (DPFe),-3.10850159539
2024-07-01,- Pagamentos Correntes (DPMFi) 6,-128.83470206228
2024-07-01,- Resgates Antecipados (DPFe) 8,0.0
2024-07-01,- Trocas Ofertas Públicas (DPMFi)3,0.0
2024-07-01,- Trocas Ofertas Públicas (DPMFi)3,0.0
2024-07-01,DPFe,313.60768266909
2024-07-01,DPFe,317.63265752383
2024-07-01,DPFe,4.024974854739965
2024-07-01,DPMFi,6754.24108566521
2024-07-01,DPMFi,6822.04868147565
2024-07-01,DPMFi,67.80759581043944
2024-07-01,Estoque anterior1,7067.8487683343
2024-07-01,Estoque mês em análise,7139.68133899948
2024-07-01,I - Gestão da Dívida - TN (I.1 + I.2),71.83257066518439
2024-07-01,I.1 - Emissão/Resgate Líquido,7.654582820279989
2024-07-01,I.1.1 - Emissões,139.59778647795
2024-07-01,I.1.2 - Resgates,-131.94320365767
2024-07-01,I.2 - Juros  Apropriados,64.17798784490441
2024-07-01,II - Operações do mercado com o Banco Central,0.0
2024-07-01,II.1 - Transferência de carteira 11,0.0
2024-07-01,Total dos Fatores (I + II),71.83257066518439
2024-07-01,Variação Nominal,71.8325706651794
2024-08-01,- Cancelamentos (DPMFi),0.0
2024-08-01,- Emissões (DPFe) 5,0.33363470876
2024-08-01,- Emissões Diretas (DPMFi) 4,0.1045605748
2024-08-01,- Emissões Oferta Pública (DPMFi) 2,107.44820699683001
2024-08-01,- Juros Apropriados da DPFe 10,1.81144944843072
2024-08-01,- Juros Apropriados da DPMFi 9,57.460715766430006
2024-08-01,- Pagamentos Correntes (DPFe),-0.60794410271
2024-08-01,- Pagamentos Correntes (DPMFi) 6,-270.72103001739
2024-08-01,- Resgates Antecipados (DPFe) 8,0.0
2024-08-01,- Trocas Ofertas Públicas (DPMFi)3,0.0
2024-08-01,- Trocas Ofertas Públicas (DPMFi)3,0.0
2024-08-01,DPFe,317.63265752383
2024-08-01,DPFe,319.16979757830995
2024-08-01,DPFe,1.5371400544799398
2024-08-01,DPMFi,6822.04868147565
2024-08-01,DPMFi,6716.34113479632
2024-08-01,DPMFi,-105.70754667932913
2024-08-01,Estoque anterior1,7139.68133899948
2024-08-01,Estoque mês em análise,7035.51093237463
2024-08-01,I - Gestão da Dívida - TN (I.1 + I.2),-104.17040662484925
2024-08-01,I.1 - Emissão/Resgate Líquido,-163.44257183970996
2024-08-01,I.1.1 - Emissões,107.88640228039
2024-08-01,I.1.2 - Resgates,-271.3289741201
2024-08-01,I.2 - Juros  Apropriados,59.27216521486073
2024-08-01,II - Operações do mercado com o Banco Central,0.0
2024-08-01,II.1 - Transferência de carteira 11,0.0
2024-08-01,Total dos Fatores (I + II),-104.17040662484925
2024-08-01,Variação Nominal,-104.17040662484919
2024-09-01,- Cancelamentos (DPMFi),0.0
2024-09-01,- Emissões (DPFe) 5,0.011782456299999999
2024-09-01,- Emissões Diretas (DPMFi) 4,0.67405132212
2024-09-01,- Emissões Oferta Pública (DPMFi) 2,112.67854479106
2024-09-01,- Juros Apropriados da DPFe 10,-9.920009607075201
2024-09-01,- Juros Apropriados da DPMFi 9,50.03232764167
2024-09-01,- Pagamentos Correntes (DPFe),-1.92175816711
2024-09-01,- Pagamentos Correntes (DPMFi) 6,-239.35442190715
2024-09-01,- Resgates Antecipados (DPFe) 8,0.0
2024-09-01,- Trocas Ofertas Públicas (DPMFi)3,0.0
2024-09-01,- Trocas Ofertas Públicas (DPMFi)3,0.0
2024-09-01,DPFe,319.16979757830995
2024-09-01,DPFe,307.33981226042
2024-09-01,DPFe,-11.82998531788995
2024-09-01,DPMFi,6716.34113479632
2024-09-01,DPMFi,6640.37163664402
2024-09-01,DPMFi,-75.96949815229978
2024-09-01,Estoque anterior1,7035.51093237463
2024-09-01,Estoque mês em análise,6947.711448904441
2024-09-01,I - Gestão da Dívida - TN (I.1 + I.2),-87.79948347018521
2024-09-01,I.1 - Emissão/Resgate Líquido,-127.91180150478002
2024-09-01,I.1.1 - Emissões,113.36437856948
2024-09-01,I.1.2 - Resgates,-241.27618007426003
2024-09-01,I.2 - Juros  Apropriados,40.11231803459481
2024-09-01,II - Operações do mercado com o Banco Central,0.0
2024-09-01,II.1 - Transferência de carteira 11,0.0
2024-09-01,Total dos Fatores (I + II),-87.79948347018521
2024-09-01,Variação Nominal,-87.79948347018973
2024-10-01,- Cancelamentos (DPMFi),0.0
2024-10-01,- Emissões (DPFe) 5,0.00446715016
2024-10-01,- Emissões Diretas (DPMFi) 4,0.07390941355
2024-10-01,- Emissões Oferta Pública (DPMFi) 2,109.7199248099
2024-10-01,- Juros Apropriados da DPFe 10,18.8563683309724
2024-10-01,- Juros Apropriados da DPMFi 9,64.83858231752
2024-10-01,- Pagamentos Correntes (DPFe),-0.98271673068
2024-10-01,- Pagamentos Correntes (DPMFi) 6,-67.28970401273
2024-10-01,- Resgates Antecipados (DPFe) 8,0.0
2024-10-01,- Trocas Ofertas Públicas (DPMFi)3,0.0
2024-10-01,- Trocas Ofertas Públicas (DPMFi)3,0.0
2024-10-01,DPFe,307.33981226042
2024-10-01,DPFe,325.21793101087997
2024-10-01,DPFe,17.87811875045998
2024-10-01,DPMFi,6640.37163664402
2024-10-01,DPMFi,6747.71434917226
2024-10-01,DPMFi,107.342712528239
2024-10-01,Estoque anterior1,6947.711448904441
2024-10-01,Estoque mês em análise,7072.9322801831395
2024-10-01,I - Gestão da Dívida - TN (I.1 + I.2),125.2208312786924
2024-10-01,I.1 - Emissão/Resgate Líquido,41.5258806302
2024-10-01,I.1.1 - Emissões,109.79830137361
2024-10-01,I.1.2 - Resgates,-68.27242074341
2024-10-01,I.2 - Juros  Apropriados,83.69495064849241
2024-10-01,II - Operações do mercado com o Banco Central,0.0
2024-10-01,II.1 - Transferência de carteira 11,0.0
2024-10-01,Total dos Fatores (I + II),125.2208312786924
2024-10-01,Variação Nominal,125.22083127869898
2024-11-01,- Cancelamentos (DPMFi),0.0
2024-11-01,- Emissões (DPFe) 5,0.29824526554999997
2024-11-01,- Emissões Diretas (DPMFi) 4,0.1664496957
2024-11-01,- Emissões Oferta Pública (DPMFi) 2,82.81470733986
2024-11-01,- Juros Apropriados da DPFe 10,16.0397723762039
2024-11-01,- Juros Apropriados da DPMFi 9,58.74966896483
2024-11-01,- Pagamentos Correntes (DPFe),-0.7986389758
2024-11-01,- Pagamentos Correntes (DPMFi) 6,-26.10032817923
2024-11-01,- Resgates Antecipados (DPFe) 8,0.0
2024-11-01,- Trocas Ofertas Públicas (DPMFi)3,0.0
2024-11-01,- Trocas Ofertas Públicas (DPMFi)3,0.0
2024-11-01,DPFe,325.21793101087997
2024-11-01,DPFe,340.75730967683995
2024-11-01,DPFe,15.539378665959987
2024-11-01,DPMFi,6747.71434917226
2024-11-01,DPMFi,6863.34484699342
2024-11-01,DPMFi,115.63049782116059
2024-11-01,Estoque anterior1,7072.9322801831395
2024-11-01,Estoque mês em análise,7204.10215667026
2024-11-01,I - Gestão da Dívida - TN (I.1 + I.2),131.1698764871139
2024-11-01,I.1 - Emissão/Resgate Líquido,56.380435146079996
2024-11-01,I.1.1 - Emissões,83.27940230111
2024-11-01,I.1.2 - Resgates,-26.89896715503
2024-11-01,I.2 - Juros  Apropriados,74.7894413410339
2024-11-01,II - Operações do mercado com o Banco Central,0.0
2024-11-01,II.1 - Transferência de carteira 11,0.0
2024-11-01,Total dos Fatores (I + II),131.1698764871139
2024-11-01,Variação Nominal,131.16987648712058
2024-12-01,- Cancelamentos (DPMFi),-6.788797000000001e-05
2024-12-01,- Emissões (DPFe) 5,0.81552779475
2024-12-01,- Emissões Diretas (DPMFi) 4,5.099644613340001
2024-12-01,- Emissões Oferta Pública (DPMFi) 2,51.958222425710005
2024-12-01,- Juros Apropriados da DPFe 10,9.29859946180077
2024-12-01,- Juros Apropriados da DPMFi 9,60.038979454220005
2024-12-01,- Pagamentos Correntes (DPFe),-1.67810025145
2024-12-01,- Pagamentos Correntes (DPMFi) 6,-13.56224703493
2024-12-01,- Resgates Antecipados (DPFe) 8,0.0
2024-12-01,- Trocas Ofertas Públicas (DPMFi)3,0.0
2024-12-01,- Trocas Ofertas Públicas (DPMFi)3,0.0
2024-12-01,DPFe,340.75730967683995
2024-12-01,DPFe,349.19333668193
2024-12-01,DPFe,8.436027005090029
2024-12-01,DPMFi,6863.34484699342
2024-12-01,DPMFi,6966.879378563789
2024-12-01,DPMFi,103.53453157036844
2024-12-01,Estoque anterior1,7204.10215667026
2024-12-01,Estoque mês em análise,7316.072715245719
2024-12-01,I - Gestão da Dívida - TN (I.1 + I.2),111.97055857547079
2024-12-01,I.1 - Emissão/Resgate Líquido,42.63297965945001
2024-12-01,I.1.1 - Emissões,57.873394833800006
2024-12-01,I.1.2 - Resgates,-15.24041517435
2024-12-01,I.2 - Juros  Apropriados,69.33757891602077
2024-12-01,II - Operações do mercado com o Banco Central,0.0
2024-12-01,II.1 - Transferência de carteira 11,0.0
2024-12-01,Total dos Fatores (I + II),111.97055857547079
2024-12-01,Variação Nominal,111.97055857545847
2025-01-01,- Cancelamentos (DPMFi),0.0
2025-01-01,- Emissões (DPFe) 5,0.12619768534
2025-01-01,- Emissões Diretas (DPMFi) 4,1.4724089251899999
2025-01-01,- Emissões Oferta Pública (DPMFi) 2,143.91558555217
2025-01-01,- Juros Apropriados da DPFe 10,-17.5942268398226
2025-01-01,- Juros Apropriados da DPMFi 9,63.96724859304
2025-01-01,- Pagamentos Correntes (DPFe),-29.91724839847
2025-01-01,- Pagamentos Correntes (DPMFi) 6,-225.36154810538
2025-01-01,- Resgates Antecipados (DPFe) 8,0.0
2025-01-01,- Trocas Ofertas Públicas (DPMFi)3,0.0
2025-01-01,- Trocas Ofertas Públicas (DPMFi)3,0.0
2025-01-01,DPFe,349.19333668193
2025-01-01,DPFe,301.80805912898
2025-01-01,DPFe,-47.38527755295002
2025-01-01,DPMFi,6966.879378563789
2025-01-01,DPMFi,6950.87307352881
2025-01-01,DPMFi,-16.006305034978315
2025-01-01,Estoque anterior1,7316.072715245719
2025-01-01,Estoque mês em análise,7252.681132657791
2025-01-01,I - Gestão da Dívida - TN (I.1 + I.2),-63.391582587932604
2025-01-01,I.1 - Emissão/Resgate Líquido,-109.76460434115
2025-01-01,I.1.1 - Emissões,145.5141921627
2025-01-01,I.1.2 - Resgates,-255.27879650385
2025-01-01,I.2 - Juros  Apropriados,46.3730217532174
2025-01-01,II - Operações do mercado com o Banco Central,0.0
2025-01-01,II.1 - Transferência de carteira 11,0.0
2025-01-01,Total dos Fatores (I + II),-63.391582587932604
2025-01-01,Variação Nominal,-63.39158258792833
2025-02-01,- Cancelamentos (DPMFi),0.0
2025-02-01,- Emissões (DPFe) 5,14.482
2025-02-01,- Emissões Diretas (DPMFi) 4,1.94034172089
2025-02-01,- Emissões Oferta Pública (DPMFi) 2,187.98113595711
2025-02-01,- Juros Apropriados da DPFe 10,2.8005545300764703
2025-02-01,- Juros Apropriados da DPMFi 9,70.85179430374
2025-02-01,- Pagamentos Correntes (DPFe),-4.74622130876
2025-02-01,- Pagamentos Correntes (DPMFi) 6,-33.97628130944
2025-02-01,- Resgates Antecipados (DPFe) 8,0.0
2025-02-01,- Trocas Ofertas Públicas (DPMFi)3,0.0
2025-02-01,- Trocas Ofertas Públicas (DPMFi)3,0.0
2025-02-01,DPFe,301.80805912898
2025-02-01,DPFe,314.3443923503
2025-02-01,DPFe,12.536333221320005
2025-02-01,DPMFi,6950.87307352881
2025-02-01,DPMFi,7177.67006420111
2025-02-01,DPMFi,226.79699067229964
2025-02-01,Estoque anterior1,7252.681132657791
2025-02-01,Estoque mês em análise,7492.01445655141
2025-02-01,I - Gestão da Dívida - TN (I.1 + I.2),239.33332389361644
2025-02-01,I.1 - Emissão/Resgate Líquido,165.6809750598
2025-02-01,I.1.1 - Emissões,204.403477678
2025-02-01,I.1.2 - Resgates,-38.722502618200004
2025-02-01,I.2 - Juros  Apropriados,73.65234883381646
2025-02-01,II - Operações do mercado com o Banco Central,0.0
2025-02-01,II.1 - Transferência de carteira 11,0.0
2025-02-01,Total dos Fatores (I + II),239.33332389361644
2025-02-01,Variação Nominal,239.33332389361965
2025-03-01,- Cancelamentos (DPMFi),0.0
2025-03-01,- Emissões (DPFe) 5,0.03636776
2025-03-01,- Emissões Diretas (DPMFi) 4,1.8764554199399999
2025-03-01,- Emissões Oferta Pública (DPMFi) 2,131.23642295293
2025-03-01,- Juros Apropriados da DPFe 10,-3.0738122853468397
2025-03-01,- Juros Apropriados da DPMFi 9,74.08819412409001
2025-03-01,- Pagamentos Correntes (DPFe),-1.7637575186599999
2025-03-01,- Pagamentos Correntes (DPMFi) 6,-186.10234675271
2025-03-01,- Resgates Antecipados (DPFe) 8,0.0
2025-03-01,- Trocas Ofertas Públicas (DPMFi)3,0.0
2025-03-01,- Trocas Ofertas Públicas (DPMFi)3,0.0
2025-03-01,DPFe,314.3443923503
2025-03-01,DPFe,309.54319030629
2025-03-01,DPFe,-4.801202044009988
2025-03-01,DPMFi,7177.67006420111
2025-03-01,DPMFi,7198.76878994536
2025-03-01,DPMFi,21.09872574425023
2025-03-01,Estoque anterior1,7492.01445655141
2025-03-01,Estoque mês em análise,7508.31198025165
2025-03-01,I - Gestão da Dívida - TN (I.1 + I.2),16.297523700243183
2025-03-01,I.1 - Emissão/Resgate Líquido,-54.71685813849999
2025-03-01,I.1.1 - Emissões,133.14924613287
2025-03-01,I.1.2 - Resgates,-187.86610427136998
2025-03-01,I.2 - Juros  Apropriados,71.01438183874316
2025-03-01,II - Operações do mercado com o Banco Central,0.0
2025-03-01,II.1 - Transferência de carteira 11,0.0
2025-03-01,Total dos Fatores (I + II),16.297523700243183
2025-03-01,Variação Nominal,16.297523700240244
2025-04-01,- Cancelamentos (DPMFi),0.0
2025-04-01,- Emissões (DPFe) 5,0.16924419245000002
2025-04-01,- Emissões Diretas (DPMFi) 4,4.16206995452
2025-04-01,- Emissões Oferta Pública (DPMFi) 2,200.29692526846
2025-04-01,- Juros Apropriados da DPFe 10,-1.9760949640215
2025-04-01,- Juros Apropriados da DPMFi 9,70.30072095573
2025-04-01,- Pagamentos Correntes (DPFe),-1.6022637814699998
2025-04-01,- Pagamentos Correntes (DPMFi) 6,-163.03809003906002
2025-04-01,- Resgates Antecipados (DPFe) 8,0.0
2025-04-01,- Trocas Ofertas Públicas (DPMFi)3,0.0
2025-04-01,- Trocas Ofertas Públicas (DPMFi)3,0.0
2025-04-01,DPFe,309.54319030629
2025-04-01,DPFe,306.13407575325004
2025-04-01,DPFe,-3.409114553039952
2025-04-01,DPMFi,7198.76878994536
2025-04-01,DPMFi,7310.490416085009
2025-04-01,DPMFi,111.72162613964919
2025-04-01,Estoque anterior1,7508.31198025165
2025-04-01,Estoque mês em análise,7616.62449183826
2025-04-01,I - Gestão da Dívida - TN (I.1 + I.2),108.31251158660847
2025-04-01,I.1 - Emissão/Resgate Líquido,39.98788559489997
2025-04-01,I.1.1 - Emissões,204.62823941543
2025-04-01,I.1.2 - Resgates,-164.64035382053004
2025-04-01,I.2 - Juros  Apropriados,68.3246259917085
2025-04-01,II - Operações do mercado com o Banco Central,0.0
2025-04-01,II.1 - Transferência de carteira 11,0.0
2025-04-01,Total dos Fatores (I + II),108.31251158660847
2025-04-01,Variação Nominal,108.31251158660923
2025-05-01,- Cancelamentos (DPMFi),0.0
2025-05-01,- Emissões (DPFe) 5,0.008660363070000001
2025-05-01,- Emissões Diretas (DPMFi) 4,3.71872352202
2025-05-01,- Emissões Oferta Pública (DPMFi) 2,154.77948625848
2025-05-01,- Juros Apropriados da DPFe 10,4.04417006326639
2025-05-01,- Juros Apropriados da DPMFi 9,75.85870885481
2025-05-01,- Pagamentos Correntes (DPFe),-1.01932455161
2025-05-01,- Pagamentos Correntes (DPMFi) 6,-183.52340272506999
2025-05-01,- Resgates Antecipados (DPFe) 8,0.0
2025-05-01,- Trocas Ofertas Públicas (DPMFi)3,0.0
2025-05-01,- Trocas Ofertas Públicas (DPMFi)3,0.0
2025-05-01,DPFe,306.13407575325004
2025-05-01,DPFe,309.16758162797
2025-05-01,DPFe,3.0335058747199364
2025-05-01,DPMFi,7310.490416085009
2025-05-01,DPMFi,7361.32393199525
2025-05-01,DPMFi,50.83351591024082
2025-05-01,Estoque anterior1,7616.62449183826
2025-05-01,Estoque mês em análise,7670.49151362322
2025-05-01,I - Gestão da Dívida - TN (I.1 + I.2),53.86702178496639
2025-05-01,I.1 - Emissão/Resgate Líquido,-26.035857133109996
2025-05-01,I.1.1 - Emissões,158.50687014357
2025-05-01,I.1.2 - Resgates,-184.54272727668
2025-05-01,I.2 - Juros  Apropriados,79.90287891807638
2025-05-01,II - Operações do mercado com o Banco Central,0.0
2025-05-01,II.1 - Transferência de carteira 11,0.0
2025-05-01,Total dos Fatores (I + II),53.86702178496639
2025-05-01,Variação Nominal,53.867021784960755
2025-06-01,- Cancelamentos (DPMFi),0.0
2025-06-01,- Emissões (DPFe) 5,15.78827897488
2025-06-01,- Emissões Diretas (DPMFi) 4,3.40759320678
2025-06-01,- Emissões Oferta Pública (DPMFi) 2,157.89878566598
2025-06-01,- Juros Apropriados da DPFe 10,-11.617518055537499
2025-06-01,- Juros Apropriados da DPMFi 9,65.13403532664
2025-06-01,- Pagamentos Correntes (DPFe),-11.216136477500001
2025-06-01,- Pagamentos Correntes (DPMFi) 6,-6.6893160936200005
2025-06-01,- Resgates Antecipados (DPFe) 8,0.0
2025-06-01,- Trocas Ofertas Públicas (DPMFi)3,0.0
2025-06-01,- Trocas Ofertas Públicas (DPMFi)3,0.0
2025-06-01,DPFe,309.16758162797
2025-06-01,DPFe,302.122206047
2025-06-01,DPFe,-7.045375580969965
2025-06-01,DPMFi,7361.32393199525
2025-06-01,DPMFi,7581.07503010103
2025-06-01,DPMFi,219.75109810577985
2025-06-01,Estoque anterior1,7670.49151362322
2025-06-01,Estoque mês em análise,7883.200676796
2025-06-01,I - Gestão da Dívida - TN (I.1 + I.2),212.70572254762249
2025-06-01,I.1 - Emissão/Resgate Líquido,159.18920527652
2025-06-01,I.1.1 - Emissões,177.09465784763998
2025-06-01,I.1.2 - Resgates,-17.90545257112
2025-06-01,I.2 - Juros  Apropriados,53.5165172711025
2025-06-01,II - Operações do mercado com o Banco Central,0.0
2025-06-01,II.1 - Transferência de carteira 11,0.0
2025-06-01,Total dos Fatores (I + II),212.70572254762249
2025-06-01,Variação Nominal,212.7057225248099
2025-07-01,- Cancelamentos (DPMFi),0.0
2025-07-01,- Emissões (DPFe) 5,0.18407022004
2025-07-01,- Emissões Diretas (DPMFi) 4,1.18563524811
2025-07-01,- Emissões Oferta Pública (DPMFi) 2,117.0730212807
2025-07-01,- Juros Apropriados da DPFe 10,8.698153333576911
2025-07-01,- Juros Apropriados da DPMFi 9,80.93788016258999
2025-07-01,- Pagamentos Correntes (DPFe),-2.9526833618999997
2025-07-01,- Pagamentos Correntes (DPMFi) 6,-149.2967092021
2025-07-01,- Resgates Antecipados (DPFe) 8,0.0
2025-07-01,- Trocas Ofertas Públicas (DPMFi)3,0.0
2025-07-01,- Trocas Ofertas Públicas (DPMFi)3,0.0
2025-07-01,DPFe,302.122206047
2025-07-01,DPFe,308.051746261533
2025-07-01,DPFe,5.929540214532986
2025-07-01,DPMFi,7581.07503010103
2025-07-01,DPMFi,7630.9748575903295
2025-07-01,DPMFi,49.8998274892997
2025-07-01,Estoque anterior1,7883.200676796
2025-07-01,Estoque mês em análise,7939.02660385186
2025-07-01,I - Gestão da Dívida - TN (I.1 + I.2),55.8293676810169
2025-07-01,I.1 - Emissão/Resgate Líquido,-33.80666581515
2025-07-01,I.1.1 - Emissões,118.44272674885
2025-07-01,I.1.2 - Resgates,-152.249392564
2025-07-01,I.2 - Juros  Apropriados,89.6360334961669
2025-07-01,II - Operações do mercado com o Banco Central,0.0
2025-07-01,II.1 - Transferência de carteira 11,0.0
2025-07-01,Total dos Fatores (I + II),55.8293676810169
2025-07-01,Variação Nominal,55.82936770383269
2025-08-01,- Cancelamentos (DPMFi),0.0
2025-08-01,- Emissões (DPFe) 5,0.1315850408
2025-08-01,- Emissões Diretas (DPMFi) 4,4.68806854623
2025-08-01,- Emissões Oferta Pública (DPMFi) 2,170.87257251282
2025-08-01,- Juros Apropriados da DPFe 10,-7.518445306342199
2025-08-01,- Juros Apropriados da DPMFi 9,76.84669924546999
2025-08-01,- Pagamentos Correntes (DPFe),-0.43592788813
2025-08-01,- Pagamentos Correntes (DPMFi) 6,-38.6168553721
2025-08-01,- Resgates Antecipados (DPFe) 8,0.0
2025-08-01,- Trocas Ofertas Públicas (DPMFi)3,0.0
2025-08-01,- Trocas Ofertas Públicas (DPMFi)3,0.0
2025-08-01,DPFe,308.051746261533
2025-08-01,DPFe,300.22895810786
2025-08-01,DPFe,-7.822788153672998
2025-08-01,DPMFi,7630.9748575903295
2025-08-01,DPMFi,7844.76534252275
2025-08-01,DPMFi,213.79048493241984
2025-08-01,Estoque anterior1,7939.02660385186
2025-08-01,Estoque mês em análise,8144.994300630609
2025-08-01,I - Gestão da Dívida - TN (I.1 + I.2),205.96769677874784
2025-08-01,I.1 - Emissão/Resgate Líquido,136.63944283962002
2025-08-01,I.1.1 - Emissões,175.69222609985002
2025-08-01,I.1.2 - Resgates,-39.052783260229994
2025-08-01,I.2 - Juros  Apropriados,69.32825393912779
2025-08-01,II - Operações do mercado com o Banco Central,0.0
2025-08-01,II.1 - Transferência de carteira 11,0.0
2025-08-01,Total dos Fatores (I + II),205.96769677874784
2025-08-01,Variação Nominal,205.96769677874684
2025-09-01,- Cancelamentos (DPMFi),0.0
2025-09-01,- Emissões (DPFe) 5,17.65503381075
2025-09-01,- Emissões Diretas (DPMFi) 4,0.37621575410999997
2025-09-01,- Emissões Oferta Pública (DPMFi) 2,156.92271470174998
2025-09-01,- Juros Apropriados da DPFe 10,-5.633623982818079
2025-09-01,- Juros Apropriados da DPMFi 9,75.77274918901
2025-09-01,- Pagamentos Correntes (DPFe),-2.86664726814
2025-09-01,- Pagamentos Correntes (DPMFi) 6,-257.35414139848
2025-09-01,- Resgates Antecipados (DPFe) 8,-7.8556074675600005
2025-09-01,- Trocas Ofertas Públicas (DPMFi)3,0.0
2025-09-01,- Trocas Ofertas Públicas (DPMFi)3,0.0
2025-09-01,DPFe,300.22895810786
2025-09-01,DPFe,301.52811320009005
2025-09-01,DPFe,1.2991550922300668
2025-09-01,DPMFi,7844.76534252275
2025-09-01,DPMFi,7820.482880769141
2025-09-01,DPMFi,-24.282461753608658
2025-09-01,Estoque anterior1,8144.994300630609
2025-09-01,Estoque mês em análise,8122.010993969231
2025-09-01,I - Gestão da Dívida - TN (I.1 + I.2),-22.983306661378055
2025-09-01,I.1 - Emissão/Resgate Líquido,-93.12243186756997
2025-09-01,I.1.1 - Emissões,174.95396426660997
2025-09-01,I.1.2 - Resgates,-268.07639613417996
2025-09-01,I.2 - Juros  Apropriados,70.13912520619192
2025-09-01,II - Operações do mercado com o Banco Central,0.0
2025-09-01,II.1 - Transferência de carteira 11,0.0
2025-09-01,Total dos Fatores (I + II),-22.983306661378055
2025-09-01,Variação Nominal,-22.98330666137859
2025-10-01,- Cancelamentos (DPMFi),0.0
2025-10-01,- Emissões (DPFe) 5,0.15989201134
2025-10-01,- Emissões Diretas (DPMFi) 4,0.46968586193
2025-10-01,- Emissões Oferta Pública (DPMFi) 2,162.12115996148
2025-10-01,- Juros Apropriados da DPFe 10,4.890282370578671
2025-10-01,- Juros Apropriados da DPMFi 9,85.23346361997001
2025-10-01,- Pagamentos Correntes (DPFe),-1.51629929775
2025-10-01,- Pagamentos Correntes (DPMFi) 6,-119.85612812864001
2025-10-01,- Resgates Antecipados (DPFe) 8,0.0
2025-10-01,- Trocas Ofertas Públicas (DPMFi)3,0.0
2025-10-01,- Trocas Ofertas Públicas (DPMFi)3,0.0
2025-10-01,DPFe,301.52811320009005
2025-10-01,DPFe,305.06198828427
2025-10-01,DPFe,3.533875084179919
2025-10-01,DPMFi,7820.482880769141
2025-10-01,DPMFi,7948.451062083879
2025-10-01,DPMFi,127.96818131473847
2025-10-01,Estoque anterior1,8122.010993969231
2025-10-01,Estoque mês em análise,8253.51305036815
2025-10-01,I - Gestão da Dívida - TN (I.1 + I.2),131.50205639890868
2025-10-01,I.1 - Emissão/Resgate Líquido,41.37831040836001
2025-10-01,I.1.1 - Emissões,162.75073783475
2025-10-01,I.1.2 - Resgates,-121.37242742639
2025-10-01,I.2 - Juros  Apropriados,90.12374599054867
2025-10-01,II - Operações do mercado com o Banco Central,0.0
2025-10-01,II.1 - Transferência de carteira 11,0.0
2025-10-01,Total dos Fatores (I + II),131.50205639890868
2025-10-01,Variação Nominal,131.5020563989184
2025-11-01,- Cancelamentos (DPMFi),-0.00023545806
2025-11-01,- Emissões (DPFe) 5,12.299305722360002
2025-11-01,- Emissões Diretas (DPMFi) 4,0.93422849401
2025-11-01,- Emissões Oferta Pública (DPMFi) 2,168.25061999941
2025-11-01,- Juros Apropriados da DPFe 10,-1.3820847100495701
2025-11-01,- Juros Apropriados da DPMFi 9,74.49929548941999
2025-11-01,- Pagamentos Correntes (DPFe),-1.03038287202
2025-11-01,- Pagamentos Correntes (DPMFi) 6,-26.74729213783
2025-11-01,- Resgates Antecipados (DPFe) 8,0.0
2025-11-01,- Trocas Ofertas Públicas (DPMFi)3,0.0
2025-11-01,- Trocas Ofertas Públicas (DPMFi)3,0.0
2025-11-01,DPFe,305.06198828427
2025-11-01,DPFe,314.948826424552
2025-11-01,DPFe,9.886838140282023
2025-11-01,DPMFi,7948.451062083879
2025-11-01,DPMFi,8165.38767847083
2025-11-01,DPMFi,216.93661638695096
2025-11-01,Estoque anterior1,8253.51305036815
2025-11-01,Estoque mês em análise,8480.33650489538
2025-11-01,I - Gestão da Dívida - TN (I.1 + I.2),226.82345452724041
2025-11-01,I.1 - Emissão/Resgate Líquido,153.70624374787
2025-11-01,I.1.1 - Emissões,181.48415421578
2025-11-01,I.1.2 - Resgates,-27.77791046791
2025-11-01,I.2 - Juros  Apropriados,73.11721077937042
2025-11-01,II - Operações do mercado com o Banco Central,0.0
2025-11-01,II.1 - Transferência de carteira 11,0.0
2025-11-01,Total dos Fatores (I + II),226.82345452724041
2025-11-01,Variação Nominal,226.82345452723297
2025-12-01,- Cancelamentos (DPMFi),0.0
2025-12-01,- Emissões (DPFe) 5,0.44688147983
2025-12-01,- Emissões Diretas (DPMFi) 4,0.43556505503
2025-12-01,- Emissões Oferta Pública (DPMFi) 2,64.93119982812999
2025-12-01,- Juros Apropriados da DPFe 10,12.009245148382501
2025-12-01,- Juros Apropriados da DPMFi 9,82.82034088575
2025-12-01,- Pagamentos Correntes (DPFe),-1.3397951892200002
2025-12-01,- Pagamentos Correntes (DPMFi) 6,-4.54671554996
2025-12-01,- Resgates Antecipados (DPFe) 8,0.0
2025-12-01,- Trocas Ofertas Públicas (DPMFi)3,0.0
2025-12-01,- Trocas Ofertas Públicas (DPMFi)3,0.0
2025-12-01,DPFe,314.948826424552
2025-12-01,DPFe,326.06515786355
2025-12-01,DPFe,11.116331438997992
2025-12-01,DPMFi,8165.38767847083
2025-12-01,DPMFi,8309.02806868978
2025-12-01,DPMFi,143.64039021894988
2025-12-01,Estoque anterior1,8480.33650489538
2025-12-01,Estoque mês em análise,8635.09322655333
2025-12-01,I - Gestão da Dívida - TN (I.1 + I.2),154.7567216579425
2025-12-01,I.1 - Emissão/Resgate Líquido,59.927135623809995
2025-12-01,I.1.1 - Emissões,65.81364636299
2025-12-01,I.1.2 - Resgates,-5.88651073918
2025-12-01,I.2 - Juros  Apropriados,94.8295860341325
2025-12-01,II - Operações do mercado com o Banco Central,0.0
2025-12-01,II.1 - Transferência de carteira 11,0.0
2025-12-01,Total dos Fatores (I + II),154.7567216579425
2025-12-01,Variação Nominal,154.75672165794788
2026-01-01,- Cancelamentos (DPMFi),0.0
2026-01-01,- Emissões (DPFe) 5,1.30551299022
2026-01-01,- Emissões Diretas (DPMFi) 4,0.48837974726
2026-01-01,- Emissões Oferta Pública (DPMFi) 2,145.38029930604
2026-01-01,- Juros Apropriados da DPFe 10,-13.7360799084622
2026-01-01,- Juros Apropriados da DPMFi 9,88.52715487632999
2026-01-01,- Pagamentos Correntes (DPFe),-3.0420694174199996
2026-01-01,- Pagamentos Correntes (DPMFi) 6,-212.89016815710002
2026-01-01,- Resgates Antecipados (DPFe) 8,0.0
2026-01-01,- Trocas Ofertas Públicas (DPMFi)3,0.0
2026-01-01,- Trocas Ofertas Públicas (DPMFi)3,0.0
2026-01-01,DPFe,326.06515786355
2026-01-01,DPFe,310.59252152788
2026-01-01,DPFe,-15.472636335669959
2026-01-01,DPMFi,8309.02806868978
2026-01-01,DPMFi,8330.533734462311
2026-01-01,DPMFi,21.50566577253118
2026-01-01,Estoque anterior1,8635.09322655333
2026-01-01,Estoque mês em análise,8641.126255990192
2026-01-01,I - Gestão da Dívida - TN (I.1 + I.2),6.033029436867815
2026-01-01,I.1 - Emissão/Resgate Líquido,-68.75804553099998
2026-01-01,I.1.1 - Emissões,147.17419204352
2026-01-01,I.1.2 - Resgates,-215.93223757452
2026-01-01,I.2 - Juros  Apropriados,74.7910749678678
2026-01-01,II - Operações do mercado com o Banco Central,0.0
2026-01-01,II.1 - Transferência de carteira 11,0.0
2026-01-01,Total dos Fatores (I + II),6.033029436867815
2026-01-01,Variação Nominal,6.033029436861223
2026-02-01,- Cancelamentos (DPMFi),-6.713115999999999e-05
2026-02-01,- Emissões (DPFe) 5,23.539245298999997
2026-02-01,- Emissões Diretas (DPMFi) 4,1.08842812906
2026-02-01,- Emissões Oferta Pública (DPMFi) 2,142.17584869262
2026-02-01,- Juros Apropriados da DPFe 10,-3.8900920430205503
2026-02-01,- Juros Apropriados da DPMFi 9,77.75848974709001
2026-02-01,- Pagamentos Correntes (DPFe),-0.59499143026
2026-02-01,- Pagamentos Correntes (DPMFi) 6,-40.45665644167
2026-02-01,- Resgates Antecipados (DPFe) 8,0.0
2026-02-01,- Trocas Ofertas Públicas (DPMFi)3,0.0
2026-02-01,- Trocas Ofertas Públicas (DPMFi)3,0.0
2026-02-01,DPFe,310.59252152788
2026-02-01,DPFe,329.6466833536
2026-02-01,DPFe,19.05416182571993
2026-02-01,DPMFi,8330.533734462311
2026-02-01,DPMFi,8511.099777458248
2026-02-01,DPMFi,180.56604299593718
2026-02-01,Estoque anterior1,8641.126255990192
2026-02-01,Estoque mês em análise,8840.746460811848
2026-02-01,I - Gestão da Dívida - TN (I.1 + I.2),199.62020482165943
2026-02-01,I.1 - Emissão/Resgate Líquido,125.75180711758998
2026-02-01,I.1.1 - Emissões,166.80352212068
2026-02-01,I.1.2 - Resgates,-41.05171500309
2026-02-01,I.2 - Juros  Apropriados,73.86839770406947
2026-02-01,II - Operações do mercado com o Banco Central,0.0
2026-02-01,II.1 - Transferência de carteira 11,0.0
2026-02-01,Total dos Fatores (I + II),199.62020482165943
2026-02-01,Variação Nominal,199.6202048216571
2026-03-01,- Cancelamentos (DPMFi),0.0
2026-03-01,- Emissões (DPFe) 5,0.00688252982
2026-03-01,- Emissões Diretas (DPMFi) 4,0.25296598247
2026-03-01,- Emissões Oferta Pública (DPMFi) 2,93.03649374115
2026-03-01,- Juros Apropriados da DPFe 10,5.06618236081532
2026-03-01,- Juros Apropriados da DPMFi 9,93.01427508440999
2026-03-01,- Pagamentos Correntes (DPFe),-3.07709614137
2026-03-01,- Pagamentos Correntes (DPMFi) 6,-395.60499404795996
2026-03-01,- Resgates Antecipados (DPFe) 8,0.0
2026-03-01,- Trocas Ofertas Públicas (DPMFi)3,0.0
2026-03-01,- Trocas Ofertas Públicas (DPMFi)3,0.0
2026-03-01,DPFe,329.6466833536
2026-03-01,DPFe,331.64265210287
2026-03-01,DPFe,1.9959687492700178
2026-03-01,DPMFi,8511.099777458248
2026-03-01,DPMFi,8301.79851821832
2026-03-01,DPMFi,-209.3012592399288
2026-03-01,Estoque anterior1,8840.746460811848
2026-03-01,Estoque mês em análise,8633.44117032119
2026-03-01,I - Gestão da Dívida - TN (I.1 + I.2),-207.30529049066465
2026-03-01,I.1 - Emissão/Resgate Líquido,-305.38574793589
2026-03-01,I.1.1 - Emissões,93.29634225344
2026-03-01,I.1.2 - Resgates,-398.68209018933
2026-03-01,I.2 - Juros  Apropriados,98.08045744522532
2026-03-01,II - Operações do mercado com o Banco Central,0.0
2026-03-01,II.1 - Transferência de carteira 11,0.0
2026-03-01,Total dos Fatores (I + II),-207.30529049066465
2026-03-01,Variação Nominal,-207.3052904906588
2026-04-01,- Cancelamentos (DPMFi),0.0
2026-04-01,- Emissões (DPFe) 5,28.86775400371
2026-04-01,- Emissões Diretas (DPMFi) 4,0.8574828304300001
2026-04-01,- Emissões Oferta Pública (DPMFi) 2,200.23575294444
2026-04-01,- Juros Apropriados da DPFe 10,-11.6737694968785
2026-04-01,- Juros Apropriados da DPMFi 9,92.5384455402
2026-04-01,- Pagamentos Correntes (DPFe),-12.952778947279999
2026-04-01,- Pagamentos Correntes (DPMFi) 6,-133.05442790305997
2026-04-01,- Resgates Antecipados (DPFe) 8,0.0
2026-04-01,- Trocas Ofertas Públicas (DPMFi)3,0.0
2026-04-01,- Trocas Ofertas Públicas (DPMFi)3,0.0
2026-04-01,DPFe,331.64265210287
2026-04-01,DPFe,335.88385766242
2026-04-01,DPFe,4.24120555954997
2026-04-01,DPMFi,8301.79851821832
2026-04-01,DPMFi,8462.375771630328
2026-04-01,DPMFi,160.57725341200828
2026-04-01,Estoque anterior1,8633.44117032119
2026-04-01,Estoque mês em análise,8798.259629292748
2026-04-01,I - Gestão da Dívida - TN (I.1 + I.2),164.8184589715615
2026-04-01,I.1 - Emissão/Resgate Líquido,83.95378292824002
2026-04-01,I.1.1 - Emissões,229.96098977858
2026-04-01,I.1.2 - Resgates,-146.00720685033997
2026-04-01,I.2 - Juros  Apropriados,80.8646760433215
2026-04-01,II - Operações do mercado com o Banco Central,0.0
2026-04-01,II.1 - Transferência de carteira 11,0.0
2026-04-01,Total dos Fatores (I + II),164.8184589715615
2026-04-01,Variação Nominal,164.81845897155824
2026-05-01,- Cancelamentos (DPMFi),0.0
2026-05-01,- Emissões (DPFe) 5,0.03615960308
2026-05-01,- Emissões Diretas (DPMFi) 4,1.4699490419599999
2026-05-01,- Emissões Oferta Pública (DPMFi) 2,164.76349131333998
2026-05-01,- Juros Apropriados da DPFe 10,5.76400420065471
2026-05-01,- Juros Apropriados da DPMFi 9,94.17236657411
2026-05-01,- Pagamentos Correntes (DPFe),-1.1918231291399999
2026-05-01,- Pagamentos Correntes (DPMFi) 6,-30.618259850900003
2026-05-01,- Resgates Antecipados (DPFe) 8,0.0
2026-05-01,- Trocas Ofertas Públicas (DPMFi)3,0.0
2026-05-01,- Trocas Ofertas Públicas (DPMFi)3,0.0
2026-05-01,DPFe,335.88385766242
2026-05-01,DPFe,340.49219833701
2026-05-01,DPFe,4.608340674590028
2026-05-01,DPMFi,8462.375771630328
2026-05-01,DPMFi,8692.163318708841
2026-05-01,DPMFi,229.7875470785126
2026-05-01,Estoque anterior1,8798.259629292748
2026-05-01,Estoque mês em análise,9032.65551704585
2026-05-01,I - Gestão da Dívida - TN (I.1 + I.2),234.39588775310474
2026-05-01,I.1 - Emissão/Resgate Líquido,134.45951697834002
2026-05-01,I.1.1 - Emissões,166.26959995838
2026-05-01,I.1.2 - Resgates,-31.81008298004
2026-05-01,I.2 - Juros  Apropriados,99.93637077476471
2026-05-01,II - Operações do mercado com o Banco Central,0.0
2026-05-01,II.1 - Transferência de carteira 11,0.0
2026-05-01,Total dos Fatores (I + II),234.39588775310474
2026-05-01,Variação Nominal,234.39588775310264
2026-06-01,- Cancelamentos (DPMFi),0.0
2026-06-01,- Emissões (DPFe) 5,0.09724945745
2026-06-01,- Emissões Diretas (DPMFi) 4,2.552498295
2026-06-01,- Emissões Oferta Pública (DPMFi) 2,146.9375982553
2026-06-01,- Juros Apropriados da DPFe 10,8.32257504767282
2026-06-01,- Juros Apropriados da DPMFi 9,85.16147554434
2026-06-01,- Pagamentos Correntes (DPFe),-1.19770499402
2026-06-01,- Pagamentos Correntes (DPMFi) 6,-6.136841136209999
2026-06-01,- Resgates Antecipados (DPFe) 8,0.0
2026-06-01,- Trocas Ofertas Públicas (DPMFi)3,0.0
2026-06-01,- Trocas Ofertas Públicas (DPMFi)3,0.0
2026-06-01,DPFe,340.49219833701
2026-06-01,DPFe,347.71431784811995
2026-06-01,DPFe,7.222119511109951
2026-06-01,DPMFi,8692.163318708841
2026-06-01,DPMFi,8920.67804966727
2026-06-01,DPMFi,228.5147309584301
2026-06-01,Estoque anterior1,9032.65551704585
2026-06-01,Estoque mês em análise,9268.392367515391
2026-06-01,I - Gestão da Dívida - TN (I.1 + I.2),235.7368504695328
2026-06-01,I.1 - Emissão/Resgate Líquido,142.25279987751998
2026-06-01,I.1.1 - Emissões,149.58734600775
2026-06-01,I.1.2 - Resgates,-7.334546130229999
2026-06-01,I.2 - Juros  Apropriados,93.48405059201282
2026-06-01,II - Operações do mercado com o Banco Central,0.0
2026-06-01,II.1 - Transferência de carteira 11,0.0
2026-06-01,Total dos Fatores (I + II),235.7368504695328
2026-06-01,Variação Nominal,235.73685046954006
2026-07-01,- Cancelamentos (DPMFi),0.0
2026-07-01,- Emissões (DPFe) 5,0.01118700662
2026-07-01,- Emissões Diretas (DPMFi) 4,1.84840216854
2026-07-01,- Emissões Oferta Pública (DPMFi) 2,196.28879839673002
2026-07-01,- Juros Apropriados da DPFe 10,-4.4263003830341905
2026-07-01,- Juros Apropriados da DPMFi 9,89.95339087514
2026-07-01,- Pagamentos Correntes (DPFe),-3.23569818037
2026-07-01,- Pagamentos Correntes (DPMFi) 6,-260.05187602121
2026-07-01,- Resgates Antecipados (DPFe) 8,0.0
2026-07-01,- Trocas Ofertas Públicas (DPMFi)3,0.0
2026-07-01,- Trocas Ofertas Públicas (DPMFi)3,0.0
2026-07-01,DPFe,347.71431784811995
2026-07-01,DPFe,340.06350629133004
2026-07-01,DPFe,-7.6508115567899075
2026-07-01,DPMFi,8920.67804966727
2026-07-01,DPMFi,8948.716765086469
2026-07-01,DPMFi,28.038715419197455
2026-07-01,Estoque anterior1,9268.392367515391
2026-07-01,Estoque mês em análise,9288.780271377798
2026-07-01,I - Gestão da Dívida - TN (I.1 + I.2),20.387903862415843
2026-07-01,I.1 - Emissão/Resgate Líquido,-65.13918662968997
2026-07-01,I.1.1 - Emissões,198.14838757189
2026-07-01,I.1.2 - Resgates,-263.28757420157996
2026-07-01,I.2 - Juros  Apropriados,85.52709049210581
2026-07-01,II - Operações do mercado com o Banco Central,0.0
2026-07-01,II.1 - Transferência de carteira 11,0.0
2026-07-01,Total dos Fatores (I + II),20.387903862415843
2026-07-01,Variação Nominal,20.387903862407548
2026-08-01,- Cancelamentos (DPMFi),-0.00010350159
2026-08-01,- Emissões (DPFe) 5,0.12966583535999998
2026-08-01,- Emissões Diretas (DPMFi) 4,3.12321751988
2026-08-01,- Emissões Oferta Pública (DPMFi) 2,208.36600908979
2026-08-01,- Juros Apropriados da DPFe 10,8.72568098426094
2026-08-01,- Juros Apropriados da DPMFi 9,79.66226638613
2026-08-01,- Pagamentos Correntes (DPFe),-0.6626540933
2026-08-01,- Pagamentos Correntes (DPMFi) 6,-295.38994522443
2026-08-01,- Resgates Antecipados (DPFe) 8,0.0
2026-08-01,- Trocas Ofertas Públicas (DPMFi)3,0.0
2026-08-01,- Trocas Ofertas Públicas (DPMFi)3,0.0
2026-08-01,DPFe,340.06350629133004
2026-08-01,DPFe,348.25619901765
2026-08-01,DPFe,8.192692726319947
2026-08-01,DPMFi,8948.716765086469
2026-08-01,DPMFi,8944.478209356248
2026-08-01,DPMFi,-4.238555730219931
2026-08-01,Estoque anterior1,9288.780271377798
2026-08-01,Estoque mês em análise,9292.734408373897
2026-08-01,I - Gestão da Dívida - TN (I.1 + I.2),3.9541369961009187
2026-08-01,I.1 - Emissão/Resgate Líquido,-84.43381037429002
2026-08-01,I.1.1 - Emissões,211.61889244503
2026-08-01,I.1.2 - Resgates,-296.05270281932
2026-08-01,I.2 - Juros  Apropriados,88.38794737039093
2026-08-01,II - Operações do mercado com o Banco Central,0.0
2026-08-01,II.1 - Transferência de carteira 11,0.0
2026-08-01,Total dos Fatores (I + II),3.9541369961009187
2026-08-01,Variação Nominal,3.9541369961000163
