data,indicador,valor_r_bilhoes
2006-11-01,Banco Central,2.8
2006-11-01,Cancelamentos,0.241708259
2006-11-01,Compras,1.2625316445199997
2006-11-01,DPFe    (II - IV),-0.8364151316665843
2006-11-01,DPMFi    (I - III),6.705515259770007
2006-11-01,Dívida Contratual,0.8082478328134153
2006-11-01,Dívida Contratual,0.30963676294
2006-11-01,Dívida Mobiliária,3.243
2006-11-01,Dívida Mobiliária,4.578026201539999
2006-11-01,EMISSÃO LÍQUIDA,5.8691001281034225
2006-11-01,EMISSÕES,64.90473
2006-11-01,Emissão Direta com Financeiro 1,0.0505811409
2006-11-01,Emissão Direta sem Financeiro 2,0.26388173999
2006-11-01,I - DPMFi,60.85348248647001
2006-11-01,II - DPFe,4.051247832813416
2006-11-01,III - DPMFi,54.1479672267
2006-11-01,IV - DPFe,4.88766296448
2006-11-01,NBC-E,2.8
2006-11-01,Oferta Pública,41.04254029534
2006-11-01,RESGATES,59.03563019118
2006-11-01,Tesouro Direto,0.04987850161000001
2006-11-01,Tesouro Direto,0.024863118669999993
2006-11-01,Transferência de Carteira 3,0.0
2006-11-01,Trocas Oferta Pública,19.446600808630002
2006-11-01,Trocas Oferta Pública,19.44656912766
2006-11-01,Vencimentos,30.37229507685
2006-12-01,Banco Central,0.0
2006-12-01,Cancelamentos,0.04949943646
2006-12-01,Compras,6.410776372090001
2006-12-01,DPFe    (II - IV),0.31814382799999996
2006-12-01,DPMFi    (I - III),0.5582661994000009
2006-12-01,Dívida Contratual,0.060673000000000005
2006-12-01,Dívida Contratual,0.276299157
2006-12-01,Dívida Mobiliária,0.75
2006-12-01,Dívida Mobiliária,0.216220015
2006-12-01,EMISSÃO LÍQUIDA,0.8764100274000008
2006-12-01,EMISSÕES,35.32875522410001
2006-12-01,Emissão Direta com Financeiro 1,0.030215139239999998
2006-12-01,Emissão Direta sem Financeiro 2,0.60495145697
2006-12-01,I - DPMFi,34.51809222410001
2006-12-01,II - DPFe,0.810673
2006-12-01,III - DPMFi,33.9598260247
2006-12-01,IV - DPFe,0.492519172
2006-12-01,NBC-E,0.0
2006-12-01,Oferta Pública,25.810897712420005
2006-12-01,RESGATES,34.45234519670001
2006-12-01,Tesouro Direto,0.05583038734
2006-12-01,Tesouro Direto,0.01883241657
2006-12-01,Transferência de Carteira 3,0.0
2006-12-01,Trocas Oferta Pública,8.01619752813
2006-12-01,Trocas Oferta Pública,8.01616134613
2006-12-01,Vencimentos,19.46455645345
2007-01-01,Banco Central,0.0
2007-01-01,Cancelamentos,0.00151832229
2007-01-01,Compras,0.10625413016
2007-01-01,DPFe    (II - IV),-2.85859041062
2007-01-01,DPMFi    (I - III),-18.192135896819984
2007-01-01,Dívida Contratual,0.02855
2007-01-01,Dívida Contratual,0.17590199999999998
2007-01-01,Dívida Mobiliária,1.06535
2007-01-01,Dívida Mobiliária,3.77703841062
2007-01-01,EMISSÃO LÍQUIDA,-21.050726307439984
2007-01-01,EMISSÕES,52.00666674471
2007-01-01,Emissão Direta com Financeiro 1,0.04698672412
2007-01-01,Emissão Direta sem Financeiro 2,0.02046001464
2007-01-01,I - DPMFi,50.912316744710004
2007-01-01,II - DPFe,1.0938999999999999
2007-01-01,III - DPMFi,69.10445264152999
2007-01-01,IV - DPFe,3.95294041062
2007-01-01,NBC-E,0.0
2007-01-01,Oferta Pública,39.43650197881
2007-01-01,RESGATES,73.05739305214999
2007-01-01,Tesouro Direto,0.11471302079999998
2007-01-01,Tesouro Direto,0.14482903426
2007-01-01,Transferência de Carteira 3,0.0
2007-01-01,Trocas Oferta Pública,11.29365500634
2007-01-01,Trocas Oferta Pública,11.293636332560002
2007-01-01,Vencimentos,57.55821482226
2007-02-01,Banco Central,0.0
2007-02-01,Cancelamentos,0.00818725991
2007-02-01,Compras,3.02481751255
2007-02-01,DPFe    (II - IV),-1.037487377688382
2007-02-01,DPMFi    (I - III),21.813867892010002
2007-02-01,Dívida Contratual,0.306856522431618
2007-02-01,Dívida Contratual,0.28904138333999996
2007-02-01,Dívida Mobiliária,1.5
2007-02-01,Dívida Mobiliária,2.5553025167800003
2007-02-01,EMISSÃO LÍQUIDA,20.77638051432162
2007-02-01,EMISSÕES,42.50433543669162
2007-02-01,Emissão Direta com Financeiro 1,0.03330963745
2007-02-01,Emissão Direta sem Financeiro 2,1.8876727008499998
2007-02-01,I - DPMFi,40.697478914259996
2007-02-01,II - DPFe,1.806856522431618
2007-02-01,III - DPMFi,18.88361102225
2007-02-01,IV - DPFe,2.84434390012
2007-02-01,NBC-E,0.0
2007-02-01,Oferta Pública,26.03789322531
2007-02-01,RESGATES,21.727954922370003
2007-02-01,Tesouro Direto,0.04073459102999999
2007-02-01,Tesouro Direto,0.014966367869999999
2007-02-01,Transferência de Carteira 3,0.0
2007-02-01,Trocas Oferta Pública,12.69786875962
2007-02-01,Trocas Oferta Pública,12.697850900470002
2007-02-01,Vencimentos,3.13778898145
2007-03-01,Banco Central,0.0
2007-03-01,Cancelamentos,4.81083e-06
2007-03-01,Compras,2.6173559198600005
2007-03-01,DPFe    (II - IV),-1.644651287198511
2007-03-01,DPMFi    (I - III),10.472723614240007
2007-03-01,Dívida Contratual,0.34828977561148894
2007-03-01,Dívida Contratual,0.7317899018
2007-03-01,Dívida Mobiliária,0.75
2007-03-01,Dívida Mobiliária,2.01115116101
2007-03-01,EMISSÃO LÍQUIDA,8.828072327041497
2007-03-01,EMISSÕES,53.425928212671494
2007-03-01,Emissão Direta com Financeiro 1,0.09727921338000001
2007-03-01,Emissão Direta sem Financeiro 2,0.93716122423
2007-03-01,I - DPMFi,52.32763843706
2007-03-01,II - DPFe,1.0982897756114889
2007-03-01,III - DPMFi,41.85491482281999
2007-03-01,IV - DPFe,2.74294106281
2007-03-01,NBC-E,0.0
2007-03-01,Oferta Pública,41.7708562981
2007-03-01,RESGATES,44.59785588562999
2007-03-01,Tesouro Direto,0.0630712468
2007-03-01,Tesouro Direto,0.02588101957
2007-03-01,Transferência de Carteira 3,0.0
2007-03-01,Trocas Oferta Pública,9.45927045455
2007-03-01,Trocas Oferta Pública,9.45923508108
2007-03-01,Vencimentos,29.75243799147999
2007-04-01,Banco Central,0.0
2007-04-01,Cancelamentos,0.304400855
2007-04-01,Compras,0.06954822211
2007-04-01,DPFe    (II - IV),-1.458934542781527
2007-04-01,DPMFi    (I - III),-1.9578690790399833
2007-04-01,Dívida Contratual,0.06483088267847299
2007-04-01,Dívida Contratual,0.6660787301500001
2007-04-01,Dívida Mobiliária,1.064805
2007-04-01,Dívida Mobiliária,1.92249169531
2007-04-01,EMISSÃO LÍQUIDA,-3.41680362182151
2007-04-01,EMISSÕES,54.19730503699847
2007-04-01,Emissão Direta com Financeiro 1,0.08077942768999999
2007-04-01,Emissão Direta sem Financeiro 2,0.22601432961999995
2007-04-01,I - DPMFi,53.06766915432
2007-04-01,II - DPFe,1.1296358826784731
2007-04-01,III - DPMFi,55.025538233359995
2007-04-01,IV - DPFe,2.58857042546
2007-04-01,NBC-E,0.0
2007-04-01,Oferta Pública,38.71808123253
2007-04-01,RESGATES,57.614108658819994
2007-04-01,Tesouro Direto,0.08296908177999998
2007-04-01,Tesouro Direto,0.06567485739
2007-04-01,Transferência de Carteira 3,0.0
2007-04-01,Trocas Oferta Pública,13.9598250827
2007-04-01,Trocas Oferta Pública,13.95980549259
2007-04-01,Vencimentos,40.62610880626999
2007-05-01,Banco Central,0.0
2007-05-01,Cancelamentos,0.03824219195
2007-05-01,Compras,5.265743817060001
2007-05-01,DPFe    (II - IV),-4.107512586632783
2007-05-01,DPMFi    (I - III),10.663913664299995
2007-05-01,Dívida Contratual,0.06808543921443998
2007-05-01,Dívida Contratual,0.28790169856
2007-05-01,Dívida Mobiliária,0.902655468742776
2007-05-01,Dívida Mobiliária,5.05956316998
2007-05-01,EMISSÃO LÍQUIDA,6.5564010776672115
2007-05-01,EMISSÕES,52.46857314487721
2007-05-01,Emissão Direta com Financeiro 1,0.08798904904000002
2007-05-01,Emissão Direta sem Financeiro 2,0.052092154040000005
2007-05-01,I - DPMFi,51.49783223692
2007-05-01,II - DPFe,0.970740907957216
2007-05-01,III - DPMFi,40.83391857262
2007-05-01,IV - DPFe,5.3474648685399995
2007-05-01,NBC-E,0.0
2007-05-01,Oferta Pública,33.897955345199996
2007-05-01,RESGATES,46.18138344116
2007-05-01,Tesouro Direto,0.08938065143000001
2007-05-01,Tesouro Direto,0.05908499884000002
2007-05-01,Transferência de Carteira 3,0.0
2007-05-01,Trocas Oferta Pública,17.370415037209998
2007-05-01,Trocas Oferta Pública,17.37038176309
2007-05-01,Vencimentos,18.100465801680006
2007-06-01,Banco Central,0.0
2007-06-01,Cancelamentos,0.15776747618
2007-06-01,Compras,1.2163719351000002
2007-06-01,DPFe    (II - IV),0.487146630864989
2007-06-01,DPMFi    (I - III),13.934238464373555
2007-06-01,Dívida Contratual,0.10777594655260497
2007-06-01,Dívida Contratual,0.27021404555999995
2007-06-01,Dívida Mobiliária,0.8925265
2007-06-01,Dívida Mobiliária,0.2429407601
2007-06-01,EMISSÃO LÍQUIDA,14.421385095238543
2007-06-01,EMISSÕES,62.168146180586305
2007-06-01,Emissão Direta com Financeiro 1,0.07350167702
2007-06-01,Emissão Direta sem Financeiro 2,0.9596487428736921
2007-06-01,I - DPMFi,61.1678437340337
2007-06-01,II - DPFe,1.0003024465526051
2007-06-01,III - DPMFi,47.23360526966014
2007-06-01,IV - DPFe,0.5131548056599999
2007-06-01,NBC-E,0.0
2007-06-01,Oferta Pública,44.32950672941
2007-06-01,RESGATES,47.74676007532014
2007-06-01,Tesouro Direto,0.04898674903000001
2007-06-01,Tesouro Direto,0.02446490274
2007-06-01,Transferência de Carteira 3,0.0
2007-06-01,Trocas Oferta Pública,15.7561998357
2007-06-01,Trocas Oferta Pública,15.756181164050137
2007-06-01,Vencimentos,30.07881979159
2007-07-01,Banco Central,0.0
2007-07-01,Cancelamentos,0.025823739369999998
2007-07-01,Compras,0.21248940862
2007-07-01,DPFe    (II - IV),-7.308183785178358
2007-07-01,DPMFi    (I - III),-39.419952235359986
2007-07-01,Dívida Contratual,0.059152933291640994
2007-07-01,Dívida Contratual,0.15604872835
2007-07-01,Dívida Mobiliária,0.0
2007-07-01,Dívida Mobiliária,7.21128799012
2007-07-01,EMISSÃO LÍQUIDA,-46.728136020538344
2007-07-01,EMISSÕES,29.228563250811643
2007-07-01,Emissão Direta com Financeiro 1,0.05496043399000001
2007-07-01,Emissão Direta sem Financeiro 2,0.2797425331699999
2007-07-01,I - DPMFi,29.169410317520004
2007-07-01,II - DPFe,0.059152933291640994
2007-07-01,III - DPMFi,68.58936255287999
2007-07-01,IV - DPFe,7.367336718469999
2007-07-01,NBC-E,0.0
2007-07-01,Oferta Pública,18.81372477409
2007-07-01,RESGATES,75.95669927134999
2007-07-01,Tesouro Direto,0.06961542208
2007-07-01,Tesouro Direto,0.1001958324
2007-07-01,Transferência de Carteira 3,0.0
2007-07-01,Trocas Oferta Pública,9.95136715419
2007-07-01,Trocas Oferta Pública,9.951326331839999
2007-07-01,Vencimentos,58.299527240649994
2007-08-01,Banco Central,0.0
2007-08-01,Cancelamentos,0.13083793806
2007-08-01,Compras,3.3247432299899997
2007-08-01,DPFe    (II - IV),-0.9249536663981218
2007-08-01,DPMFi    (I - III),4.347169602661413
2007-08-01,Dívida Contratual,0.050194185791878
2007-08-01,Dívida Contratual,0.27093985075999993
2007-08-01,Dívida Mobiliária,0.0
2007-08-01,Dívida Mobiliária,0.70420800143
2007-08-01,EMISSÃO LÍQUIDA,3.422215936263292
2007-08-01,EMISSÕES,18.613100247333293
2007-08-01,Emissão Direta com Financeiro 1,0.01170294172
2007-08-01,Emissão Direta sem Financeiro 2,0.04919646716
2007-08-01,I - DPMFi,18.562906061541412
2007-08-01,II - DPFe,0.050194185791878
2007-08-01,III - DPMFi,14.21573645888
2007-08-01,IV - DPFe,0.9751478521899999
2007-08-01,NBC-E,0.0
2007-08-01,Oferta Pública,11.502120282560002
2007-08-01,RESGATES,15.19088431107
2007-08-01,Tesouro Direto,0.07108879179141299
2007-08-01,Tesouro Direto,0.04710546273999999
2007-08-01,Transferência de Carteira 3,0.0
2007-08-01,Trocas Oferta Pública,0.00692879757831
2007-08-01,Trocas Oferta Pública,6.928771622280001
2007-08-01,Vencimentos,3.7842782058099997
2007-09-01,Banco Central,0.0
2007-09-01,Cancelamentos,0.500201955305352
2007-09-01,Compras,5.23537379468
2007-09-01,DPFe    (II - IV),-2.9707292016713938
2007-09-01,DPMFi    (I - III),0.6974608944160718
2007-09-01,Dívida Contratual,0.08456348404860599
2007-09-01,Dívida Contratual,0.32641476921999996
2007-09-01,Dívida Mobiliária,0.0
2007-09-01,Dívida Mobiliária,2.7288779164999997
2007-09-01,EMISSÃO LÍQUIDA,-2.273268307255322
2007-09-01,EMISSÕES,42.788048052460034
2007-09-01,Emissão Direta com Financeiro 1,0.06140727157
2007-09-01,Emissão Direta sem Financeiro 2,0.13754651177
2007-09-01,I - DPMFi,42.703484568411426
2007-09-01,II - DPFe,0.08456348404860599
2007-09-01,III - DPMFi,42.006023673995344
2007-09-01,IV - DPFe,3.0552926857199996
2007-09-01,NBC-E,0.0
2007-09-01,Oferta Pública,33.26964947492
2007-09-01,RESGATES,45.06131635971535
2007-09-01,Tesouro Direto,0.045327294171424
2007-09-01,Tesouro Direto,0.021986406579999996
2007-09-01,Transferência de Carteira 3,0.0
2007-09-01,Trocas Oferta Pública,9.18955401598
2007-09-01,Trocas Oferta Pública,9.189521055699998
2007-09-01,Vencimentos,27.05894046173
2007-10-01,Banco Central,0.0
2007-10-01,Cancelamentos,2.3443859858
2007-10-01,Compras,0.06306750108999999
2007-10-01,DPFe    (II - IV),-2.750343039218608
2007-10-01,DPMFi    (I - III),-13.320213979129997
2007-10-01,Dívida Contratual,0.052408130501392
2007-10-01,Dívida Contratual,0.44016624713
2007-10-01,Dívida Mobiliária,0.0
2007-10-01,Dívida Mobiliária,2.3625849225900004
2007-10-01,EMISSÃO LÍQUIDA,-16.070557018348605
2007-10-01,EMISSÕES,44.842588032271394
2007-10-01,Emissão Direta com Financeiro 1,0.06892642843999999
2007-10-01,Emissão Direta sem Financeiro 2,2.5638004807
2007-10-01,I - DPMFi,44.79017990177
2007-10-01,II - DPFe,0.052408130501392
2007-10-01,III - DPMFi,58.11039388090001
2007-10-01,IV - DPFe,2.8027511697200005
2007-10-01,NBC-E,0.0
2007-10-01,Oferta Pública,32.406112769749996
2007-10-01,RESGATES,60.91314505062001
2007-10-01,Tesouro Direto,0.05816324796
2007-10-01,Tesouro Direto,0.06484964863999998
2007-10-01,Transferência de Carteira 3,0.0
2007-10-01,Trocas Oferta Pública,9.69317697492
2007-10-01,Trocas Oferta Pública,9.693141227509999
2007-10-01,Vencimentos,45.94494951786
2007-11-01,Banco Central,0.0
2007-11-01,Cancelamentos,0.74174601529
2007-11-01,Compras,3.04415589482
2007-11-01,DPFe    (II - IV),-1.5862790695872342
2007-11-01,DPMFi    (I - III),8.453247390400003
2007-11-01,Dívida Contratual,0.084716169862766
2007-11-01,Dívida Contratual,0.29744435149
2007-11-01,Dívida Mobiliária,0.0
2007-11-01,Dívida Mobiliária,1.37355088796
2007-11-01,EMISSÃO LÍQUIDA,6.866968320812769
2007-11-01,EMISSÕES,29.777684142082766
2007-11-01,Emissão Direta com Financeiro 1,0.05124413797
2007-11-01,Emissão Direta sem Financeiro 2,0.84210170297
2007-11-01,I - DPMFi,29.69296797222
2007-11-01,II - DPFe,0.084716169862766
2007-11-01,III - DPMFi,21.23972058182
2007-11-01,IV - DPFe,1.6709952394499998
2007-11-01,NBC-E,0.0
2007-11-01,Oferta Pública,20.66867975857
2007-11-01,RESGATES,22.91071582127
2007-11-01,Tesouro Direto,0.03804262313
2007-11-01,Tesouro Direto,0.04015810802000001
2007-11-01,Transferência de Carteira 3,0.0
2007-11-01,Trocas Oferta Pública,8.092899749579999
2007-11-01,Trocas Oferta Pública,8.09286784074
2007-11-01,Vencimentos,9.320792722949998
2007-12-01,Banco Central,0.0
2007-12-01,Cancelamentos,0.0440478442
2007-12-01,Compras,0.5515969853600001
2007-12-01,DPFe    (II - IV),-1.609387780897627
2007-12-01,DPMFi    (I - III),-7.496546138590003
2007-12-01,Dívida Contratual,0.043185854642373
2007-12-01,Dívida Contratual,0.23674764512000002
2007-12-01,Dívida Mobiliária,0.0
2007-12-01,Dívida Mobiliária,1.41582599042
2007-12-01,EMISSÃO LÍQUIDA,-9.10593391948763
2007-12-01,EMISSÕES,28.870745102982372
2007-12-01,Emissão Direta com Financeiro 1,0.02978077484
2007-12-01,Emissão Direta sem Financeiro 2,3.0998357995999997
2007-12-01,I - DPMFi,28.82755924834
2007-12-01,II - DPFe,0.043185854642373
2007-12-01,III - DPMFi,36.32410538693
2007-12-01,IV - DPFe,1.65257363554
2007-12-01,NBC-E,0.0
2007-12-01,Oferta Pública,15.398058022550002
2007-12-01,RESGATES,37.97667902247
2007-12-01,Tesouro Direto,0.04550756156
2007-12-01,Tesouro Direto,0.01888793878
2007-12-01,Transferência de Carteira 3,0.0
2007-12-01,Trocas Oferta Pública,10.25437708979
2007-12-01,Trocas Oferta Pública,10.254357632520001
2007-12-01,Vencimentos,25.45521498607
2008-01-01,Banco Central,0.0
2008-01-01,Cancelamentos,0.00265769794
2008-01-01,Compras,0.29818564660999997
2008-01-01,DPFe    (II - IV),-1.9124459698869989
2008-01-01,DPMFi    (I - III),-34.29770684037002
2008-01-01,Dívida Contratual,0.014740472523001001
2008-01-01,Dívida Contratual,0.15276627107000001
2008-01-01,Dívida Mobiliária,0.0
2008-01-01,Dívida Mobiliária,1.7744201713399999
2008-01-01,EMISSÃO LÍQUIDA,-36.210152810257014
2008-01-01,EMISSÕES,28.661551611363002
2008-01-01,Emissão Direta com Financeiro 1,0.13107931173
2008-01-01,Emissão Direta sem Financeiro 2,0.14204181932
2008-01-01,I - DPMFi,28.646811138840004
2008-01-01,II - DPFe,0.014740472523001001
2008-01-01,III - DPMFi,62.94451797921002
2008-01-01,IV - DPFe,1.92718644241
2008-01-01,NBC-E,0.0
2008-01-01,Oferta Pública,23.07557740729
2008-01-01,RESGATES,64.87170442162001
2008-01-01,Tesouro Direto,0.12836924429000002
2008-01-01,Tesouro Direto,0.15468182060999996
2008-01-01,Transferência de Carteira 3,0.0
2008-01-01,Trocas Oferta Pública,5.169743356210001
2008-01-01,Trocas Oferta Pública,5.169711841940001
2008-01-01,Vencimentos,57.31928097211002
2008-02-01,Banco Central,0.0
2008-02-01,Cancelamentos,0.10299536369999998
2008-02-01,Compras,2.02375403043
2008-02-01,DPFe    (II - IV),-1.065213686114666
2008-02-01,DPMFi    (I - III),27.288779943810006
2008-02-01,Dívida Contratual,0.033418299985334
2008-02-01,Dívida Contratual,0.23583841231
2008-02-01,Dívida Mobiliária,0.0
2008-02-01,Dívida Mobiliária,0.86279357379
2008-02-01,EMISSÃO LÍQUIDA,26.22356625769534
2008-02-01,EMISSÕES,49.65486400463534
2008-02-01,Emissão Direta com Financeiro 1,0.01032692109
2008-02-01,Emissão Direta sem Financeiro 2,0.24153083379
2008-02-01,I - DPMFi,49.62144570465
2008-02-01,II - DPFe,0.033418299985334
2008-02-01,III - DPMFi,22.33266576084
2008-02-01,IV - DPFe,1.0986319861
2008-02-01,NBC-E,0.0
2008-02-01,Oferta Pública,33.00896516955
2008-02-01,RESGATES,23.431297746940004
2008-02-01,Tesouro Direto,0.07061672648999999
2008-02-01,Tesouro Direto,0.022684800389999992
2008-02-01,Transferência de Carteira 3,0.0
2008-02-01,Trocas Oferta Pública,16.29000605373
2008-02-01,Trocas Oferta Pública,16.289976667570002
2008-02-01,Vencimentos,3.8932548987500004
2008-03-01,Banco Central,0.0
2008-03-01,Cancelamentos,0.0006816971100000001
2008-03-01,Compras,2.27753464418
2008-03-01,DPFe    (II - IV),-2.513467244854638
2008-03-01,DPMFi    (I - III),-4.6976123737599975
2008-03-01,Dívida Contratual,0.004528895845097
2008-03-01,Dívida Contratual,0.29097484107999994
2008-03-01,Dívida Mobiliária,0.0
2008-03-01,Dívida Mobiliária,2.227021299619735
2008-03-01,EMISSÃO LÍQUIDA,-7.211079618614636
2008-03-01,EMISSÕES,32.2814744565851
2008-03-01,Emissão Direta com Financeiro 1,0.0
2008-03-01,Emissão Direta sem Financeiro 2,0.24070277526000003
2008-03-01,I - DPMFi,32.27694556074
2008-03-01,II - DPFe,0.004528895845097
2008-03-01,III - DPMFi,36.97455793449999
2008-03-01,IV - DPFe,2.517996140699735
2008-03-01,NBC-E,0.0
2008-03-01,Oferta Pública,20.70593247014
2008-03-01,RESGATES,39.49255407519973
2008-03-01,Tesouro Direto,0.08921236087
2008-03-01,Tesouro Direto,0.020095832049999998
2008-03-01,Transferência de Carteira 3,0.0
2008-03-01,Trocas Oferta Pública,11.24109795447
2008-03-01,Trocas Oferta Pública,11.24105620649
2008-03-01,Vencimentos,23.435189554669996
2008-04-01,Banco Central,0.0
2008-04-01,Cancelamentos,9.224621000000001e-05
2008-04-01,Compras,0.16813033318
2008-04-01,DPFe    (II - IV),-3.450540130264148
2008-04-01,DPMFi    (I - III),-42.953204891039995
2008-04-01,Dívida Contratual,0.08405606792585199
2008-04-01,Dívida Contratual,0.33075801027999996
2008-04-01,Dívida Mobiliária,0.0
2008-04-01,Dívida Mobiliária,3.2038381879099997
2008-04-01,EMISSÃO LÍQUIDA,-46.40374502130415
2008-04-01,EMISSÕES,27.126122809035852
2008-04-01,Emissão Direta com Financeiro 1,0.13708124533
2008-04-01,Emissão Direta sem Financeiro 2,0.19396633655
2008-04-01,I - DPMFi,27.042066741110002
2008-04-01,II - DPFe,0.08405606792585199
2008-04-01,III - DPMFi,69.99527163215
2008-04-01,IV - DPFe,3.5345961981899996
2008-04-01,NBC-E,0.0
2008-04-01,Oferta Pública,21.798194932090002
2008-04-01,RESGATES,73.52986783034
2008-04-01,Tesouro Direto,0.10838836220000002
2008-04-01,Tesouro Direto,0.07804456024000002
2008-04-01,Transferência de Carteira 3,0.0
2008-04-01,Trocas Oferta Pública,4.80443586494
2008-04-01,Trocas Oferta Pública,4.804419334129999
2008-04-01,Vencimentos,64.94458515839
2008-05-01,Banco Central,0.0
2008-05-01,Cancelamentos,0.6626100145699999
2008-05-01,Compras,0.7607929977500001
2008-05-01,DPFe    (II - IV),0.46732887571402104
2008-05-01,DPMFi    (I - III),8.50112257714
2008-05-01,Dívida Contratual,0.460318071534021
2008-05-01,Dívida Contratual,0.34389525158000006
2008-05-01,Dívida Mobiliária,0.9473559669
2008-05-01,Dívida Mobiliária,0.5964499111399999
2008-05-01,EMISSÃO LÍQUIDA,8.968451452854023
2008-05-01,EMISSÕES,24.28478858994402
2008-05-01,Emissão Direta com Financeiro 1,0.06749283208
2008-05-01,Emissão Direta sem Financeiro 2,0.01766803042
2008-05-01,I - DPMFi,22.87711455151
2008-05-01,II - DPFe,1.407674038434021
2008-05-01,III - DPMFi,14.37599197437
2008-05-01,IV - DPFe,0.94034516272
2008-05-01,NBC-E,0.0
2008-05-01,Oferta Pública,16.21685541957
2008-05-01,RESGATES,15.31633713709
2008-05-01,Tesouro Direto,0.09705946406999999
2008-05-01,Tesouro Direto,0.04029986517
2008-05-01,Transferência de Carteira 3,0.0
2008-05-01,Trocas Oferta Pública,6.478038805370001
2008-05-01,Trocas Oferta Pública,6.4780124722900005
2008-05-01,Vencimentos,6.43427662459
2008-06-01,Banco Central,0.0
2008-06-01,Cancelamentos,0.00171851267
2008-06-01,Compras,2.5353854328300005
2008-06-01,DPFe    (II - IV),-0.44638123189951406
2008-06-01,DPMFi    (I - III),-6.206659111209996
2008-06-01,Dívida Contratual,0.038369964430486
2008-06-01,Dívida Contratual,0.26885107172000006
2008-06-01,Dívida Mobiliária,0.0
2008-06-01,Dívida Mobiliária,0.21590012461
2008-06-01,EMISSÃO LÍQUIDA,-6.65304034310951
2008-06-01,EMISSÕES,24.57120726198049
2008-06-01,Emissão Direta com Financeiro 1,0.055459347869999995
2008-06-01,Emissão Direta sem Financeiro 2,0.13023621709
2008-06-01,I - DPMFi,24.532837297550003
2008-06-01,II - DPFe,0.038369964430486
2008-06-01,III - DPMFi,30.739496408759997
2008-06-01,IV - DPFe,0.4847511963300001
2008-06-01,NBC-E,0.0
2008-06-01,Oferta Pública,18.62815864864
2008-06-01,RESGATES,31.224247605089996
2008-06-01,Tesouro Direto,0.05211513257
2008-06-01,Tesouro Direto,0.06949497852999999
2008-06-01,Transferência de Carteira 3,0.0
2008-06-01,Trocas Oferta Pública,5.666867951379999
2008-06-01,Trocas Oferta Pública,5.666851545719999
2008-06-01,Vencimentos,22.46604593901
2008-07-01,Banco Central,0.0
2008-07-01,Cancelamentos,1.1701812962499998
2008-07-01,Compras,0.05235904793999999
2008-07-01,DPFe    (II - IV),-1.897253241209886
2008-07-01,DPMFi    (I - III),-57.49409884704
2008-07-01,Dívida Contratual,0.08354259011011396
2008-07-01,Dívida Contratual,0.11753649915999999
2008-07-01,Dívida Mobiliária,0.0
2008-07-01,Dívida Mobiliária,1.86325933216
2008-07-01,EMISSÃO LÍQUIDA,-59.39135208824989
2008-07-01,EMISSÕES,33.35748058974011
2008-07-01,Emissão Direta com Financeiro 1,0.07826053879000001
2008-07-01,Emissão Direta sem Financeiro 2,1.07417286155
2008-07-01,I - DPMFi,33.27393799963001
2008-07-01,II - DPFe,0.08354259011011396
2008-07-01,III - DPMFi,90.76803684667
2008-07-01,IV - DPFe,1.98079583132
2008-07-01,NBC-E,0.0
2008-07-01,Oferta Pública,20.413500596600002
2008-07-01,RESGATES,92.74883267799001
2008-07-01,Tesouro Direto,0.18301201899999997
2008-07-01,Tesouro Direto,0.11921330647000002
2008-07-01,Transferência de Carteira 3,0.0
2008-07-01,Trocas Oferta Pública,11.52499198369
2008-07-01,Trocas Oferta Pública,11.52496309698
2008-07-01,Vencimentos,77.90132009903
2008-08-01,Banco Central,0.0
2008-08-01,Cancelamentos,4.1944946197199995
2008-08-01,Compras,0.6061017654799999
2008-08-01,DPFe    (II - IV),-0.6398047758534071
2008-08-01,DPMFi    (I - III),6.142743812749999
2008-08-01,Dívida Contratual,0.015309847226593001
2008-08-01,Dívida Contratual,0.11460994030000002
2008-08-01,Dívida Mobiliária,0.0
2008-08-01,Dívida Mobiliária,0.5405046827800001
2008-08-01,EMISSÃO LÍQUIDA,5.502939036896592
2008-08-01,EMISSÕES,20.823673929376593
2008-08-01,Emissão Direta com Financeiro 1,0.004392419599999999
2008-08-01,Emissão Direta sem Financeiro 2,0.57158286293
2008-08-01,I - DPMFi,20.80836408215
2008-08-01,II - DPFe,0.015309847226593001
2008-08-01,III - DPMFi,14.665620269400002
2008-08-01,IV - DPFe,0.6551146230800001
2008-08-01,NBC-E,0.0
2008-08-01,Oferta Pública,15.5534056987
2008-08-01,RESGATES,15.320734892480003
2008-08-01,Tesouro Direto,0.11492701567000001
2008-08-01,Tesouro Direto,0.08278102381000003
2008-08-01,Transferência de Carteira 3,0.0
2008-08-01,Trocas Oferta Pública,4.56405608525
2008-08-01,Trocas Oferta Pública,4.56402913203
2008-08-01,Vencimentos,5.218213728360001
2008-09-01,Banco Central,0.0
2008-09-01,Cancelamentos,3.29540910785
2008-09-01,Compras,1.0287294230100001
2008-09-01,DPFe    (II - IV),-1.2072107438896489
2008-09-01,DPMFi    (I - III),-12.81797180013
2008-09-01,Dívida Contratual,0.042570926170351
2008-09-01,Dívida Contratual,0.38678124767
2008-09-01,Dívida Mobiliária,0.0
2008-09-01,Dívida Mobiliária,0.86300042239
2008-09-01,EMISSÃO LÍQUIDA,-14.025182544019648
2008-09-01,EMISSÕES,16.774352141410354
2008-09-01,Emissão Direta com Financeiro 1,0.05435258076
2008-09-01,Emissão Direta sem Financeiro 2,5.411904819289999
2008-09-01,I - DPMFi,16.73178121524
2008-09-01,II - DPFe,0.042570926170351
2008-09-01,III - DPMFi,29.549753015369998
2008-09-01,IV - DPFe,1.24978167006
2008-09-01,NBC-E,0.0
2008-09-01,Oferta Pública,7.414354872650001
2008-09-01,RESGATES,30.79953468543
2008-09-01,Tesouro Direto,0.11470768193
2008-09-01,Tesouro Direto,0.03687859667
2008-09-01,Transferência de Carteira 3,0.0
2008-09-01,Trocas Oferta Pública,3.73646126061
2008-09-01,Trocas Oferta Pública,3.7364502342600003
2008-09-01,Vencimentos,21.45228565358
2008-10-01,Banco Central,0.0
2008-10-01,Cancelamentos,2.171401e-05
2008-10-01,Compras,1.932220152729999
2008-10-01,DPFe    (II - IV),-0.9880297027196938
2008-10-01,DPMFi    (I - III),-12.964967025320004
2008-10-01,Dívida Contratual,0.06328014320030599
2008-10-01,Dívida Contratual,0.4067581028499999
2008-10-01,Dívida Mobiliária,0.0
2008-10-01,Dívida Mobiliária,0.64455174307
2008-10-01,EMISSÃO LÍQUIDA,-13.952996728039698
2008-10-01,EMISSÕES,15.477071141330303
2008-10-01,Emissão Direta com Financeiro 1,0.07534333317000001
2008-10-01,Emissão Direta sem Financeiro 2,5.22976954227
2008-10-01,I - DPMFi,15.413790998129999
2008-10-01,II - DPFe,0.06328014320030599
2008-10-01,III - DPMFi,28.37875802345
2008-10-01,IV - DPFe,1.0513098459199999
2008-10-01,NBC-E,0.0
2008-10-01,Oferta Pública,8.881029183949998
2008-10-01,RESGATES,29.430067869370003
2008-10-01,Tesouro Direto,0.25907329602000007
2008-10-01,Tesouro Direto,0.07659775005
2008-10-01,Transferência de Carteira 3,0.0
2008-10-01,Trocas Oferta Pública,0.9685756427200001
2008-10-01,Trocas Oferta Pública,0.9685694856700002
2008-10-01,Vencimentos,25.401348920990003
2008-11-01,Banco Central,0.0
2008-11-01,Cancelamentos,0.06784157503999999
2008-11-01,Compras,2.10163926958
2008-11-01,DPFe    (II - IV),-1.1672404616142977
2008-11-01,DPMFi    (I - III),4.396100338479991
2008-11-01,Dívida Contratual,0.012386556805702
2008-11-01,Dívida Contratual,0.4198218209299999
2008-11-01,Dívida Mobiliária,0.0
2008-11-01,Dívida Mobiliária,0.75980519749
2008-11-01,EMISSÃO LÍQUIDA,3.2288598768656938
2008-11-01,EMISSÕES,16.4542944559157
2008-11-01,Emissão Direta com Financeiro 1,0.052790414609999996
2008-11-01,Emissão Direta sem Financeiro 2,0.67320157129
2008-11-01,I - DPMFi,16.44190789911
2008-11-01,II - DPFe,0.012386556805702
2008-11-01,III - DPMFi,12.045807560630008
2008-11-01,IV - DPFe,1.1796270184199997
2008-11-01,NBC-E,0.0
2008-11-01,Oferta Pública,12.588932655249998
2008-11-01,RESGATES,13.225434579050008
2008-11-01,Tesouro Direto,0.18000678600999998
2008-11-01,Tesouro Direto,0.03205969317
2008-11-01,Transferência de Carteira 3,0.0
2008-11-01,Trocas Oferta Pública,2.94697647195
2008-11-01,Trocas Oferta Pública,2.9469633919500002
2008-11-01,Vencimentos,6.897303630890006
2008-12-01,Banco Central,0.0
2008-12-01,Cancelamentos,0.78471611688
2008-12-01,Compras,1.29986969953
2008-12-01,DPFe    (II - IV),-0.147694498706483
2008-12-01,DPMFi    (I - III),7.870117705019998
2008-12-01,Dívida Contratual,0.4109858435335171
2008-12-01,Dívida Contratual,0.4203198135400001
2008-12-01,Dívida Mobiliária,0.0
2008-12-01,Dívida Mobiliária,0.1383605287
2008-12-01,EMISSÃO LÍQUIDA,7.722423206313516
2008-12-01,EMISSÕES,41.97308110660352
2008-12-01,Emissão Direta com Financeiro 1,0.03470813224
2008-12-01,Emissão Direta sem Financeiro 2,16.472175578490003
2008-12-01,I - DPMFi,41.562095263070006
2008-12-01,II - DPFe,0.4109858435335171
2008-12-01,III - DPMFi,33.691977558050006
2008-12-01,IV - DPFe,0.5586803422400001
2008-12-01,NBC-E,0.0
2008-12-01,Oferta Pública,19.07062572254
2008-12-01,RESGATES,34.25065790029
2008-12-01,Tesouro Direto,0.16076592634
2008-12-01,Tesouro Direto,0.02949682959
2008-12-01,Transferência de Carteira 3,0.0
2008-12-01,Trocas Oferta Pública,5.8238199034600004
2008-12-01,Trocas Oferta Pública,5.8238027180300005
2008-12-01,Vencimentos,25.75409219402
2009-01-01,Banco Central,0.0
2009-01-01,Cancelamentos,0.05023905153999999
2009-01-01,Compras,0.14556219056000003
2009-01-01,DPFe    (II - IV),-0.17698019493910805
2009-01-01,DPMFi    (I - III),-54.83964450633003
2009-01-01,Dívida Contratual,0.003654862775892064
2009-01-01,Dívida Contratual,0.18753636643999996
2009-01-01,Dívida Mobiliária,2.304528579125
2009-01-01,Dívida Mobiliária,2.2976272704
2009-01-01,EMISSÃO LÍQUIDA,-55.016624701269144
2009-01-01,EMISSÕES,38.6276296263609
2009-01-01,Emissão Direta com Financeiro 1,0.05127033721
2009-01-01,Emissão Direta sem Financeiro 2,5.32079884631
2009-01-01,I - DPMFi,36.31944618446
2009-01-01,II - DPFe,2.308183441900892
2009-01-01,III - DPMFi,91.15909069079004
2009-01-01,IV - DPFe,2.48516363684
2009-01-01,NBC-E,0.0
2009-01-01,Oferta Pública,28.190653712130004
2009-01-01,RESGATES,93.64425432763004
2009-01-01,Tesouro Direto,0.1936238313
2009-01-01,Tesouro Direto,0.17506907243000006
2009-01-01,Transferência de Carteira 3,0.0
2009-01-01,Trocas Oferta Pública,2.56309945751
2009-01-01,Trocas Oferta Pública,2.5630750208500004
2009-01-01,Vencimentos,88.22514535541005
2009-02-01,Banco Central,0.0
2009-02-01,Cancelamentos,0.00094459372
2009-02-01,Compras,1.01753762266
2009-02-01,DPFe    (II - IV),-1.156915549831864
2009-02-01,DPMFi    (I - III),14.943002036400001
2009-02-01,Dívida Contratual,0.015929716278136
2009-02-01,Dívida Contratual,0.13372244649
2009-02-01,Dívida Mobiliária,0.0
2009-02-01,Dívida Mobiliária,1.03912281962
2009-02-01,EMISSÃO LÍQUIDA,13.786086486568138
2009-02-01,EMISSÕES,23.684521537328134
2009-02-01,Emissão Direta com Financeiro 1,0.0780428282
2009-02-01,Emissão Direta sem Financeiro 2,0.00682486297
2009-02-01,I - DPMFi,23.668591821049997
2009-02-01,II - DPFe,0.015929716278136
2009-02-01,III - DPMFi,8.725589784649998
2009-02-01,IV - DPFe,1.17284526611
2009-02-01,NBC-E,0.0
2009-02-01,Oferta Pública,19.037529337309998
2009-02-01,RESGATES,9.898435050759998
2009-02-01,Tesouro Direto,0.10171841736000001
2009-02-01,Tesouro Direto,0.03726697166
2009-02-01,Transferência de Carteira 3,0.0
2009-02-01,Trocas Oferta Pública,4.44447637521
2009-02-01,Trocas Oferta Pública,4.4444561685999995
2009-02-01,Vencimentos,3.225384428009999
2009-03-01,Banco Central,0.0
2009-03-01,Cancelamentos,0.09433512849
2009-03-01,Compras,0.8978209215499999
2009-03-01,DPFe    (II - IV),-1.4239904654477669
2009-03-01,DPMFi    (I - III),8.44925242913
2009-03-01,Dívida Contratual,0.024125481152233
2009-03-01,Dívida Contratual,0.5495334386299999
2009-03-01,Dívida Mobiliária,0.0
2009-03-01,Dívida Mobiliária,0.89858250797
2009-03-01,EMISSÃO LÍQUIDA,7.025261963682233
2009-03-01,EMISSÕES,34.72582660237223
2009-03-01,Emissão Direta com Financeiro 1,0.040213348329999996
2009-03-01,Emissão Direta sem Financeiro 2,13.42679032546
2009-03-01,I - DPMFi,34.701701121220005
2009-03-01,II - DPFe,0.024125481152233
2009-03-01,III - DPMFi,26.252448692090002
2009-03-01,IV - DPFe,1.4481159466
2009-03-01,NBC-E,0.0
2009-03-01,Oferta Pública,20.180512178229996
2009-03-01,RESGATES,27.70056463869
2009-03-01,Tesouro Direto,0.17902267673999997
2009-03-01,Tesouro Direto,0.13155379811999998
2009-03-01,Transferência de Carteira 3,0.0
2009-03-01,Trocas Oferta Pública,0.87516259246
2009-03-01,Trocas Oferta Pública,0.87514843439
2009-03-01,Vencimentos,24.25359040954
2009-04-01,Banco Central,0.0
2009-04-01,Cancelamentos,0.00845130551
2009-04-01,Compras,0.21631226021000002
2009-04-01,DPFe    (II - IV),-1.9953325693318935
2009-04-01,DPMFi    (I - III),-15.645139348720008
2009-04-01,Dívida Contratual,0.034190477438107
2009-04-01,Dívida Contratual,0.47921689688
2009-04-01,Dívida Mobiliária,0.0
2009-04-01,Dívida Mobiliária,1.5503061498900002
2009-04-01,EMISSÃO LÍQUIDA,-17.6404719180519
2009-04-01,EMISSÕES,21.216669978208113
2009-04-01,Emissão Direta com Financeiro 1,0.07486763182
2009-04-01,Emissão Direta sem Financeiro 2,0.057546230000000004
2009-04-01,I - DPMFi,21.182479500770004
2009-04-01,II - DPFe,0.034190477438107
2009-04-01,III - DPMFi,36.827618849490015
2009-04-01,IV - DPFe,2.0295230467700005
2009-04-01,NBC-E,0.0
2009-04-01,Oferta Pública,17.704833299180002
2009-04-01,RESGATES,38.85714189626002
2009-04-01,Tesouro Direto,0.13168817393
2009-04-01,Tesouro Direto,0.06329238556
2009-04-01,Transferência de Carteira 3,0.0
2009-04-01,Trocas Oferta Pública,3.2135441658400006
2009-04-01,Trocas Oferta Pública,3.2135198342999995
2009-04-01,Vencimentos,33.32604306391001
2009-05-01,Banco Central,0.0
2009-05-01,Cancelamentos,0.00045987970000000003
2009-05-01,Compras,3.00854719827
2009-05-01,DPFe    (II - IV),0.62648852901239
2009-05-01,DPMFi    (I - III),2.445181808640002
2009-05-01,Dívida Contratual,0.04883343297978301
2009-05-01,Dívida Contratual,0.4848037432299999
2009-05-01,Dívida Mobiliária,1.6052069917326068
2009-05-01,Dívida Mobiliária,0.5427481524700001
2009-05-01,EMISSÃO LÍQUIDA,3.071670337652392
2009-05-01,EMISSÕES,42.297139665172395
2009-05-01,Emissão Direta com Financeiro 1,0.09146300201000002
2009-05-01,Emissão Direta sem Financeiro 2,0.20344227675999998
2009-05-01,I - DPMFi,40.64309924046
2009-05-01,II - DPFe,1.6540404247123899
2009-05-01,III - DPMFi,38.19791743182
2009-05-01,IV - DPFe,1.0275518956999998
2009-05-01,NBC-E,0.0
2009-05-01,Oferta Pública,35.22965156564
2009-05-01,RESGATES,39.22546932752
2009-05-01,Tesouro Direto,0.15049772122
2009-05-01,Tesouro Direto,0.11023362567999999
2009-05-01,Transferência de Carteira 3,0.0
2009-05-01,Trocas Oferta Pública,4.96804467483
2009-05-01,Trocas Oferta Pública,4.9680040598
2009-05-01,Vencimentos,30.110672668370004
2009-06-01,Banco Central,0.0
2009-06-01,Cancelamentos,0.0217775034
2009-06-01,Compras,1.5645749064399999
2009-06-01,DPFe    (II - IV),-1.0484495754361072
2009-06-01,DPMFi    (I - III),36.101321195204264
2009-06-01,Dívida Contratual,0.03725634486389299
2009-06-01,Dívida Contratual,0.36058811111000005
2009-06-01,Dívida Mobiliária,0.0
2009-06-01,Dívida Mobiliária,0.72511780919
2009-06-01,EMISSÃO LÍQUIDA,35.052871619768155
2009-06-01,EMISSÕES,68.9320837500739
2009-06-01,Emissão Direta com Financeiro 1,0.07159019678
2009-06-01,Emissão Direta sem Financeiro 2,26.21448691688
2009-06-01,I - DPMFi,68.89482740521001
2009-06-01,II - DPFe,0.03725634486389299
2009-06-01,III - DPMFi,32.79350621000574
2009-06-01,IV - DPFe,1.0857059203000001
2009-06-01,NBC-E,0.0
2009-06-01,Oferta Pública,26.311689215330002
2009-06-01,RESGATES,33.879212130305746
2009-06-01,Tesouro Direto,0.11135774476999999
2009-06-01,Tesouro Direto,0.04294325651
2009-06-01,Transferência de Carteira 3,0.0
2009-06-01,Trocas Oferta Pública,16.185703331450004
2009-06-01,Trocas Oferta Pública,16.18567843912
2009-06-01,Vencimentos,14.978532104535741
2009-07-01,Banco Central,0.0
2009-07-01,Cancelamentos,0.50257817245
2009-07-01,Compras,0.19881194949
2009-07-01,DPFe    (II - IV),-2.495191957330049
2009-07-01,DPMFi    (I - III),16.59840942022998
2009-07-01,Dívida Contratual,0.015425450389950999
2009-07-01,Dívida Contratual,0.17148938643999992
2009-07-01,Dívida Mobiliária,0.0
2009-07-01,Dívida Mobiliária,2.33912802128
2009-07-01,EMISSÃO LÍQUIDA,14.103217462899932
2009-07-01,EMISSÕES,63.73519889486995
2009-07-01,Emissão Direta com Financeiro 1,0.07842310873000001
2009-07-01,Emissão Direta sem Financeiro 2,25.098712849280002
2009-07-01,I - DPMFi,63.71977344448
2009-07-01,II - DPFe,0.015425450389950999
2009-07-01,III - DPMFi,47.12136402425002
2009-07-01,IV - DPFe,2.5106174077200003
2009-07-01,NBC-E,0.0
2009-07-01,Oferta Pública,33.692172629939996
2009-07-01,RESGATES,49.63198143197002
2009-07-01,Tesouro Direto,0.15074574335
2009-07-01,Tesouro Direto,0.17432671302999994
2009-07-01,Transferência de Carteira 3,0.0
2009-07-01,Trocas Oferta Pública,4.6997191131800005
2009-07-01,Trocas Oferta Pública,4.6996936612899995
2009-07-01,Vencimentos,41.545953527990015
2009-08-01,Banco Central,0.0
2009-08-01,Cancelamentos,7.216407043149999
2009-08-01,Compras,1.0617363839000002
2009-08-01,DPFe    (II - IV),0.3325296484699419
2009-08-01,DPMFi    (I - III),40.20311951406001
2009-08-01,Dívida Contratual,0.019651492729942
2009-08-01,Dívida Contratual,0.10013067475000002
2009-08-01,Dívida Mobiliária,1.05152764828
2009-08-01,Dívida Mobiliária,0.6385188177900001
2009-08-01,EMISSÃO LÍQUIDA,40.53564916252995
2009-08-01,EMISSÕES,66.06343285832995
2009-08-01,Emissão Direta com Financeiro 1,0.06571852307
2009-08-01,Emissão Direta sem Financeiro 2,36.044661532480006
2009-08-01,I - DPMFi,64.99225371732001
2009-08-01,II - DPFe,1.071179141009942
2009-08-01,III - DPMFi,24.78913420326
2009-08-01,IV - DPFe,0.7386494925400001
2009-08-01,NBC-E,0.0
2009-08-01,Oferta Pública,16.02364204293
2009-08-01,RESGATES,25.5277836958
2009-08-01,Tesouro Direto,0.0924838764
2009-08-01,Tesouro Direto,0.05418427522999998
2009-08-01,Transferência de Carteira 3,0.0
2009-08-01,Trocas Oferta Pública,12.765747742440002
2009-08-01,Trocas Oferta Pública,12.76571355652
2009-08-01,Vencimentos,3.691092944460001
2009-09-01,Banco Central,0.0
2009-09-01,Cancelamentos,0.0011064238500000001
2009-09-01,Compras,1.4286282965400003
2009-09-01,DPFe    (II - IV),-1.4926465011530807
2009-09-01,DPMFi    (I - III),-26.14195866627999
2009-09-01,Dívida Contratual,0.026458257196919
2009-09-01,Dívida Contratual,0.4436304009199999
2009-09-01,Dívida Mobiliária,0.0
2009-09-01,Dívida Mobiliária,1.0754743574299999
2009-09-01,EMISSÃO LÍQUIDA,-27.63460516743307
2009-09-01,EMISSÕES,18.92953771445692
2009-09-01,Emissão Direta com Financeiro 1,0.066450068
2009-09-01,Emissão Direta sem Financeiro 2,0.11319868004000001
2009-09-01,I - DPMFi,18.903079457260002
2009-09-01,II - DPFe,0.026458257196919
2009-09-01,III - DPMFi,45.04503812353999
2009-09-01,IV - DPFe,1.5191047583499997
2009-09-01,NBC-E,0.0
2009-09-01,Oferta Pública,14.6347803248
2009-09-01,RESGATES,46.564142881889985
2009-09-01,Tesouro Direto,0.09415512304999998
2009-09-01,Tesouro Direto,0.04441695329
2009-09-01,Transferência de Carteira 3,0.0
2009-09-01,Trocas Oferta Pública,3.9944952613699996
2009-09-01,Trocas Oferta Pública,3.9944653216399995
2009-09-01,Vencimentos,39.57642112822
2009-10-01,Banco Central,0.0
2009-10-01,Cancelamentos,0.09566347344000001
2009-10-01,Compras,0.5316748368399999
2009-10-01,DPFe    (II - IV),-1.155140147665635
2009-10-01,DPMFi    (I - III),-26.010996458020006
2009-10-01,Dívida Contratual,0.017445887424365005
2009-10-01,Dívida Contratual,0.46690145499000013
2009-10-01,Dívida Mobiliária,2.2008438
2009-10-01,Dívida Mobiliária,2.9065283801
2009-10-01,EMISSÃO LÍQUIDA,-27.166136605685644
2009-10-01,EMISSÕES,23.765205822094366
2009-10-01,Emissão Direta com Financeiro 1,0.12874636259
2009-10-01,Emissão Direta sem Financeiro 2,2.3237044478999995
2009-10-01,I - DPMFi,21.546916134670003
2009-10-01,II - DPFe,2.2182896874243654
2009-10-01,III - DPMFi,47.55791259269001
2009-10-01,IV - DPFe,3.3734298350900005
2009-10-01,NBC-E,0.0
2009-10-01,Oferta Pública,17.61239597598
2009-10-01,RESGATES,50.93134242778001
2009-10-01,Tesouro Direto,0.1416948938
2009-10-01,Tesouro Direto,0.17505875819000005
2009-10-01,Transferência de Carteira 3,0.0
2009-10-01,Trocas Oferta Pública,1.3403744544
2009-10-01,Trocas Oferta Pública,1.3403572840700002
2009-10-01,Vencimentos,45.41515824015001
2009-11-01,Banco Central,0.0
2009-11-01,Cancelamentos,0.6722114738
2009-11-01,Compras,1.6899712637399997
2009-11-01,DPFe    (II - IV),-1.2004339547261589
2009-11-01,DPMFi    (I - III),7.923526565809996
2009-11-01,Dívida Contratual,0.010827460883841003
2009-11-01,Dívida Contratual,0.4675683405499998
2009-11-01,Dívida Mobiliária,0.0
2009-11-01,Dívida Mobiliária,0.74369307506
2009-11-01,EMISSÃO LÍQUIDA,6.723092611083837
2009-11-01,EMISSÕES,33.57659392186384
2009-11-01,Emissão Direta com Financeiro 1,0.06353367109000001
2009-11-01,Emissão Direta sem Financeiro 2,0.48986584736
2009-11-01,I - DPMFi,33.56576646098
2009-11-01,II - DPFe,0.010827460883841003
2009-11-01,III - DPMFi,25.64223989517
2009-11-01,IV - DPFe,1.21126141561
2009-11-01,NBC-E,0.0
2009-11-01,Oferta Pública,26.41862994521
2009-11-01,RESGATES,26.85350131078
2009-11-01,Tesouro Direto,0.08932924983000001
2009-11-01,Tesouro Direto,0.04500997324999999
2009-11-01,Transferência de Carteira 3,0.0
2009-11-01,Trocas Oferta Pública,6.504407747489999
2009-11-01,Trocas Oferta Pública,6.5043897424
2009-11-01,Vencimentos,16.73065744198
2009-12-01,Banco Central,0.0
2009-12-01,Cancelamentos,1.2180793124200002
2009-12-01,Compras,1.0807432450799999
2009-12-01,DPFe    (II - IV),-2.8128159016790297
2009-12-01,DPMFi    (I - III),-3.983084755790005
2009-12-01,Dívida Contratual,0.226432625575664
2009-12-01,Dívida Contratual,2.1093687565400003
2009-12-01,Dívida Mobiliária,1.03451407710864
2009-12-01,Dívida Mobiliária,1.9643938478233332
2009-12-01,EMISSÃO LÍQUIDA,-6.795900657469034
2009-12-01,EMISSÕES,35.288844272534305
2009-12-01,Emissão Direta com Financeiro 1,0.0
2009-12-01,Emissão Direta sem Financeiro 2,0.21331725467
2009-12-01,I - DPMFi,34.02789756985
2009-12-01,II - DPFe,1.260946702684304
2009-12-01,III - DPMFi,38.01098232564001
2009-12-01,IV - DPFe,4.073762604363334
2009-12-01,NBC-E,0.0
2009-12-01,Oferta Pública,28.272197623460002
2009-12-01,RESGATES,42.08474493000334
2009-12-01,Tesouro Direto,0.1262443946
2009-12-01,Tesouro Direto,0.039351418369999995
2009-12-01,Transferência de Carteira 3,0.0
2009-12-01,Trocas Oferta Pública,5.416138297119999
2009-12-01,Trocas Oferta Pública,5.416118552380001
2009-12-01,Vencimentos,30.256689797390003
2010-01-01,Banco Central,0.0
2010-01-01,Cancelamentos,0.00044755732000000003
2010-01-01,Compras,0.11453478469999999
2010-01-01,DPFe    (II - IV),-2.334503534302523
2010-01-01,DPMFi    (I - III),-54.40472102738999
2010-01-01,Dívida Contratual,0.008848676977477
2010-01-01,Dívida Contratual,0.14856628825000007
2010-01-01,Dívida Mobiliária,0.0
2010-01-01,Dívida Mobiliária,2.19478592303
2010-01-01,EMISSÃO LÍQUIDA,-56.73922456169252
2010-01-01,EMISSÕES,45.658235270427475
2010-01-01,Emissão Direta com Financeiro 1,0.060403954749999995
2010-01-01,Emissão Direta sem Financeiro 2,4.02529645493
2010-01-01,I - DPMFi,45.64938659345
2010-01-01,II - DPFe,0.008848676977477
2010-01-01,III - DPMFi,100.05410762083999
2010-01-01,IV - DPFe,2.34335221128
2010-01-01,NBC-E,0.0
2010-01-01,Oferta Pública,40.16069186916
2010-01-01,RESGATES,102.39745983211999
2010-01-01,Tesouro Direto,0.21268956020000002
2010-01-01,Tesouro Direto,0.26965420659
2010-01-01,Transferência de Carteira 3,0.0
2010-01-01,Trocas Oferta Pública,1.1903047544099998
2010-01-01,Trocas Oferta Pública,1.19028513549
2010-01-01,Vencimentos,98.47918593674
2010-02-01,Banco Central,0.0
2010-02-01,Cancelamentos,8.124581e-05
2010-02-01,Compras,0.025498112459999996
2010-02-01,DPFe    (II - IV),-2.1089366192748344
2010-02-01,DPMFi    (I - III),30.196883282579996
2010-02-01,Dívida Contratual,0.013071272145165999
2010-02-01,Dívida Contratual,0.08632383025999998
2010-02-01,Dívida Mobiliária,0.0
2010-02-01,Dívida Mobiliária,2.0356840611600004
2010-02-01,EMISSÃO LÍQUIDA,28.087946663305164
2010-02-01,EMISSÕES,39.70324127715516
2010-02-01,Emissão Direta com Financeiro 1,0.0
2010-02-01,Emissão Direta sem Financeiro 2,0.004202954379999999
2010-02-01,I - DPMFi,39.690170005009996
2010-02-01,II - DPFe,0.013071272145165999
2010-02-01,III - DPMFi,9.493286722430001
2010-02-01,IV - DPFe,2.1220078914200005
2010-02-01,NBC-E,0.0
2010-02-01,Oferta Pública,34.38851269069
2010-02-01,RESGATES,11.61529461385
2010-02-01,Tesouro Direto,0.1143689907
2010-02-01,Tesouro Direto,0.04363563082
2010-02-01,Transferência de Carteira 3,0.0
2010-02-01,Trocas Oferta Pública,5.18308536924
2010-02-01,Trocas Oferta Pública,5.183055560810001
2010-02-01,Vencimentos,4.241016172529999
2010-03-01,Banco Central,0.0
2010-03-01,Cancelamentos,0.01672587199
2010-03-01,Compras,0.05996439024
2010-03-01,DPFe    (II - IV),-2.367005380192228
2010-03-01,DPMFi    (I - III),-11.970292144899998
2010-03-01,Dívida Contratual,0.012187754697772
2010-03-01,Dívida Contratual,0.3649677990800001
2010-03-01,Dívida Mobiliária,0.0
2010-03-01,Dívida Mobiliária,2.01422533581
2010-03-01,EMISSÃO LÍQUIDA,-14.337297525092227
2010-03-01,EMISSÕES,36.05341911526777
2010-03-01,Emissão Direta com Financeiro 1,0.01087799652
2010-03-01,Emissão Direta sem Financeiro 2,0.20432292441999997
2010-03-01,I - DPMFi,36.04123136057
2010-03-01,II - DPFe,0.012187754697772
2010-03-01,III - DPMFi,48.01152350547
2010-03-01,IV - DPFe,2.3791931348900004
2010-03-01,NBC-E,0.0
2010-03-01,Oferta Pública,30.044337789910003
2010-03-01,RESGATES,50.390716640360004
2010-03-01,Tesouro Direto,0.20293162234999998
2010-03-01,Tesouro Direto,0.12128108149000005
2010-03-01,Transferência de Carteira 3,0.0
2010-03-01,Trocas Oferta Pública,5.578761027370001
2010-03-01,Trocas Oferta Pública,5.57873426525
2010-03-01,Vencimentos,42.234817896500005
2010-04-01,Banco Central,0.0
2010-04-01,Cancelamentos,3.00018739937
2010-04-01,Compras,0.06066229026
2010-04-01,DPFe    (II - IV),-0.2470755143145891
2010-04-01,DPMFi    (I - III),80.01289880619998
2010-04-01,Dívida Contratual,0.034903836155411
2010-04-01,Dívida Contratual,0.41304582216999985
2010-04-01,Dívida Mobiliária,1.37386165455
2010-04-01,Dívida Mobiliária,1.2427951828500001
2010-04-01,EMISSÃO LÍQUIDA,79.7658232918854
2010-04-01,EMISSÕES,104.3417060825354
2010-04-01,Emissão Direta com Financeiro 1,0.11913023167
2010-04-01,Emissão Direta sem Financeiro 2,74.20737185346
2010-04-01,I - DPMFi,102.93294059182999
2010-04-01,II - DPFe,1.408765490705411
2010-04-01,III - DPMFi,22.920041785629998
2010-04-01,IV - DPFe,1.65584100502
2010-04-01,NBC-E,0.0
2010-04-01,Oferta Pública,27.343912696499995
2010-04-01,RESGATES,24.57588279065
2010-04-01,Tesouro Direto,0.15262467546
2010-04-01,Tesouro Direto,0.04672287649
2010-04-01,Transferência de Carteira 3,0.0
2010-04-01,Trocas Oferta Pública,1.10990113474
2010-04-01,Trocas Oferta Pública,1.10989279248
2010-04-01,Vencimentos,18.70257642703
2010-05-01,Banco Central,0.0
2010-05-01,Cancelamentos,0.18877440268
2010-05-01,Compras,0.30207456929
2010-05-01,DPFe    (II - IV),-1.486812931610242
2010-05-01,DPMFi    (I - III),11.628227797124666
2010-05-01,Dívida Contratual,0.009626994669758
2010-05-01,Dívida Contratual,0.3068496580099999
2010-05-01,Dívida Mobiliária,0.0
2010-05-01,Dívida Mobiliária,1.18959026827
2010-05-01,EMISSÃO LÍQUIDA,10.141414865514424
2010-05-01,EMISSÕES,21.27948338661417
2010-05-01,Emissão Direta com Financeiro 1,0.06555204956999999
2010-05-01,Emissão Direta sem Financeiro 2,6.25809098496
2010-05-01,I - DPMFi,21.269856391944412
2010-05-01,II - DPFe,0.009626994669758
2010-05-01,III - DPMFi,9.641628594819748
2010-05-01,IV - DPFe,1.49643992628
2010-05-01,NBC-E,0.0
2010-05-01,Oferta Pública,13.392562693799999
2010-05-01,RESGATES,11.138068521099747
2010-05-01,Tesouro Direto,0.16964107487000002
2010-05-01,Tesouro Direto,0.06973878858000002
2010-05-01,Transferência de Carteira 3,0.0
2010-05-01,Trocas Oferta Pública,1.384009588744415
2010-05-01,Trocas Oferta Pública,1.3839910540399998
2010-05-01,Vencimentos,7.697049780229748
2010-06-01,Cancelamentos,0.00046829825
2010-06-01,Compras,0.05755482033999999
2010-06-01,DPFe    (II - IV),1.078578833630654
2010-06-01,DPMFi    (I - III),-16.914212793699996
2010-06-01,Dívida Contratual,1.598320484250654
2010-06-01,Dívida Contratual,0.3254723893799999
2010-06-01,Dívida Mobiliária,0.0
2010-06-01,Dívida Mobiliária,0.19426926124
2010-06-01,EMISSÃO LÍQUIDA,-15.835633960069343
2010-06-01,EMISSÕES,36.86338227173066
2010-06-01,Emissão Direta com Financeiro 1,0.05365632681
2010-06-01,Emissão Direta sem Financeiro 2,2.7660222474600005
2010-06-01,I - DPMFi,35.26506178748
2010-06-01,II - DPFe,1.598320484250654
2010-06-01,III - DPMFi,52.179274581179996
2010-06-01,IV - DPFe,0.5197416506199999
2010-06-01,Oferta Pública,30.707148117309995
2010-06-01,RESGATES,52.6990162318
2010-06-01,Tesouro Direto,0.14649633061999998
2010-06-01,Tesouro Direto,0.03464803863
2010-06-01,Transferência de Carteira 3,0.0
2010-06-01,Trocas Oferta Pública,1.59173876528
2010-06-01,Trocas Oferta Pública,1.59172286674
2010-06-01,Vencimentos,50.49488055721999
2010-07-01,Cancelamentos,0.00196358267
2010-07-01,Compras,0.048265031900000005
2010-07-01,DPFe    (II - IV),-3.0276033044052504
2010-07-01,DPMFi    (I - III),-19.397640298089996
2010-07-01,Dívida Contratual,0.01677350621475
2010-07-01,Dívida Contratual,0.21026956228
2010-07-01,Dívida Mobiliária,0.0
2010-07-01,Dívida Mobiliária,2.8341072483400005
2010-07-01,EMISSÃO LÍQUIDA,-22.425243602495243
2010-07-01,EMISSÕES,42.32705827483474
2010-07-01,Emissão Direta com Financeiro 1,0.03676942974
2010-07-01,Emissão Direta sem Financeiro 2,0.34689812096000006
2010-07-01,I - DPMFi,42.310284768619994
2010-07-01,II - DPFe,0.01677350621475
2010-07-01,III - DPMFi,61.70792506670999
2010-07-01,IV - DPFe,3.0443768106200007
2010-07-01,Oferta Pública,39.965938648299996
2010-07-01,RESGATES,64.75230187733
2010-07-01,Tesouro Direto,0.267825155
2010-07-01,Tesouro Direto,0.29810129732000007
2010-07-01,Transferência de Carteira 3,0.0
2010-07-01,Trocas Oferta Pública,1.69285341462
2010-07-01,Trocas Oferta Pública,1.6928371866699998
2010-07-01,Vencimentos,59.666757968149994
2010-08-01,Cancelamentos,0.03529812942
2010-08-01,Compras,4.02490045341
2010-08-01,DPFe    (II - IV),0.924590750489257
2010-08-01,DPMFi    (I - III),2.3564024571300033
2010-08-01,Dívida Contratual,0.012383318000507
2010-08-01,Dívida Contratual,0.08088283522
2010-08-01,Dívida Mobiliária,1.48922570671875
2010-08-01,Dívida Mobiliária,0.49613543900999996
2010-08-01,EMISSÃO LÍQUIDA,3.2809932076192605
2010-08-01,EMISSÕES,49.292107935249255
2010-08-01,Emissão Direta com Financeiro 1,0.14241838731
2010-08-01,Emissão Direta sem Financeiro 2,0.0718681764
2010-08-01,I - DPMFi,47.79049891053
2010-08-01,II - DPFe,1.5016090247192568
2010-08-01,III - DPMFi,45.434096453399995
2010-08-01,IV - DPFe,0.57701827423
2010-08-01,Oferta Pública,43.12443958485
2010-08-01,RESGATES,46.011114727629995
2010-08-01,Tesouro Direto,0.25953294332000004
2010-08-01,Tesouro Direto,0.23399656717000006
2010-08-01,Transferência de Carteira 3,0.0
2010-08-01,Trocas Oferta Pública,4.19223981865
2010-08-01,Trocas Oferta Pública,4.192224036440001
2010-08-01,Vencimentos,36.94767726695999
2010-09-01,Cancelamentos,67.89863807929999
2010-09-01,Compras,4.94866203804
2010-09-01,DPFe    (II - IV),-0.25375109354120784
2010-09-01,DPMFi    (I - III),-3.2590939292399854
2010-09-01,Dívida Contratual,0.025447212118791994
2010-09-01,Dívida Contratual,0.32174389984000007
2010-09-01,Dívida Mobiliária,1.01825826245
2010-09-01,Dívida Mobiliária,0.97571266827
2010-09-01,EMISSÃO LÍQUIDA,-3.5128450227811934
2010-09-01,EMISSÕES,104.75782747806879
2010-09-01,Emissão Direta com Financeiro 1,0.07286848866
2010-09-01,Emissão Direta sem Financeiro 2,67.81230706149
2010-09-01,I - DPMFi,103.7141220035
2010-09-01,II - DPFe,1.0437054745687921
2010-09-01,III - DPMFi,106.97321593273999
2010-09-01,IV - DPFe,1.29745656811
2010-09-01,Oferta Pública,32.686233423489995
2010-09-01,RESGATES,108.27067250085
2010-09-01,Tesouro Direto,0.15375320869999998
2010-09-01,Tesouro Direto,0.06542778406000001
2010-09-01,Transferência de Carteira 3,0.0
2010-09-01,Trocas Oferta Pública,2.9889598211599995
2010-09-01,Trocas Oferta Pública,2.9889534142399996
2010-09-01,Vencimentos,31.071534617100003
2010-10-01,Cancelamentos,0.02134603083
2010-10-01,Compras,0.07098231209
2010-10-01,DPFe    (II - IV),-0.81623503498221
2010-10-01,DPMFi    (I - III),4.215127351929986
2010-10-01,Dívida Contratual,0.017369056206072004
2010-10-01,Dívida Contratual,0.35963138265
2010-10-01,Dívida Mobiliária,1.2875670721317178
2010-10-01,Dívida Mobiliária,1.7615397806699997
2010-10-01,EMISSÃO LÍQUIDA,3.3988923169477765
2010-10-01,EMISSÕES,48.41102846241778
2010-10-01,Emissão Direta com Financeiro 1,0.0769160362
2010-10-01,Emissão Direta sem Financeiro 2,0.45163416644000004
2010-10-01,I - DPMFi,47.106092334079996
2010-10-01,II - DPFe,1.3049361283377898
2010-10-01,III - DPMFi,42.89096498215001
2010-10-01,IV - DPFe,2.1211711633199997
2010-10-01,Oferta Pública,44.675606304839995
2010-10-01,RESGATES,45.01213614547001
2010-10-01,Tesouro Direto,0.15018101494000002
2010-10-01,Tesouro Direto,0.04048538326
2010-10-01,Transferência de Carteira 3,0.0
2010-10-01,Trocas Oferta Pública,1.75175481166
2010-10-01,Trocas Oferta Pública,1.7517346265199998
2010-10-01,Vencimentos,41.00641662945001
2010-11-01,Cancelamentos,0.11145242548
2010-11-01,Compras,1.87209831354
2010-11-01,DPFe    (II - IV),-1.5806150085219894
2010-11-01,DPMFi    (I - III),6.264597875299996
2010-11-01,Dívida Contratual,0.38027306889801
2010-11-01,Dívida Contratual,0.29053684857999973
2010-11-01,Dívida Mobiliária,0.0
2010-11-01,Dívida Mobiliária,1.6703512288399998
2010-11-01,EMISSÃO LÍQUIDA,4.683982866778007
2010-11-01,EMISSÕES,22.275877045628008
2010-11-01,Emissão Direta com Financeiro 1,0.09127062422
2010-11-01,Emissão Direta sem Financeiro 2,0.2859368806
2010-11-01,I - DPMFi,21.895603976729998
2010-11-01,II - DPFe,0.38027306889801
2010-11-01,III - DPMFi,15.631006101430003
2010-11-01,IV - DPFe,1.9608880774199995
2010-11-01,Oferta Pública,19.49574295264
2010-11-01,RESGATES,17.59189417885
2010-11-01,Tesouro Direto,0.19204156166000003
2010-11-01,Tesouro Direto,0.05332874861000002
2010-11-01,Transferência de Carteira 3,0.0
2010-11-01,Trocas Oferta Pública,1.83061195761
2010-11-01,Trocas Oferta Pública,1.8305956836399997
2010-11-01,Vencimentos,11.763530930160004
2010-12-01,Cancelamentos,18.8450863536
2010-12-01,Compras,1.16602435246
2010-12-01,DPFe    (II - IV),-0.9369636348062531
2010-12-01,DPMFi    (I - III),11.976148839459995
2010-12-01,Dívida Contratual,1.738197843563747
2010-12-01,Dívida Contratual,0.3596055917699999
2010-12-01,Dívida Mobiliária,0.0
2010-12-01,Dívida Mobiliária,2.3155558866000003
2010-12-01,EMISSÃO LÍQUIDA,11.039185204653743
2010-12-01,EMISSÕES,49.83589584863374
2010-12-01,Emissão Direta com Financeiro 1,0.04859225326
2010-12-01,Emissão Direta sem Financeiro 2,23.96093342198
2010-12-01,I - DPMFi,48.097698005069994
2010-12-01,II - DPFe,1.738197843563747
2010-12-01,III - DPMFi,36.12154916561
2010-12-01,IV - DPFe,2.67516147837
2010-12-01,Oferta Pública,22.58492144595
2010-12-01,RESGATES,38.79671064398
2010-12-01,Tesouro Direto,0.21353421194000002
2010-12-01,Tesouro Direto,0.05032606522
2010-12-01,Transferência de Carteira 3,0.0
2010-12-01,Trocas Oferta Pública,1.28971667194
2010-12-01,Trocas Oferta Pública,1.2897109853300002
2010-12-01,Vencimentos,14.770401408999998
2011-01-01,Cancelamentos,0.13270375703
2011-01-01,Compras,0.05585438069000001
2011-01-01,DPFe    (II - IV),-4.22856940716155
2011-01-01,DPMFi    (I - III),-76.81641195049001
2011-01-01,Dívida Contratual,0.006513215278449999
2011-01-01,Dívida Contratual,0.17255880401999996
2011-01-01,Dívida Mobiliária,0.0
2011-01-01,Dívida Mobiliária,4.06252381842
2011-01-01,EMISSÃO LÍQUIDA,-81.04498135765155
2011-01-01,EMISSÕES,36.82718879666845
2011-01-01,Emissão Direta com Financeiro 1,0.12875569754
2011-01-01,Emissão Direta sem Financeiro 2,0.32566113987999995
2011-01-01,I - DPMFi,36.82067558139
2011-01-01,II - DPFe,0.006513215278449999
2011-01-01,III - DPMFi,113.63708753188
2011-01-01,IV - DPFe,4.23508262244
2011-01-01,Oferta Pública,33.62736027867
2011-01-01,RESGATES,117.87217015431999
2011-01-01,Tesouro Direto,0.36025578446
2011-01-01,Tesouro Direto,0.2901891494199997
2011-01-01,Transferência de Carteira 3,0.0
2011-01-01,Trocas Oferta Pública,2.37864268084
2011-01-01,Trocas Oferta Pública,2.3786238518500005
2011-01-01,Vencimentos,110.77971639289
2011-02-01,Cancelamentos,0.00023026893999999998
2011-02-01,Compras,0.0528239873
2011-02-01,DPFe    (II - IV),-0.7633221612440549
2011-02-01,DPMFi    (I - III),27.25463755304
2011-02-01,Dívida Contratual,0.013065447515945001
2011-02-01,Dívida Contratual,0.26392611796000004
2011-02-01,Dívida Mobiliária,0.0
2011-02-01,Dívida Mobiliária,0.5124614908
2011-02-01,EMISSÃO LÍQUIDA,26.491315391795947
2011-02-01,EMISSÕES,38.97941039565595
2011-02-01,Emissão Direta com Financeiro 1,0.00794430985
2011-02-01,Emissão Direta sem Financeiro 2,2.0737394117800005
2011-02-01,I - DPMFi,38.966344948140005
2011-02-01,II - DPFe,0.013065447515945001
2011-02-01,III - DPMFi,11.711707395100001
2011-02-01,IV - DPFe,0.77638760876
2011-02-01,Oferta Pública,31.465193211819997
2011-02-01,RESGATES,12.488095003860002
2011-02-01,Tesouro Direto,0.24145213851000003
2011-02-01,Tesouro Direto,0.0664259854
2011-02-01,Transferência de Carteira 3,0.0
2011-02-01,Trocas Oferta Pública,5.178015876179999
2011-02-01,Trocas Oferta Pública,5.17799348941
2011-02-01,Vencimentos,6.414233664050003
2011-03-01,Cancelamentos,0.07331025382
2011-03-01,Compras,1.0493877742100002
2011-03-01,DPFe    (II - IV),-2.0087900266848564
2011-03-01,DPMFi    (I - III),8.878808647310004
2011-03-01,Dívida Contratual,0.010849705941445
2011-03-01,Dívida Contratual,0.31290191981
2011-03-01,Dívida Mobiliária,0.0
2011-03-01,Dívida Mobiliária,1.7067378128163013
2011-03-01,EMISSÃO LÍQUIDA,6.870018620625149
2011-03-01,EMISSÕES,48.91083229977145
2011-03-01,Emissão Direta com Financeiro 1,0.039812330689999995
2011-03-01,Emissão Direta sem Financeiro 2,5.49195725226
2011-03-01,I - DPMFi,48.89998259383
2011-03-01,II - DPFe,0.010849705941445
2011-03-01,III - DPMFi,40.02117394652
2011-03-01,IV - DPFe,2.019639732626301
2011-03-01,Oferta Pública,36.48295431713
2011-03-01,RESGATES,42.040813679146304
2011-03-01,Tesouro Direto,0.31724181241000005
2011-03-01,Tesouro Direto,0.11111333614
2011-03-01,Transferência de Carteira 3,0.0
2011-03-01,Trocas Oferta Pública,6.56801688134
2011-03-01,Trocas Oferta Pública,6.568001968410001
2011-03-01,Vencimentos,32.21936061394
2011-04-01,Cancelamentos,1.63718681292
2011-04-01,Compras,0.08808703233
2011-04-01,DPFe    (II - IV),-0.6260567516332091
2011-04-01,DPMFi    (I - III),25.947646318209994
2011-04-01,Dívida Contratual,0.000272691276791
2011-04-01,Dívida Contratual,0.34762767291
2011-04-01,Dívida Mobiliária,0.0
2011-04-01,Dívida Mobiliária,0.27870177
2011-04-01,EMISSÃO LÍQUIDA,25.321589566576787
2011-04-01,EMISSÕES,52.73894666992679
2011-04-01,Emissão Direta com Financeiro 1,0.07413641124
2011-04-01,Emissão Direta sem Financeiro 2,2.04875901785
2011-04-01,I - DPMFi,52.73867397865
2011-04-01,II - DPFe,0.000272691276791
2011-04-01,III - DPMFi,26.79102766044
2011-04-01,IV - DPFe,0.62632944291
2011-04-01,Oferta Pública,47.83538242727
2011-04-01,RESGATES,27.41735710335
2011-04-01,Tesouro Direto,0.27421815381
2011-04-01,Tesouro Direto,0.05417656099
2011-04-01,Transferência de Carteira 3,0.0008454318
2011-04-01,Trocas Oferta Pública,2.50533253668
2011-04-01,Trocas Oferta Pública,2.50531188275
2011-04-01,Vencimentos,22.506265371450002
2011-05-01,Cancelamentos,0.00064149904
2011-05-01,Compras,0.10987372352
2011-05-01,DPFe    (II - IV),-1.3821624530047978
2011-05-01,DPMFi    (I - III),-6.141212508780009
2011-05-01,Dívida Contratual,0.090152936025202
2011-05-01,Dívida Contratual,0.2961957624699999
2011-05-01,Dívida Mobiliária,0.0
2011-05-01,Dívida Mobiliária,1.17611962656
2011-05-01,EMISSÃO LÍQUIDA,-7.523374961784806
2011-05-01,EMISSÕES,42.36491420836521
2011-05-01,Emissão Direta com Financeiro 1,0.10999768575
2011-05-01,Emissão Direta sem Financeiro 2,0.8965220732400002
2011-05-01,I - DPMFi,42.27476127234
2011-05-01,II - DPFe,0.090152936025202
2011-05-01,III - DPMFi,48.41597378112001
2011-05-01,IV - DPFe,1.4723153890299998
2011-05-01,Oferta Pública,37.21419231012
2011-05-01,RESGATES,49.88828917015001
2011-05-01,Tesouro Direto,0.36090653806000006
2011-05-01,Tesouro Direto,0.21244817755000003
2011-05-01,Transferência de Carteira 3,0.0
2011-05-01,Trocas Oferta Pública,3.6931426651700003
2011-05-01,Trocas Oferta Pública,3.6931067228499996
2011-05-01,Vencimentos,44.39990365816001
2011-06-01,Cancelamentos,0.06626005642999999
2011-06-01,Compras,0.7784147591899997
2011-06-01,DPFe    (II - IV),-5.291807378413268
2011-06-01,DPMFi    (I - III),48.59721440993999
2011-06-01,Dívida Contratual,0.487301984736732
2011-06-01,Dívida Contratual,5.63015872643
2011-06-01,Dívida Mobiliária,0.0
2011-06-01,Dívida Mobiliária,0.14895063672
2011-06-01,EMISSÃO LÍQUIDA,43.30540703152672
2011-06-01,EMISSÕES,71.65865424635672
2011-06-01,Emissão Direta com Financeiro 1,0.05637118769
2011-06-01,Emissão Direta sem Financeiro 2,30.487788742160006
2011-06-01,I - DPMFi,71.17135226161999
2011-06-01,II - DPFe,0.487301984736732
2011-06-01,III - DPMFi,22.57413785168
2011-06-01,IV - DPFe,5.779109363150001
2011-06-01,Oferta Pública,36.45013139294
2011-06-01,RESGATES,28.35324721483
2011-06-01,Tesouro Direto,0.26487315144
2011-06-01,Tesouro Direto,0.06820069842000001
2011-06-01,Transferência de Carteira 3,0.0
2011-06-01,Trocas Oferta Pública,3.9121877873899993
2011-06-01,Trocas Oferta Pública,3.91218105553
2011-06-01,Vencimentos,17.749081282109998
2011-07-01,Cancelamentos,0.0056418147900000005
2011-07-01,Compras,0.10323790825000001
2011-07-01,DPFe    (II - IV),-1.9842576592580576
2011-07-01,DPMFi    (I - III),-84.09275570551
2011-07-01,Dívida Contratual,0.025753586729086002
2011-07-01,Dívida Contratual,0.11326260847
2011-07-01,Dívida Mobiliária,0.930739893222856
2011-07-01,Dívida Mobiliária,2.8274885307399997
2011-07-01,EMISSÃO LÍQUIDA,-86.07701336476806
2011-07-01,EMISSÕES,41.908562501881946
2011-07-01,Emissão Direta com Financeiro 1,0.14081247265
2011-07-01,Emissão Direta sem Financeiro 2,0.41667225028999993
2011-07-01,I - DPMFi,40.95206902193001
2011-07-01,II - DPFe,0.956493479951942
2011-07-01,III - DPMFi,125.04482472744002
2011-07-01,IV - DPFe,2.9407511392099996
2011-07-01,Oferta Pública,36.303509454259995
2011-07-01,RESGATES,127.98557586665002
2011-07-01,Tesouro Direto,0.31871437305
2011-07-01,Tesouro Direto,0.15913282687999997
2011-07-01,Transferência de Carteira 3,0.0
2011-07-01,Trocas Oferta Pública,3.7723604716800003
2011-07-01,Trocas Oferta Pública,3.7723288471599994
2011-07-01,Vencimentos,121.00448333036003
2011-08-01,Cancelamentos,0.47321596088
2011-08-01,Compras,0.10179543442
2011-08-01,DPFe    (II - IV),-1.1407199413250801
2011-08-01,DPMFi    (I - III),16.340528451490005
2011-08-01,Dívida Contratual,0.01739234576492
2011-08-01,Dívida Contratual,0.04190448492999999
2011-08-01,Dívida Mobiliária,0.0
2011-08-01,Dívida Mobiliária,1.11620780216
2011-08-01,EMISSÃO LÍQUIDA,15.199808510164925
2011-08-01,EMISSÕES,26.521146387004922
2011-08-01,Emissão Direta com Financeiro 1,0.004592044460000001
2011-08-01,Emissão Direta sem Financeiro 2,2.160467799159999
2011-08-01,I - DPMFi,26.50375404124
2011-08-01,II - DPFe,0.01739234576492
2011-08-01,III - DPMFi,10.163225589749997
2011-08-01,IV - DPFe,1.15811228709
2011-08-01,Oferta Pública,21.03131071465
2011-08-01,RESGATES,11.321337876839996
2011-08-01,Tesouro Direto,0.31534685442999993
2011-08-01,Tesouro Direto,0.12163908838000001
2011-08-01,Transferência de Carteira 3,0.0
2011-08-01,Trocas Oferta Pública,2.9920366285399997
2011-08-01,Trocas Oferta Pública,2.9920107094999997
2011-08-01,Vencimentos,6.474564396569998
2011-09-01,Cancelamentos,0.015143863329999998
2011-09-01,Compras,1.5014017702600004
2011-09-01,DPFe    (II - IV),-1.6246964188054471
2011-09-01,DPMFi    (I - III),13.298622769989999
2011-09-01,Dívida Contratual,0.052719521864553004
2011-09-01,Dívida Contratual,0.17870749973000005
2011-09-01,Dívida Mobiliária,0.0
2011-09-01,Dívida Mobiliária,1.49870844094
2011-09-01,EMISSÃO LÍQUIDA,11.673926351184553
2011-09-01,EMISSÕES,23.831116157984553
2011-09-01,Emissão Direta com Financeiro 1,0.09339020952
2011-09-01,Emissão Direta sem Financeiro 2,0.43310468030999993
2011-09-01,I - DPMFi,23.77839663612
2011-09-01,II - DPFe,0.052719521864553004
2011-09-01,III - DPMFi,10.479773866130001
2011-09-01,IV - DPFe,1.67741594067
2011-09-01,Oferta Pública,21.11076587317
2011-09-01,RESGATES,12.157189806800002
2011-09-01,Tesouro Direto,0.27965741824999996
2011-09-01,Tesouro Direto,0.11435475916000001
2011-09-01,Transferência de Carteira 3,0.0
2011-09-01,Trocas Oferta Pública,1.86147845487
2011-09-01,Trocas Oferta Pública,1.86145948153
2011-09-01,Vencimentos,6.9874139918500004
2011-10-01,Cancelamentos,0.00495844106
2011-10-01,Compras,0.11224683786
2011-10-01,DPFe    (II - IV),-5.160780500997517
2011-10-01,DPMFi    (I - III),-6.663992737109995
2011-10-01,Dívida Contratual,0.02690249097248
2011-10-01,Dívida Contratual,4.914571561589998
2011-10-01,Dívida Mobiliária,0.0
2011-10-01,Dívida Mobiliária,0.27311143038
2011-10-01,EMISSÃO LÍQUIDA,-11.824773238107511
2011-10-01,EMISSÕES,27.206333882632485
2011-10-01,Emissão Direta com Financeiro 1,0.08897408206
2011-10-01,Emissão Direta sem Financeiro 2,0.79900352437
2011-10-01,I - DPMFi,27.179431391660003
2011-10-01,II - DPFe,0.02690249097248
2011-10-01,III - DPMFi,33.843424128769996
2011-10-01,IV - DPFe,5.187682991969997
2011-10-01,Oferta Pública,21.950289059450004
2011-10-01,RESGATES,39.031107120739996
2011-10-01,Tesouro Direto,0.23019584293000003
2011-10-01,Tesouro Direto,0.0712588111
2011-10-01,Transferência de Carteira 3,0.0
2011-10-01,Trocas Oferta Pública,4.110968882849999
2011-10-01,Trocas Oferta Pública,4.1109499757800005
2011-10-01,Vencimentos,29.544010062970003
2011-11-01,Cancelamentos,0.006975526310000001
2011-11-01,Compras,0.0823418924
2011-11-01,DPFe    (II - IV),2.277526177706217
2011-11-01,DPMFi    (I - III),3.3877813913099963
2011-11-01,Dívida Contratual,0.476728320508717
2011-11-01,Dívida Contratual,0.12118757139999997
2011-11-01,Dívida Mobiliária,2.2592106246875
2011-11-01,Dívida Mobiliária,0.33722519608999996
2011-11-01,EMISSÃO LÍQUIDA,5.665307569016213
2011-11-01,EMISSÕES,39.96370391058622
2011-11-01,Emissão Direta com Financeiro 1,0.07615447395
2011-11-01,Emissão Direta sem Financeiro 2,0.08397124123000001
2011-11-01,I - DPMFi,37.22776496539
2011-11-01,II - DPFe,2.735938945196217
2011-11-01,III - DPMFi,33.83998357408
2011-11-01,IV - DPFe,0.45841276748999993
2011-11-01,Oferta Pública,26.8403865513
2011-11-01,RESGATES,34.298396341570005
2011-11-01,Tesouro Direto,0.26702758424
2011-11-01,Tesouro Direto,0.08411639894999999
2011-11-01,Transferência de Carteira 3,0.0
2011-11-01,Trocas Oferta Pública,9.96022511467
2011-11-01,Trocas Oferta Pública,9.960164328700001
2011-11-01,Vencimentos,23.706385427720004
2011-12-01,Cancelamentos,0.00607525201
2011-12-01,Compras,0.16462099052
2011-12-01,DPFe    (II - IV),-0.220190236055392
2011-12-01,DPMFi    (I - III),12.961900658980005
2011-12-01,Dívida Contratual,0.288145131834608
2011-12-01,Dívida Contratual,0.43934771090999997
2011-12-01,Dívida Mobiliária,0.0
2011-12-01,Dívida Mobiliária,0.06898765698
2011-12-01,EMISSÃO LÍQUIDA,12.741710422924612
2011-12-01,EMISSÕES,38.65712183498461
2011-12-01,Emissão Direta com Financeiro 1,0.49540101771
2011-12-01,Emissão Direta sem Financeiro 2,16.03761114782
2011-12-01,I - DPMFi,38.368976703150004
2011-12-01,II - DPFe,0.288145131834608
2011-12-01,III - DPMFi,25.407076044169997
2011-12-01,IV - DPFe,0.50833536789
2011-12-01,Oferta Pública,17.57272658671
2011-12-01,RESGATES,25.915411412059996
2011-12-01,Tesouro Direto,0.30968366616
2011-12-01,Tesouro Direto,0.08538983795999999
2011-12-01,Transferência de Carteira 3,0.0
2011-12-01,Trocas Oferta Pública,3.95355428475
2011-12-01,Trocas Oferta Pública,3.9535232923300003
2011-12-01,Vencimentos,21.197466671349996
2012-01-01,Cancelamentos,0.13867443660999998
2012-01-01,Compras,0.18423126861
2012-01-01,DPFe    (II - IV),-1.5482264764824998
2012-01-01,DPMFi    (I - III),-74.61275530183
2012-01-01,Dívida Contratual,0.029864981779999997
2012-01-01,Dívida Contratual,0.04636875611999999
2012-01-01,Dívida Mobiliária,1.7207952026175002
2012-01-01,Dívida Mobiliária,3.25251790476
2012-01-01,EMISSÃO LÍQUIDA,-76.1609817783125
2012-01-01,EMISSÕES,41.3094731825975
2012-01-01,Emissão Direta com Financeiro 1,0.12190339424000002
2012-01-01,Emissão Direta sem Financeiro 2,10.276952564480002
2012-01-01,I - DPMFi,39.558812998200004
2012-01-01,II - DPFe,1.7506601843975003
2012-01-01,III - DPMFi,114.17156830003
2012-01-01,IV - DPFe,3.29888666088
2012-01-01,Oferta Pública,25.32286165897
2012-01-01,RESGATES,117.47045496091
2012-01-01,Tesouro Direto,0.61625850831
2012-01-01,Tesouro Direto,0.64668460303
2012-01-01,Transferência de Carteira 3,-0.0858174034
2012-01-01,Trocas Oferta Pública,3.3066542756
2012-01-01,Trocas Oferta Pública,3.3066244320999996
2012-01-01,Vencimentos,109.89535355968
2012-02-01,Cancelamentos,61.200957229580006
2012-02-01,Compras,0.10662629679
2012-02-01,DPFe    (II - IV),-0.40605856082
2012-02-01,DPMFi    (I - III),19.05554047792997
2012-02-01,Dívida Contratual,0.00715512134
2012-02-01,Dívida Contratual,0.04306789682
2012-02-01,Dívida Mobiliária,0.0
2012-02-01,Dívida Mobiliária,0.37014578534000003
2012-02-01,EMISSÃO LÍQUIDA,18.64948191710997
2012-02-01,EMISSÕES,94.97588645266998
2012-02-01,Emissão Direta com Financeiro 1,0.00396096002
2012-02-01,Emissão Direta sem Financeiro 2,63.24523032829998
2012-02-01,I - DPMFi,94.96873133132998
2012-02-01,II - DPFe,0.00715512134
2012-02-01,III - DPMFi,75.91319085340001
2012-02-01,IV - DPFe,0.41321368216000004
2012-02-01,Oferta Pública,25.535907031449998
2012-02-01,RESGATES,76.32640453556002
2012-02-01,Tesouro Direto,0.28634915858999993
2012-02-01,Tesouro Direto,0.09891616828000002
2012-02-01,Transferência de Carteira 3,0.0
2012-02-01,Trocas Oferta Pública,5.897283852969999
2012-02-01,Trocas Oferta Pública,5.897265876700001
2012-02-01,Vencimentos,8.609425282050005
2012-03-01,Cancelamentos,0.014673286209999999
2012-03-01,Compras,0.11826648813
2012-03-01,DPFe    (II - IV),-0.6892051584799999
2012-03-01,DPMFi    (I - III),-1.291919676069996
2012-03-01,Dívida Contratual,0.01608591415
2012-03-01,Dívida Contratual,0.16236266417
2012-03-01,Dívida Mobiliária,0.0
2012-03-01,Dívida Mobiliária,0.5429284084599999
2012-03-01,EMISSÃO LÍQUIDA,-1.9811248345499959
2012-03-01,EMISSÕES,28.968195403340005
2012-03-01,Emissão Direta com Financeiro 1,0.18062841455
2012-03-01,Emissão Direta sem Financeiro 2,0.3124300096
2012-03-01,I - DPMFi,28.952109489190004
2012-03-01,II - DPFe,0.01608591415
2012-03-01,III - DPMFi,30.24402916526
2012-03-01,IV - DPFe,0.7052910726299999
2012-03-01,Oferta Pública,26.450305715320003
2012-03-01,RESGATES,30.94932023789
2012-03-01,Tesouro Direto,0.4541401932200001
2012-03-01,Tesouro Direto,0.37097377395
2012-03-01,Transferência de Carteira 3,-0.08489475403
2012-03-01,Trocas Oferta Pública,1.6394999105299999
2012-03-01,Trocas Oferta Pública,1.6394838123300002
2012-03-01,Vencimentos,28.10063180464
2012-04-01,Cancelamentos,0.00118110713
2012-04-01,Compras,0.18463335497000002
2012-04-01,DPFe    (II - IV),2.52889554714
2012-04-01,DPMFi    (I - III),4.43781617940385
2012-04-01,Dívida Contratual,0.01719671
2012-04-01,Dívida Contratual,0.28485443919
2012-04-01,Dívida Mobiliária,3.1161217499999996
2012-04-01,Dívida Mobiliária,0.31956847367
2012-04-01,EMISSÃO LÍQUIDA,6.96671172654385
2012-04-01,EMISSÕES,35.829529146510005
2012-04-01,Emissão Direta com Financeiro 1,0.0
2012-04-01,Emissão Direta sem Financeiro 2,0.6193999756299999
2012-04-01,I - DPMFi,32.69621068651
2012-04-01,II - DPFe,3.13331846
2012-04-01,III - DPMFi,28.25839450710615
2012-04-01,IV - DPFe,0.60442291286
2012-04-01,Oferta Pública,28.78640822004
2012-04-01,RESGATES,28.862817419966152
2012-04-01,Tesouro Direto,0.24054966946000003
2012-04-01,Tesouro Direto,0.08989317846
2012-04-01,Transferência de Carteira 3,0.0
2012-04-01,Trocas Oferta Pública,3.04985282138
2012-04-01,Trocas Oferta Pública,3.0498398683661523
2012-04-01,Vencimentos,24.93284699818
2012-05-01,Cancelamentos,0.00013659735
2012-05-01,Compras,0.18100841097
2012-05-01,DPFe    (II - IV),-2.4354568145731847
2012-05-01,DPMFi    (I - III),19.968470031219997
2012-05-01,Dívida Contratual,0.10947249346000001
2012-05-01,Dívida Contratual,0.11014770157
2012-05-01,Dívida Mobiliária,0.0
2012-05-01,Dívida Mobiliária,2.434781606463184
2012-05-01,EMISSÃO LÍQUIDA,17.53301321664681
2012-05-01,EMISSÕES,31.21620195789
2012-05-01,Emissão Direta com Financeiro 1,0.0
2012-05-01,Emissão Direta sem Financeiro 2,0.27520408137999997
2012-05-01,I - DPMFi,31.10672946443
2012-05-01,II - DPFe,0.10947249346000001
2012-05-01,III - DPMFi,11.138259433210001
2012-05-01,IV - DPFe,2.5449293080331845
2012-05-01,Oferta Pública,27.210406133689997
2012-05-01,RESGATES,13.683188741243185
2012-05-01,Tesouro Direto,0.30348161671
2012-05-01,Tesouro Direto,0.20465595210999998
2012-05-01,Transferência de Carteira 3,0.0
2012-05-01,Trocas Oferta Pública,3.3176376326499994
2012-05-01,Trocas Oferta Pública,3.3176291273099996
2012-05-01,Vencimentos,7.434829345470002
2012-06-01,Cancelamentos,44.19771759419
2012-06-01,Compras,0.43698057092
2012-06-01,DPFe    (II - IV),-0.5486468234400002
2012-06-01,DPMFi    (I - III),34.77206828749999
2012-06-01,Dívida Contratual,0.16034603051000001
2012-06-01,Dívida Contratual,0.5276711030000001
2012-06-01,Dívida Mobiliária,0.0
2012-06-01,Dívida Mobiliária,0.18132175095000003
2012-06-01,EMISSÃO LÍQUIDA,34.22342146405999
2012-06-01,EMISSÕES,85.51556734081
2012-06-01,Emissão Direta com Financeiro 1,0.0
2012-06-01,Emissão Direta sem Financeiro 2,57.383941347029996
2012-06-01,I - DPMFi,85.3552213103
2012-06-01,II - DPFe,0.16034603051000001
2012-06-01,III - DPMFi,50.583153022800005
2012-06-01,IV - DPFe,0.7089928539500001
2012-06-01,Oferta Pública,22.297301731559998
2012-06-01,RESGATES,51.292145876750006
2012-06-01,Tesouro Direto,0.26653801465000004
2012-06-01,Tesouro Direto,0.11081849074
2012-06-01,Transferência de Carteira 3,0.0
2012-06-01,Trocas Oferta Pública,5.40744021706
2012-06-01,Trocas Oferta Pública,5.4073952064999995
2012-06-01,Vencimentos,0.43024116045000005
2012-07-01,Cancelamentos,0.09474568364000002
2012-07-01,Compras,0.44922349471
2012-07-01,DPFe    (II - IV),-2.06051760826
2012-07-01,DPMFi    (I - III),-107.39764091303002
2012-07-01,Dívida Contratual,0.17900678002
2012-07-01,Dívida Contratual,0.06136459395
2012-07-01,Dívida Mobiliária,0.0
2012-07-01,Dívida Mobiliária,2.17815979433
2012-07-01,EMISSÃO LÍQUIDA,-109.45815852129002
2012-07-01,EMISSÕES,36.33535009419
2012-07-01,Emissão Direta com Financeiro 1,0.0
2012-07-01,Emissão Direta sem Financeiro 2,0.45277363130000003
2012-07-01,I - DPMFi,36.15634331417
2012-07-01,II - DPFe,0.17900678002
2012-07-01,III - DPMFi,143.5539842272
2012-07-01,IV - DPFe,2.23952438828
2012-07-01,Oferta Pública,32.73155685445
2012-07-01,RESGATES,145.79350861548002
2012-07-01,Tesouro Direto,0.22591673797
2012-07-01,Tesouro Direto,0.15238815721999996
2012-07-01,Transferência de Carteira 3,0.0
2012-07-01,Trocas Oferta Pública,2.74609609045
2012-07-01,Trocas Oferta Pública,2.74606903845
2012-07-01,Vencimentos,140.11155785318002
2012-08-01,Cancelamentos,0.0064428709599999995
2012-08-01,Compras,4.712214432690001
2012-08-01,DPFe    (II - IV),-0.25859682001000006
2012-08-01,DPMFi    (I - III),-28.317500073490017
2012-08-01,Dívida Contratual,0.10239349602999999
2012-08-01,Dívida Contratual,0.04825456463
2012-08-01,Dívida Mobiliária,0.0
2012-08-01,Dívida Mobiliária,0.31273575141000004
2012-08-01,EMISSÃO LÍQUIDA,-28.576096893500015
2012-08-01,EMISSÕES,39.94952427163
2012-08-01,Emissão Direta com Financeiro 1,0.0
2012-08-01,Emissão Direta sem Financeiro 2,0.11809446885999998
2012-08-01,I - DPMFi,39.84713077559999
2012-08-01,II - DPFe,0.10239349602999999
2012-08-01,III - DPMFi,68.16463084909002
2012-08-01,IV - DPFe,0.36099031604000004
2012-08-01,Oferta Pública,24.38393838502
2012-08-01,RESGATES,68.52562116513
2012-08-01,Tesouro Direto,0.37218639071
2012-08-01,Tesouro Direto,0.47498717983999983
2012-08-01,Transferência de Carteira 3,0.0
2012-08-01,Trocas Oferta Pública,14.97291153101
2012-08-01,Trocas Oferta Pública,14.972868474510003
2012-08-01,Vencimentos,47.998117891090004
2012-09-01,Cancelamentos,0.00340788099
2012-09-01,Compras,2.96074953621
2012-09-01,DPFe    (II - IV),-0.05389548474144976
2012-09-01,DPMFi    (I - III),23.58192261085999
2012-09-01,Dívida Contratual,0.11725873736
2012-09-01,Dívida Contratual,0.17875092698
2012-09-01,Dívida Mobiliária,2.712836448
2012-09-01,Dívida Mobiliária,2.70523974312145
2012-09-01,EMISSÃO LÍQUIDA,23.52802712611854
2012-09-01,EMISSÕES,61.87451688787
2012-09-01,Emissão Direta com Financeiro 1,0.0
2012-09-01,Emissão Direta sem Financeiro 2,21.446813933770002
2012-09-01,I - DPMFi,59.04442170251
2012-09-01,II - DPFe,2.83009518536
2012-09-01,III - DPMFi,35.46249909165001
2012-09-01,IV - DPFe,2.8839906701014497
2012-09-01,Oferta Pública,31.203355507850002
2012-09-01,RESGATES,38.34648976175146
2012-09-01,Tesouro Direto,0.22019774435
2012-09-01,Tesouro Direto,0.10643322315
2012-09-01,Transferência de Carteira 3,0.0
2012-09-01,Trocas Oferta Pública,6.17405451654
2012-09-01,Trocas Oferta Pública,6.174004444600001
2012-09-01,Vencimentos,26.217904006700003
2012-10-01,Cancelamentos,0.01177201429
2012-10-01,Compras,0.31496910606
2012-10-01,DPFe    (II - IV),-0.3894874938699999
2012-10-01,DPMFi    (I - III),22.816174604179995
2012-10-01,Dívida Contratual,0.23029386568000002
2012-10-01,Dívida Contratual,0.30328209576
2012-10-01,Dívida Mobiliária,0.0
2012-10-01,Dívida Mobiliária,0.31649926379
2012-10-01,EMISSÃO LÍQUIDA,22.426687110309995
2012-10-01,EMISSÕES,47.96307076947
2012-10-01,Emissão Direta com Financeiro 1,0.0
2012-10-01,Emissão Direta sem Financeiro 2,20.385838756049996
2012-10-01,I - DPMFi,47.73277690379
2012-10-01,II - DPFe,0.23029386568000002
2012-10-01,III - DPMFi,24.916602299610005
2012-10-01,IV - DPFe,0.6197813595499999
2012-10-01,Oferta Pública,25.629476183140003
2012-10-01,RESGATES,25.536383659160006
2012-10-01,Tesouro Direto,0.25163541734
2012-10-01,Tesouro Direto,0.11379637121
2012-10-01,Transferência de Carteira 3,0.0
2012-10-01,Trocas Oferta Pública,1.4658265472599996
2012-10-01,Trocas Oferta Pública,1.46580325723
2012-10-01,Vencimentos,23.010261550820005
2012-11-01,Cancelamentos,0.00096881384
2012-11-01,Compras,0.46952916059
2012-11-01,DPFe    (II - IV),-0.19881756510004497
2012-11-01,DPMFi    (I - III),1.1135981651200126
2012-11-01,Dívida Contratual,0.38117454626
2012-11-01,Dívida Contratual,0.14941051425000001
2012-11-01,Dívida Mobiliária,0.0
2012-11-01,Dívida Mobiliária,0.43058159711004496
2012-11-01,EMISSÃO LÍQUIDA,0.9147806000199677
2012-11-01,EMISSÕES,30.45083661538001
2012-11-01,Emissão Direta com Financeiro 1,0.0
2012-11-01,Emissão Direta sem Financeiro 2,0.33306385798
2012-11-01,I - DPMFi,30.069662069120007
2012-11-01,II - DPFe,0.38117454626
2012-11-01,III - DPMFi,28.956063903999993
2012-11-01,IV - DPFe,0.579992111360045
2012-11-01,Oferta Pública,22.621257076100004
2012-11-01,RESGATES,29.536056015360042
2012-11-01,Tesouro Direto,0.21757464288
2012-11-01,Tesouro Direto,0.19168637421000007
2012-11-01,Transferência de Carteira 3,0.0
2012-11-01,Trocas Oferta Pública,6.89776649216
2012-11-01,Trocas Oferta Pública,6.897747649109999
2012-11-01,Vencimentos,21.396131906249998
2012-12-01,Cancelamentos,0.016618199900000002
2012-12-01,Compras,16.25006885749
2012-12-01,DPFe    (II - IV),-0.03689078762000007
2012-12-01,DPMFi    (I - III),25.61805841448
2012-12-01,Dívida Contratual,0.75477761481
2012-12-01,Dívida Contratual,0.5535336078800001
2012-12-01,Dívida Mobiliária,0.0
2012-12-01,Dívida Mobiliária,0.23813479455
2012-12-01,EMISSÃO LÍQUIDA,25.58116762686
2012-12-01,EMISSÕES,62.196705584360004
2012-12-01,Emissão Direta com Financeiro 1,0.0
2012-12-01,Emissão Direta sem Financeiro 2,16.02389329611
2012-12-01,I - DPMFi,61.44192796955
2012-12-01,II - DPFe,0.75477761481
2012-12-01,III - DPMFi,35.82386955507
2012-12-01,IV - DPFe,0.7916684024300001
2012-12-01,Oferta Pública,26.06401551407
2012-12-01,RESGATES,36.615537957499996
2012-12-01,Tesouro Direto,0.20521392148999995
2012-12-01,Tesouro Direto,0.09609021878
2012-12-01,Transferência de Carteira 3,0.0
2012-12-01,Trocas Oferta Pública,19.148805237879998
2012-12-01,Trocas Oferta Pública,19.148765562349997
2012-12-01,Vencimentos,0.31232671654999994
2013-01-01,Cancelamentos,0.00308786645
2013-01-01,Compras,0.2255460105
2013-01-01,DPFe    (II - IV),-2.0741792070900003
2013-01-01,DPMFi    (I - III),-96.10348702227996
2013-01-01,Dívida Contratual,0.01700080915
2013-01-01,Dívida Contratual,0.06725105772999998
2013-01-01,Dívida Mobiliária,0.0
2013-01-01,Dívida Mobiliária,2.02392895851
2013-01-01,EMISSÃO LÍQUIDA,-98.17766622936996
2013-01-01,EMISSÕES,25.57676113529
2013-01-01,Emissão Direta com Financeiro 1,0.18563997255
2013-01-01,Emissão Direta sem Financeiro 2,0.016718395549999997
2013-01-01,I - DPMFi,25.55976032614
2013-01-01,II - DPFe,0.01700080915
2013-01-01,III - DPMFi,121.66324734841997
2013-01-01,IV - DPFe,2.09118001624
2013-01-01,Oferta Pública,22.85880281558
2013-01-01,Pagamento de Dividendos4,0.0
2013-01-01,RESGATES,123.75442736465997
2013-01-01,Tesouro Direto,0.6305991364300001
2013-01-01,Tesouro Direto,1.0279365618400007
2013-01-01,Transferência de Carteira 3,0.0
2013-01-01,Trocas Oferta Pública,1.86800000603
2013-01-01,Trocas Oferta Pública,1.8679583968700004
2013-01-01,Vencimentos,118.53871851275997
2013-02-01,Cancelamentos,0.01390215406
2013-02-01,Compras,0.58175808437
2013-02-01,DPFe    (II - IV),-0.44085782320999994
2013-02-01,DPMFi    (I - III),10.425223581689998
2013-02-01,Dívida Contratual,0.00052072235
2013-02-01,Dívida Contratual,0.04590244505999999
2013-02-01,Dívida Mobiliária,0.0
2013-02-01,Dívida Mobiliária,0.3954761005
2013-02-01,EMISSÃO LÍQUIDA,9.984365758479997
2013-02-01,EMISSÕES,23.387800489729997
2013-02-01,Emissão Direta com Financeiro 1,0.0029456487
2013-02-01,Emissão Direta sem Financeiro 2,0.37205454341000005
2013-02-01,I - DPMFi,23.387279767379997
2013-02-01,II - DPFe,0.00052072235
2013-02-01,III - DPMFi,12.96205618569
2013-02-01,IV - DPFe,0.44137854555999995
2013-02-01,Oferta Pública,21.74445004207
2013-02-01,Pagamento de Dividendos4,0.0
2013-02-01,RESGATES,13.40343473125
2013-02-01,Tesouro Direto,0.236075031
2013-02-01,Tesouro Direto,0.25372084441
2013-02-01,Transferência de Carteira 3,0.0
2013-02-01,Trocas Oferta Pública,1.0317545022
2013-02-01,Trocas Oferta Pública,1.0317353631800001
2013-02-01,Vencimentos,11.08093973967
2013-03-01,Cancelamentos,0.00742250551
2013-03-01,Compras,0.29911609603
2013-03-01,DPFe    (II - IV),-0.8046682052300002
2013-03-01,DPMFi    (I - III),-28.180607437189988
2013-03-01,Dívida Contratual,0.00926852872
2013-03-01,Dívida Contratual,0.16852646312000003
2013-03-01,Dívida Mobiliária,0.0
2013-03-01,Dívida Mobiliária,0.64541027083
2013-03-01,EMISSÃO LÍQUIDA,-28.985275642419985
2013-03-01,EMISSÕES,33.12719585411001
2013-03-01,Emissão Direta com Financeiro 1,0.27838470351
2013-03-01,Emissão Direta sem Financeiro 2,0.16372613155999993
2013-03-01,I - DPMFi,33.11792732539001
2013-03-01,II - DPFe,0.00926852872
2013-03-01,III - DPMFi,61.29853476258
2013-03-01,IV - DPFe,0.8139367339500001
2013-03-01,Oferta Pública,28.635442526380004
2013-03-01,Pagamento de Dividendos4,0.0
2013-03-01,RESGATES,62.11247149653
2013-03-01,Tesouro Direto,0.2702858703
2013-03-01,Tesouro Direto,0.29161307768000005
2013-03-01,Transferência de Carteira 3,0.0
2013-03-01,Trocas Oferta Pública,3.7700880936399996
2013-03-01,Trocas Oferta Pública,3.77006576252
2013-03-01,Vencimentos,56.930317320840004
2013-04-01,Cancelamentos,0.00226695708
2013-04-01,Compras,0.43831617892999997
2013-04-01,DPFe    (II - IV),-0.5285695270980001
2013-04-01,DPMFi    (I - III),-15.611631123769985
2013-04-01,Dívida Contratual,0.29360260151
2013-04-01,Dívida Contratual,0.29037081408
2013-04-01,Dívida Mobiliária,0.0
2013-04-01,Dívida Mobiliária,0.5318013145280001
2013-04-01,EMISSÃO LÍQUIDA,-16.140200650867985
2013-04-01,EMISSÕES,39.406431305210006
2013-04-01,Emissão Direta com Financeiro 1,0.54926471231
2013-04-01,Emissão Direta sem Financeiro 2,0.10315608545999999
2013-04-01,I - DPMFi,39.1128287037
2013-04-01,II - DPFe,0.29360260151
2013-04-01,III - DPMFi,54.72445982746999
2013-04-01,IV - DPFe,0.822172128608
2013-04-01,Oferta Pública,36.36174833178
2013-04-01,Pagamento de Dividendos4,0.0
2013-04-01,RESGATES,55.54663195607799
2013-04-01,Tesouro Direto,0.22964430904000002
2013-04-01,Tesouro Direto,0.16069704188
2013-04-01,Transferência de Carteira 3,0.0
2013-04-01,Trocas Oferta Pública,1.8690152651100003
2013-04-01,Trocas Oferta Pública,1.8689959230999997
2013-04-01,Vencimentos,52.254183726479994
2013-05-01,Cancelamentos,0.00409854001
2013-05-01,Compras,0.27314209572000003
2013-05-01,DPFe    (II - IV),0.6036348370008241
2013-05-01,DPMFi    (I - III),-27.83974757218001
2013-05-01,Dívida Contratual,0.10902792836
2013-05-01,Dívida Contratual,0.73706850562
2013-05-01,Dívida Mobiliária,1.6183196540400828
2013-05-01,Dívida Mobiliária,0.386644239779259
2013-05-01,EMISSÃO LÍQUIDA,-27.236112735179184
2013-05-01,EMISSÕES,37.85620406613008
2013-05-01,Emissão Direta com Financeiro 1,0.42815034594
2013-05-01,Emissão Direta sem Financeiro 2,2.03669059636
2013-05-01,I - DPMFi,36.12885648373
2013-05-01,II - DPFe,1.727347582400083
2013-05-01,III - DPMFi,63.968604055910006
2013-05-01,IV - DPFe,1.1237127453992588
2013-05-01,Oferta Pública,27.44066446236
2013-05-01,Pagamento de Dividendos4,0.0
2013-05-01,RESGATES,65.09231680130927
2013-05-01,Tesouro Direto,0.18929292773
2013-05-01,Tesouro Direto,0.20034162561000007
2013-05-01,Transferência de Carteira 3,0.0
2013-05-01,Trocas Oferta Pública,6.03405815134
2013-05-01,Trocas Oferta Pública,6.034044009160001
2013-05-01,Vencimentos,57.45697778541
2013-06-01,Cancelamentos,0.0025538696200000004
2013-06-01,Compras,3.2584345742800003
2013-06-01,DPFe    (II - IV),-7.2677005993452495
2013-06-01,DPMFi    (I - III),39.00535355010002
2013-06-01,Dívida Contratual,0.030569710590000004
2013-06-01,Dívida Contratual,5.590187858259999
2013-06-01,Dívida Mobiliária,0.0
2013-06-01,Dívida Mobiliária,1.70808245167525
2013-06-01,EMISSÃO LÍQUIDA,31.737652950754768
2013-06-01,EMISSÕES,61.47032028633001
2013-06-01,Emissão Direta com Financeiro 1,0.05083420212
2013-06-01,Emissão Direta sem Financeiro 2,23.048131117219995
2013-06-01,I - DPMFi,61.43975057574001
2013-06-01,II - DPFe,0.030569710590000004
2013-06-01,III - DPMFi,22.434397025639996
2013-06-01,IV - DPFe,7.2982703099352495
2013-06-01,Oferta Pública,34.04817297004
2013-06-01,Pagamento de Dividendos4,0.0
2013-06-01,RESGATES,29.732667335575243
2013-06-01,Tesouro Direto,0.36259645956
2013-06-01,Tesouro Direto,0.23432785328999994
2013-06-01,Transferência de Carteira 3,0.0
2013-06-01,Trocas Oferta Pública,3.9300158267999996
2013-06-01,Trocas Oferta Pública,3.9299980307099993
2013-06-01,Vencimentos,15.009082697739995
2013-07-01,Cancelamentos,0.00090822283
2013-07-01,Compras,0.26576519401000004
2013-07-01,DPFe    (II - IV),-1.4884179815267016
2013-07-01,DPMFi    (I - III),-45.85693183554001
2013-07-01,Dívida Contratual,0.7837670272
2013-07-01,Dívida Contratual,0.06829320444999999
2013-07-01,Dívida Mobiliária,0.0
2013-07-01,Dívida Mobiliária,2.2038918042767017
2013-07-01,EMISSÃO LÍQUIDA,-47.34534981706672
2013-07-01,EMISSÕES,38.093464938089994
2013-07-01,Emissão Direta com Financeiro 1,0.21573809861999999
2013-07-01,Emissão Direta sem Financeiro 2,0.63820265404
2013-07-01,I - DPMFi,37.30969791088999
2013-07-01,II - DPFe,0.7837670272
2013-07-01,III - DPMFi,83.16662974643
2013-07-01,IV - DPFe,2.2721850087267015
2013-07-01,Oferta Pública,33.52138870571
2013-07-01,Pagamento de Dividendos4,0.0
2013-07-01,RESGATES,85.43881475515671
2013-07-01,Tesouro Direto,0.27052212718
2013-07-01,Tesouro Direto,0.18298306794999997
2013-07-01,Transferência de Carteira 3,0.0
2013-07-01,Trocas Oferta Pública,2.66384632534
2013-07-01,Trocas Oferta Pública,2.66383148169
2013-07-01,Vencimentos,80.05314177995001
2013-08-01,Cancelamentos,0.024981846529999987
2013-08-01,Compras,4.594905782440001
2013-08-01,DPFe    (II - IV),-0.26680121272
2013-08-01,DPMFi    (I - III),17.545218863159654
2013-08-01,Dívida Contratual,0.08740860753999999
2013-08-01,Dívida Contratual,0.03680747298
2013-08-01,Dívida Mobiliária,0.0
2013-08-01,Dívida Mobiliária,0.31740234728
2013-08-01,EMISSÃO LÍQUIDA,17.278417650439653
2013-08-01,EMISSÕES,40.33019769945
2013-08-01,Emissão Direta com Financeiro 1,0.0
2013-08-01,Emissão Direta sem Financeiro 2,1.46097597592
2013-08-01,I - DPMFi,40.242789091910005
2013-08-01,II - DPFe,0.08740860753999999
2013-08-01,III - DPMFi,22.697570228750347
2013-08-01,IV - DPFe,0.35420982026000003
2013-08-01,Oferta Pública,32.614766754
2013-08-01,Pagamento de Dividendos4,0.0
2013-08-01,RESGATES,23.051780049010347
2013-08-01,Tesouro Direto,0.27336833567999996
2013-08-01,Tesouro Direto,0.16224127625
2013-08-01,Transferência de Carteira 3,0.0
2013-08-01,Trocas Oferta Pública,5.893678026309999
2013-08-01,Trocas Oferta Pública,5.89365628217
2013-08-01,Vencimentos,12.021785041360348
2013-09-01,Cancelamentos,0.06605228878
2013-09-01,Compras,0.57131496174
2013-09-01,DPFe    (II - IV),-0.32513073139
2013-09-01,DPMFi    (I - III),-13.513753203060006
2013-09-01,Dívida Contratual,0.04516421534
2013-09-01,Dívida Contratual,0.04514623093
2013-09-01,Dívida Mobiliária,0.0
2013-09-01,Dívida Mobiliária,0.3251487158
2013-09-01,EMISSÃO LÍQUIDA,-13.838883934450005
2013-09-01,EMISSÕES,56.01922679882999
2013-09-01,Emissão Direta com Financeiro 1,0.38955682162
2013-09-01,Emissão Direta sem Financeiro 2,2.08357984256
2013-09-01,I - DPMFi,55.97406258348999
2013-09-01,II - DPFe,0.04516421534
2013-09-01,III - DPMFi,69.48781578655
2013-09-01,IV - DPFe,0.37029494673
2013-09-01,Oferta Pública,52.055185462889995
2013-09-01,Pagamento de Dividendos4,0.0
2013-09-01,RESGATES,69.85811073328
2013-09-01,Tesouro Direto,0.25214690285999997
2013-09-01,Tesouro Direto,0.10886953360000001
2013-09-01,Transferência de Carteira 3,0.0
2013-09-01,Trocas Oferta Pública,1.19359355356
2013-09-01,Trocas Oferta Pública,1.1935854921700002
2013-09-01,Vencimentos,67.54799351026
2013-10-01,Cancelamentos,0.0030514371200000005
2013-10-01,Compras,0.93112210754
2013-10-01,DPFe    (II - IV),-3.3564198301200006
2013-10-01,DPMFi    (I - III),18.620836094690006
2013-10-01,Dívida Contratual,0.18409437417000002
2013-10-01,Dívida Contratual,0.17163787072
2013-10-01,Dívida Mobiliária,0.0
2013-10-01,Dívida Mobiliária,3.36887633357
2013-10-01,EMISSÃO LÍQUIDA,15.264416264570006
2013-10-01,EMISSÕES,40.71980447474
2013-10-01,Emissão Direta com Financeiro 1,0.47365759328999996
2013-10-01,Emissão Direta sem Financeiro 2,2.4599803184099995
2013-10-01,I - DPMFi,40.53571010057
2013-10-01,II - DPFe,0.18409437417000002
2013-10-01,III - DPMFi,21.914874005879994
2013-10-01,IV - DPFe,3.54051420429
2013-10-01,Oferta Pública,36.231111715059996
2013-10-01,Pagamento de Dividendos4,0.0
2013-10-01,RESGATES,25.455388210169996
2013-10-01,Tesouro Direto,0.23580727725
2013-10-01,Tesouro Direto,0.12884505422999998
2013-10-01,Transferência de Carteira 3,0.0
2013-10-01,Trocas Oferta Pública,1.13515319656
2013-10-01,Trocas Oferta Pública,1.13513793319
2013-10-01,Vencimentos,19.716717473799996
2013-11-01,Cancelamentos,0.11911878222000001
2013-11-01,Compras,0.6128021394500001
2013-11-01,DPFe    (II - IV),2.0735234807800005
2013-11-01,DPMFi    (I - III),20.65561109509348
2013-11-01,Dívida Contratual,0.06299843806
2013-11-01,Dívida Contratual,0.09659769995
2013-11-01,Dívida Mobiliária,7.284588876500001
2013-11-01,Dívida Mobiliária,5.17746613383
2013-11-01,EMISSÃO LÍQUIDA,22.72913457587348
2013-11-01,EMISSÕES,37.063051809503484
2013-11-01,Emissão Direta com Financeiro 1,0.24096131335999998
2013-11-01,Emissão Direta sem Financeiro 2,0.08793742311999998
2013-11-01,I - DPMFi,29.715464494943486
2013-11-01,II - DPFe,7.347587314560001
2013-11-01,III - DPMFi,9.059853399850006
2013-11-01,IV - DPFe,5.27406383378
2013-11-01,Oferta Pública,26.701110766670002
2013-11-01,Pagamento de Dividendos4,0.0
2013-11-01,RESGATES,14.333917233630007
2013-11-01,Tesouro Direto,0.31388419675
2013-11-01,Tesouro Direto,0.15957536832999997
2013-11-01,Transferência de Carteira 3,0.0
2013-11-01,Trocas Oferta Pública,2.3715707950434832
2013-11-01,Trocas Oferta Pública,2.3715495336899997
2013-11-01,Vencimentos,5.796807576160004
2013-12-01,Cancelamentos,0.02076972657
2013-12-01,Compras,0.30749890799
2013-12-01,DPFe    (II - IV),-5.6254581020600005
2013-12-01,DPMFi    (I - III),37.15763148381001
2013-12-01,Dívida Contratual,0.06850565414000001
2013-12-01,Dívida Contratual,0.6469060331
2013-12-01,Dívida Mobiliária,0.0
2013-12-01,Dívida Mobiliária,5.047057723100001
2013-12-01,EMISSÃO LÍQUIDA,31.532173381750006
2013-12-01,EMISSÕES,45.2510017605
2013-12-01,Emissão Direta com Financeiro 1,0.12787595801999999
2013-12-01,Emissão Direta sem Financeiro 2,26.334290805880002
2013-12-01,I - DPMFi,45.182496106360006
2013-12-01,II - DPFe,0.06850565414000001
2013-12-01,III - DPMFi,8.02486462255
2013-12-01,IV - DPFe,5.6939637562000005
2013-12-01,Oferta Pública,15.78976909622
2013-12-01,Pagamento de Dividendos4,0.0
2013-12-01,RESGATES,13.71882837875
2013-12-01,Tesouro Direto,0.41385348986000003
2013-12-01,Tesouro Direto,0.11090982210000001
2013-12-01,Transferência de Carteira 3,0.0
2013-12-01,Trocas Oferta Pública,2.5167067563800005
2013-12-01,Trocas Oferta Pública,2.51667242423
2013-12-01,Vencimentos,5.06901374166
2014-01-01,Cancelamentos,0.00022742518
2014-01-01,Compras,0.5991928838899999
2014-01-01,DPFe    (II - IV),-1.6613970852900002
2014-01-01,DPMFi    (I - III),-98.44272374920561
2014-01-01,Dívida Contratual,0.6158307874199999
2014-01-01,Dívida Contratual,0.07045069453000001
2014-01-01,Dívida Mobiliária,0.0
2014-01-01,Dívida Mobiliária,2.2067771781800003
2014-01-01,EMISSÃO LÍQUIDA,-100.1041208344956
2014-01-01,EMISSÕES,35.31682662989437
2014-01-01,Emissão Direta com Financeiro 1,0.31701196871
2014-01-01,Emissão Direta sem Financeiro 2,0.12255928219999998
2014-01-01,I - DPMFi,34.70099584247438
2014-01-01,II - DPFe,0.6158307874199999
2014-01-01,III - DPMFi,133.14371959168
2014-01-01,IV - DPFe,2.27722787271
2014-01-01,Oferta Pública,31.919612186810006
2014-01-01,Pagamento de Dividendos4,0.0
2014-01-01,RESGATES,135.42094746439
2014-01-01,Tesouro Direto,0.66591672062
2014-01-01,Tesouro Direto,0.6229798646600002
2014-01-01,Transferência de Carteira 3,-0.82665351903
2014-01-01,Trocas Oferta Pública,2.502549203164364
2014-01-01,Trocas Oferta Pública,2.50253393728
2014-01-01,Vencimentos,129.41878548066998
2014-02-01,Cancelamentos,0.0012786478099999997
2014-02-01,Compras,2.6283184841700002
2014-02-01,DPFe    (II - IV),-1.7195517015399997
2014-02-01,DPMFi    (I - III),8.18902423429105
2014-02-01,Dívida Contratual,0.21506799478000005
2014-02-01,Dívida Contratual,0.03589221815
2014-02-01,Dívida Mobiliária,0.0
2014-02-01,Dívida Mobiliária,1.8987274781699999
2014-02-01,EMISSÃO LÍQUIDA,6.469472532751049
2014-02-01,EMISSÕES,27.38568043044106
2014-02-01,Emissão Direta com Financeiro 1,0.0
2014-02-01,Emissão Direta sem Financeiro 2,0.05405775092
2014-02-01,I - DPMFi,27.170612435661056
2014-02-01,II - DPFe,0.21506799478000005
2014-02-01,III - DPMFi,18.981588201370005
2014-02-01,IV - DPFe,1.9346196963199997
2014-02-01,Oferta Pública,25.781965392254524
2014-02-01,Pagamento de Dividendos4,1.9999978376199998
2014-02-01,RESGATES,20.916207897690004
2014-02-01,Tesouro Direto,0.40496974955
2014-02-01,Tesouro Direto,0.14259141093999994
2014-02-01,Transferência de Carteira 3,0.0
2014-02-01,Trocas Oferta Pública,0.9296195429365339
2014-02-01,Trocas Oferta Pública,0.9296085304799999
2014-02-01,Vencimentos,13.279793290350005
2014-03-01,Cancelamentos,0.00127409474
2014-03-01,Compras,0.20727172305999997
2014-03-01,DPFe    (II - IV),-0.08824057439000002
2014-03-01,DPMFi    (I - III),-3.214136755480016
2014-03-01,Dívida Contratual,0.11637395759
2014-03-01,Dívida Contratual,0.04565138801
2014-03-01,Dívida Mobiliária,0.0
2014-03-01,Dívida Mobiliária,0.15896314397
2014-03-01,EMISSÃO LÍQUIDA,-3.302377329870016
2014-03-01,EMISSÕES,60.06363569514
2014-03-01,Emissão Direta com Financeiro 1,0.0
2014-03-01,Emissão Direta sem Financeiro 2,0.3065813436
2014-03-01,I - DPMFi,59.94726173755
2014-03-01,II - DPFe,0.11637395759
2014-03-01,III - DPMFi,63.16139849303001
2014-03-01,IV - DPFe,0.20461453198000001
2014-03-01,Oferta Pública,57.96696614535
2014-03-01,Pagamento de Dividendos4,0.0
2014-03-01,RESGATES,63.36601302501001
2014-03-01,Tesouro Direto,0.45758143773000004
2014-03-01,Tesouro Direto,0.17062233048
2014-03-01,Transferência de Carteira 3,0.0
2014-03-01,Trocas Oferta Pública,1.21613281087
2014-03-01,Trocas Oferta Pública,1.21612678596
2014-03-01,Vencimentos,61.56610355879001
2014-04-01,Cancelamentos,0.01200022295
2014-04-01,Compras,0.24612814721999998
2014-04-01,DPFe    (II - IV),2.7588760368600003
2014-04-01,DPMFi    (I - III),-50.364327413390015
2014-04-01,Dívida Contratual,0.00871104
2014-04-01,Dívida Contratual,0.16942585262000004
2014-04-01,Dívida Mobiliária,3.1219263
2014-04-01,Dívida Mobiliária,0.20233545052000002
2014-04-01,EMISSÃO LÍQUIDA,-47.60545137653001
2014-04-01,EMISSÕES,45.87792655319
2014-04-01,Emissão Direta com Financeiro 1,0.30010787513
2014-04-01,Emissão Direta sem Financeiro 2,0.13189050247999998
2014-04-01,I - DPMFi,42.74728921319
2014-04-01,II - DPFe,3.1306373400000003
2014-04-01,III - DPMFi,93.11161662658002
2014-04-01,IV - DPFe,0.37176130314000005
2014-04-01,Oferta Pública,41.18973072303001
2014-04-01,Pagamento de Dividendos4,0.0
2014-04-01,RESGATES,93.48337792972
2014-04-01,Tesouro Direto,0.38014534940999994
2014-04-01,Tesouro Direto,0.08444999008
2014-04-01,Transferência de Carteira 3,0.0
2014-04-01,Trocas Oferta Pública,0.74541476314
2014-04-01,Trocas Oferta Pública,0.7454061533799999
2014-04-01,Vencimentos,92.02363211295001
2014-05-01,Cancelamentos,0.00535347588
2014-05-01,Compras,0.32682134835
2014-05-01,DPFe    (II - IV),-0.25797079684
2014-05-01,DPMFi    (I - III),51.23896740391
2014-05-01,Dívida Contratual,0.13771660185
2014-05-01,Dívida Contratual,0.10908361841000001
2014-05-01,Dívida Mobiliária,0.0
2014-05-01,Dívida Mobiliária,0.28660378027999994
2014-05-01,EMISSÃO LÍQUIDA,50.980996607070004
2014-05-01,EMISSÕES,59.24359621532001
2014-05-01,Emissão Direta com Financeiro 1,0.0
2014-05-01,Emissão Direta sem Financeiro 2,1.2452394116399998
2014-05-01,I - DPMFi,59.10587961347001
2014-05-01,II - DPFe,0.13771660185
2014-05-01,III - DPMFi,7.866912209560001
2014-05-01,IV - DPFe,0.39568739869
2014-05-01,Oferta Pública,56.478016083730004
2014-05-01,Pagamento de Dividendos4,0.0
2014-05-01,RESGATES,8.262599608250001
2014-05-01,Tesouro Direto,0.39965750513
2014-05-01,Tesouro Direto,0.16229175350000002
2014-05-01,Transferência de Carteira 3,0.0
2014-05-01,Trocas Oferta Pública,0.98296661297
2014-05-01,Trocas Oferta Pública,0.9829552027799999
2014-05-01,Vencimentos,6.389490429050001
2014-06-01,Cancelamentos,0.00072271884
2014-06-01,Compras,0.32804476378
2014-06-01,DPFe    (II - IV),-0.8097885013199999
2014-06-01,DPMFi    (I - III),65.05594871821
2014-06-01,Dívida Contratual,0.040376542
2014-06-01,Dívida Contratual,0.7182570305799999
2014-06-01,Dívida Mobiliária,0.0
2014-06-01,Dívida Mobiliária,0.13190801274
2014-06-01,EMISSÃO LÍQUIDA,64.24616021689
2014-06-01,EMISSÕES,66.73112731316
2014-06-01,Emissão Direta com Financeiro 1,0.0
2014-06-01,Emissão Direta sem Financeiro 2,30.37244245667
2014-06-01,I - DPMFi,66.69075077116
2014-06-01,II - DPFe,0.040376542
2014-06-01,III - DPMFi,1.63480205295
2014-06-01,IV - DPFe,0.8501650433199999
2014-06-01,Oferta Pública,35.037581067809995
2014-06-01,Pagamento de Dividendos4,0.0
2014-06-01,RESGATES,2.4849670962699997
2014-06-01,Tesouro Direto,0.30810595881999997
2014-06-01,Tesouro Direto,0.09256830517
2014-06-01,Transferência de Carteira 3,0.0
2014-06-01,Trocas Oferta Pública,0.97262128786
2014-06-01,Trocas Oferta Pública,0.9726138770399999
2014-06-01,Vencimentos,0.24085238812
2014-07-01,Cancelamentos,0.0036660559300000007
2014-07-01,Compras,0.32905719514
2014-07-01,DPFe    (II - IV),-3.0980188050399997
2014-07-01,DPMFi    (I - III),-48.43516790292
2014-07-01,Dívida Contratual,0.047293685769999996
2014-07-01,Dívida Contratual,0.06586976864
2014-07-01,Dívida Mobiliária,0.0
2014-07-01,Dívida Mobiliária,3.0794427221699996
2014-07-01,EMISSÃO LÍQUIDA,-51.533186707960006
2014-07-01,EMISSÕES,31.343331676160002
2014-07-01,Emissão Direta com Financeiro 1,0.0
2014-07-01,Emissão Direta sem Financeiro 2,0.31987989597
2014-07-01,I - DPMFi,31.29603799039
2014-07-01,II - DPFe,0.047293685769999996
2014-07-01,III - DPMFi,79.73120589331
2014-07-01,IV - DPFe,3.14531249081
2014-07-01,Oferta Pública,28.07631073418
2014-07-01,Pagamento de Dividendos4,0.0
2014-07-01,RESGATES,82.87651838412
2014-07-01,Tesouro Direto,0.40338298908000003
2014-07-01,Tesouro Direto,0.19695736784999998
2014-07-01,Transferência de Carteira 3,0.0
2014-07-01,Trocas Oferta Pública,2.4964643711599996
2014-07-01,Trocas Oferta Pública,2.4964519767899995
2014-07-01,Vencimentos,76.70507329759998
2014-08-01,Cancelamentos,0.01115873926
2014-08-01,Compras,0.31568317067
2014-08-01,DPFe    (II - IV),2.85713263827
2014-08-01,DPMFi    (I - III),-21.672552128310016
2014-08-01,Dívida Contratual,0.0042483948
2014-08-01,Dívida Contratual,0.03302625928
2014-08-01,Dívida Mobiliária,7.8423477760799996
2014-08-01,Dívida Mobiliária,4.95643727333
2014-08-01,EMISSÃO LÍQUIDA,-18.815419490040018
2014-08-01,EMISSÕES,52.28605403768999
2014-08-01,Emissão Direta com Financeiro 1,0.0
2014-08-01,Emissão Direta sem Financeiro 2,0.10054854889999999
2014-08-01,I - DPMFi,44.439457866809995
2014-08-01,II - DPFe,7.84659617088
2014-08-01,III - DPMFi,66.11200999512
2014-08-01,IV - DPFe,4.989463532609999
2014-08-01,Oferta Pública,41.21476206158
2014-08-01,Pagamento de Dividendos4,5.13886716905
2014-08-01,RESGATES,71.10147352773001
2014-08-01,Tesouro Direto,0.38015261530999994
2014-08-01,Tesouro Direto,0.22374054550999992
2014-08-01,Transferência de Carteira 3,-0.19235391425999998
2014-08-01,Trocas Oferta Pública,2.9363485552800004
2014-08-01,Trocas Oferta Pública,2.9363411111
2014-08-01,Vencimentos,57.486219259529996
2014-09-01,Cancelamentos,0.04396514940000001
2014-09-01,Compras,0.32442453324000003
2014-09-01,DPFe    (II - IV),2.1824050760025
2014-09-01,DPMFi    (I - III),-14.993592145330018
2014-09-01,Dívida Contratual,0.015229925
2014-09-01,Dívida Contratual,0.043774838669999996
2014-09-01,Dívida Mobiliária,2.5030226090625
2014-09-01,Dívida Mobiliária,0.29207261938999995
2014-09-01,EMISSÃO LÍQUIDA,-12.811187069327518
2014-09-01,EMISSÕES,45.1836523549525
2014-09-01,Emissão Direta com Financeiro 1,0.0
2014-09-01,Emissão Direta sem Financeiro 2,0.48012170064
2014-09-01,I - DPMFi,42.66539982089
2014-09-01,II - DPFe,2.5182525340625004
2014-09-01,III - DPMFi,57.65899196622002
2014-09-01,IV - DPFe,0.33584745805999994
2014-09-01,Oferta Pública,39.230134920030004
2014-09-01,Pagamento de Dividendos4,0.0
2014-09-01,RESGATES,57.99483942428002
2014-09-01,Tesouro Direto,0.38167750463
2014-09-01,Tesouro Direto,0.17902964638
2014-09-01,Transferência de Carteira 3,0.0
2014-09-01,Trocas Oferta Pública,2.57346569559
2014-09-01,Trocas Oferta Pública,2.57345348488
2014-09-01,Vencimentos,54.538119152320014
2014-10-01,Cancelamentos,0.02929049898
2014-10-01,Compras,0.37739943167999995
2014-10-01,DPFe    (II - IV),-0.2705552083299999
2014-10-01,DPMFi    (I - III),-48.41872718609002
2014-10-01,Dívida Contratual,0.15030897494
2014-10-01,Dívida Contratual,0.17853325842999995
2014-10-01,Dívida Mobiliária,0.0
2014-10-01,Dívida Mobiliária,0.24233092484
2014-10-01,EMISSÃO LÍQUIDA,-48.68928239442001
2014-10-01,EMISSÕES,35.73929312208001
2014-10-01,Emissão Direta com Financeiro 1,0.0
2014-10-01,Emissão Direta sem Financeiro 2,1.0795877804599998
2014-10-01,I - DPMFi,35.58898414714001
2014-10-01,II - DPFe,0.15030897494
2014-10-01,III - DPMFi,84.00771133323002
2014-10-01,IV - DPFe,0.42086418326999997
2014-10-01,Oferta Pública,33.424663231960004
2014-10-01,Pagamento de Dividendos4,0.0
2014-10-01,RESGATES,84.42857551650002
2014-10-01,Tesouro Direto,0.38295735822999993
2014-10-01,Tesouro Direto,0.23797459151
2014-10-01,Transferência de Carteira 3,0.0
2014-10-01,Trocas Oferta Pública,0.70177577649
2014-10-01,Trocas Oferta Pública,0.7017721631
2014-10-01,Vencimentos,82.66127464796001
2014-11-01,Cancelamentos,0.0018650906199999997
2014-11-01,Compras,0.39670774485000004
2014-11-01,DPFe    (II - IV),-0.50057797675
2014-11-01,DPMFi    (I - III),30.151378100630005
2014-11-01,Dívida Contratual,0.02209214151
2014-11-01,Dívida Contratual,0.07837092674
2014-11-01,Dívida Mobiliária,0.0
2014-11-01,Dívida Mobiliária,0.44429919152
2014-11-01,EMISSÃO LÍQUIDA,29.650800123880007
2014-11-01,EMISSÕES,39.76196031616
2014-11-01,Emissão Direta com Financeiro 1,0.0
2014-11-01,Emissão Direta sem Financeiro 2,0.38190797840999996
2014-11-01,I - DPMFi,39.73986817465
2014-11-01,II - DPFe,0.02209214151
2014-11-01,III - DPMFi,9.588490074019997
2014-11-01,IV - DPFe,0.52267011826
2014-11-01,Oferta Pública,36.970060884220004
2014-11-01,Pagamento de Dividendos4,0.0
2014-11-01,RESGATES,10.111160192279996
2014-11-01,Tesouro Direto,0.36409735644
2014-11-01,Tesouro Direto,0.21617454217999996
2014-11-01,Transferência de Carteira 3,0.0
2014-11-01,Trocas Oferta Pública,2.0238019555799998
2014-11-01,Trocas Oferta Pública,2.0237895277499995
2014-11-01,Vencimentos,6.949953168619997
2014-12-01,Cancelamentos,0.00468169126
2014-12-01,Compras,0.52200918167
2014-12-01,DPFe    (II - IV),-0.7324521160299998
2014-12-01,DPMFi    (I - III),62.01734441052
2014-12-01,Dívida Contratual,0.13276336235000002
2014-12-01,Dívida Contratual,0.8652154783799999
2014-12-01,Dívida Mobiliária,0.0
2014-12-01,Dívida Mobiliária,0.0
2014-12-01,EMISSÃO LÍQUIDA,61.28489229449001
2014-12-01,EMISSÕES,68.20654200554
2014-12-01,Emissão Direta com Financeiro 1,0.0
2014-12-01,Emissão Direta sem Financeiro 2,31.37993882165
2014-12-01,I - DPMFi,68.07377864319
2014-12-01,II - DPFe,0.13276336235000002
2014-12-01,III - DPMFi,6.05643423267
2014-12-01,IV - DPFe,0.8652154783799999
2014-12-01,Oferta Pública,31.096221018399998
2014-12-01,Pagamento de Dividendos4,0.0
2014-12-01,RESGATES,6.92164971105
2014-12-01,Tesouro Direto,0.46422718618
2014-12-01,Tesouro Direto,0.13390465531999998
2014-12-01,Transferência de Carteira 3,0.0
2014-12-01,Trocas Oferta Pública,5.13339161696
2014-12-01,Trocas Oferta Pública,5.1333860194300005
2014-12-01,Vencimentos,0.2624526849899999
2015-01-01,Cancelamentos,0.019290971789999996
2015-01-01,Compras,0.08485909419000001
2015-01-01,DPFe    (II - IV),-2.46320102482
2015-01-01,DPMFi    (I - III),-67.48294347719
2015-01-01,Dívida Contratual,0.29918567450999994
2015-01-01,Dívida Contratual,0.07716048549000001
2015-01-01,Dívida Mobiliária,0.0
2015-01-01,Dívida Mobiliária,2.6852262138399996
2015-01-01,EMISSÃO LÍQUIDA,-69.94614450201001
2015-01-01,EMISSÕES,52.881361284090005
2015-01-01,Emissão Direta com Financeiro 1,0.0
2015-01-01,Emissão Direta sem Financeiro 2,0.13714733538999999
2015-01-01,I - DPMFi,52.58217560958
2015-01-01,II - DPFe,0.29918567450999994
2015-01-01,III - DPMFi,120.06511908677003
2015-01-01,IV - DPFe,2.76238669933
2015-01-01,Oferta Pública,48.04212650559
2015-01-01,Pagamento de Dividendos4,0.0
2015-01-01,RESGATES,122.82750578610002
2015-01-01,Tesouro Direto,0.6457570076699999
2015-01-01,Tesouro Direto,0.7367038441700005
2015-01-01,Transferência de Carteira 3,0.0
2015-01-01,Trocas Oferta Pública,3.75714476093
2015-01-01,Trocas Oferta Pública,3.75713350098
2015-01-01,Vencimentos,115.46713167564002
2015-02-01,Cancelamentos,0.00617916445
2015-02-01,Compras,0.25967392639
2015-02-01,DPFe    (II - IV),-1.99579147796
2015-02-01,DPMFi    (I - III),51.117060927919994
2015-02-01,Dívida Contratual,0.02948604599
2015-02-01,Dívida Contratual,0.03948398513
2015-02-01,Dívida Mobiliária,0.0
2015-02-01,Dívida Mobiliária,1.9857935388199999
2015-02-01,EMISSÃO LÍQUIDA,49.12126944995999
2015-02-01,EMISSÕES,66.37332351727
2015-02-01,Emissão Direta com Financeiro 1,0.0
2015-02-01,Emissão Direta sem Financeiro 2,0.0599886089
2015-02-01,I - DPMFi,66.34383747128
2015-02-01,II - DPFe,0.02948604599
2015-02-01,III - DPMFi,15.226776543360007
2015-02-01,IV - DPFe,2.02527752395
2015-02-01,Oferta Pública,64.71009327518
2015-02-01,Pagamento de Dividendos4,0.0
2015-02-01,RESGATES,17.25205406731001
2015-02-01,Tesouro Direto,0.5444352271799999
2015-02-01,Tesouro Direto,0.17804920723000003
2015-02-01,Transferência de Carteira 3,0.0
2015-02-01,Trocas Oferta Pública,1.02932036002
2015-02-01,Trocas Oferta Pública,1.02931164069
2015-02-01,Vencimentos,13.753562604600004
2015-03-01,Cancelamentos,0.41096890346000003
2015-03-01,Compras,0.11724569810000003
2015-03-01,DPFe    (II - IV),-3.43979293163
2015-03-01,DPMFi    (I - III),73.62983551445
2015-03-01,Dívida Contratual,0.00957074909
2015-03-01,Dívida Contratual,0.05584285965000001
2015-03-01,Dívida Mobiliária,0.0
2015-03-01,Dívida Mobiliária,3.39352082107
2015-03-01,EMISSÃO LÍQUIDA,70.19004258282
2015-03-01,EMISSÕES,147.15051430813998
2015-03-01,Emissão Direta com Financeiro 1,0.0
2015-03-01,Emissão Direta sem Financeiro 2,0.45550175034999996
2015-03-01,I - DPMFi,147.14094355905
2015-03-01,II - DPFe,0.00957074909
2015-03-01,III - DPMFi,73.51110804459998
2015-03-01,IV - DPFe,3.44936368072
2015-03-01,Oferta Pública,142.57207816616
2015-03-01,Pagamento de Dividendos4,0.0
2015-03-01,RESGATES,76.96047172531998
2015-03-01,Tesouro Direto,1.00177150776
2015-03-01,Tesouro Direto,0.4570346040000001
2015-03-01,Transferência de Carteira 3,0.0
2015-03-01,Trocas Oferta Pública,3.1115921347800004
2015-03-01,Trocas Oferta Pública,3.1115799436199993
2015-03-01,Vencimentos,69.41427889541998
2015-04-01,Cancelamentos,0.015001473979999999
2015-04-01,Compras,0.37722327073999995
2015-04-01,DPFe    (II - IV),-0.6576205377300001
2015-04-01,DPMFi    (I - III),-9.771695199589987
2015-04-01,Dívida Contratual,0.01120791259
2015-04-01,Dívida Contratual,0.21621709370000003
2015-04-01,Dívida Mobiliária,0.0
2015-04-01,Dívida Mobiliária,0.4526113566199999
2015-04-01,EMISSÃO LÍQUIDA,-10.429315737319987
2015-04-01,EMISSÕES,102.21398847568001
2015-04-01,Emissão Direta com Financeiro 1,0.0
2015-04-01,Emissão Direta sem Financeiro 2,0.51256948113
2015-04-01,I - DPMFi,102.20278056309002
2015-04-01,II - DPFe,0.01120791259
2015-04-01,III - DPMFi,111.97447576268
2015-04-01,IV - DPFe,0.66882845032
2015-04-01,Oferta Pública,100.53238591923
2015-04-01,Pagamento de Dividendos4,0.0
2015-04-01,RESGATES,112.643304213
2015-04-01,Tesouro Direto,0.82864001257
2015-04-01,Tesouro Direto,0.17178846483000001
2015-04-01,Transferência de Carteira 3,0.0
2015-04-01,Trocas Oferta Pública,0.32918515016
2015-04-01,Trocas Oferta Pública,0.3291807830399999
2015-04-01,Vencimentos,111.08128177009
2015-05-01,Cancelamentos,0.0023691948199999996
2015-05-01,Compras,0.32378978934
2015-05-01,DPFe    (II - IV),-0.44223436469
2015-05-01,DPMFi    (I - III),13.551419199510011
2015-05-01,Dívida Contratual,0.0
2015-05-01,Dívida Contratual,0.08836007491
2015-05-01,Dívida Mobiliária,0.0
2015-05-01,Dívida Mobiliária,0.35387428978
2015-05-01,EMISSÃO LÍQUIDA,13.109184834820011
2015-05-01,EMISSÕES,86.09253795257
2015-05-01,Emissão Direta com Financeiro 1,0.0
2015-05-01,Emissão Direta sem Financeiro 2,0.12928888388999998
2015-05-01,I - DPMFi,86.09253795257
2015-05-01,II - DPFe,0.0
2015-05-01,III - DPMFi,72.54111875305999
2015-05-01,IV - DPFe,0.44223436469
2015-05-01,Oferta Pública,82.59953064889999
2015-05-01,Pagamento de Dividendos4,0.0
2015-05-01,RESGATES,72.98335311774999
2015-05-01,Tesouro Direto,2.4110266309900004
2015-05-01,Tesouro Direto,2.9888576177099995
2015-05-01,Transferência de Carteira 3,0.0
2015-05-01,Trocas Oferta Pública,0.95269178879
2015-05-01,Trocas Oferta Pública,0.9526709603300001
2015-05-01,Vencimentos,68.27343119086
2015-06-01,Cancelamentos,0.00818364104
2015-06-01,Compras,0.38697034242000006
2015-06-01,DPFe    (II - IV),-1.09129610592
2015-06-01,DPMFi    (I - III),65.14970880101998
2015-06-01,Dívida Contratual,0.08163004970000001
2015-06-01,Dívida Contratual,0.9854651687
2015-06-01,Dívida Mobiliária,0.0
2015-06-01,Dívida Mobiliária,0.18746098692
2015-06-01,EMISSÃO LÍQUIDA,64.05841269509999
2015-06-01,EMISSÕES,66.57804180312
2015-06-01,Emissão Direta com Financeiro 1,0.0
2015-06-01,Emissão Direta sem Financeiro 2,0.95086913434
2015-06-01,I - DPMFi,66.49641175341999
2015-06-01,II - DPFe,0.08163004970000001
2015-06-01,III - DPMFi,1.3467029524
2015-06-01,IV - DPFe,1.17292615562
2015-06-01,Oferta Pública,63.830859664559995
2015-06-01,Pagamento de Dividendos4,0.0
2015-06-01,RESGATES,2.5196291080199997
2015-06-01,Tesouro Direto,1.15653321056
2015-06-01,Tesouro Direto,0.17976229269
2015-06-01,Transferência de Carteira 3,0.0
2015-06-01,Trocas Oferta Pública,0.55814974396
2015-06-01,Trocas Oferta Pública,0.55814571158
2015-06-01,Vencimentos,0.21364096467
2015-07-01,Cancelamentos,0.0007176525600000001
2015-07-01,Compras,0.4284685093800001
2015-07-01,DPFe    (II - IV),-3.09881516736
2015-07-01,DPMFi    (I - III),-16.71930330971002
2015-07-01,Dívida Contratual,0.03948206478
2015-07-01,Dívida Contratual,0.17897633597000004
2015-07-01,Dívida Mobiliária,0.0
2015-07-01,Dívida Mobiliária,2.9593208961700004
2015-07-01,EMISSÃO LÍQUIDA,-19.81811847707002
2015-07-01,EMISSÕES,51.243146655720004
2015-07-01,Emissão Direta com Financeiro 1,0.0
2015-07-01,Emissão Direta sem Financeiro 2,1.53145154136
2015-07-01,I - DPMFi,51.20366459094
2015-07-01,II - DPFe,0.03948206478
2015-07-01,III - DPMFi,67.92296790065002
2015-07-01,IV - DPFe,3.1382972321400002
2015-07-01,Oferta Pública,47.353088156409996
2015-07-01,Pagamento de Dividendos4,0.0
2015-07-01,RESGATES,71.06126513279003
2015-07-01,Tesouro Direto,1.2123005952500001
2015-07-01,Tesouro Direto,0.28942111581999996
2015-07-01,Transferência de Carteira 3,0.0
2015-07-01,Trocas Oferta Pública,1.10682429792
2015-07-01,Trocas Oferta Pública,1.1068152852
2015-07-01,Vencimentos,66.09754533769001
2015-08-01,Cancelamentos,0.03712041688
2015-08-01,Compras,0.22912376320999997
2015-08-01,DPFe    (II - IV),-4.5078124132
2015-08-01,DPMFi    (I - III),49.94940095701393
2015-08-01,Dívida Contratual,0.016281498630000002
2015-08-01,Dívida Contratual,0.0474059434
2015-08-01,Dívida Mobiliária,0.0
2015-08-01,Dívida Mobiliária,4.47668796843
2015-08-01,EMISSÃO LÍQUIDA,45.44158854381393
2015-08-01,EMISSÕES,66.11483199286394
2015-08-01,Emissão Direta com Financeiro 1,0.0
2015-08-01,Emissão Direta sem Financeiro 2,0.14255575457999997
2015-08-01,I - DPMFi,66.09855049423393
2015-08-01,II - DPFe,0.016281498630000002
2015-08-01,III - DPMFi,16.14914953722
2015-08-01,IV - DPFe,4.5240939118300005
2015-08-01,Oferta Pública,63.551311374563944
2015-08-01,Pagamento de Dividendos4,0.0
2015-08-01,RESGATES,20.673243449050002
2015-08-01,Tesouro Direto,1.3778792872599999
2015-08-01,Tesouro Direto,0.3904081427500001
2015-08-01,Transferência de Carteira 3,0.0
2015-08-01,Trocas Oferta Pública,1.0268040778299998
2015-08-01,Trocas Oferta Pública,1.02679375454
2015-08-01,Vencimentos,14.465703459840002
2015-09-01,Cancelamentos,0.01221356108
2015-09-01,Compras,2.71354070454
2015-09-01,DPFe    (II - IV),0.018730521419999945
2015-09-01,DPMFi    (I - III),13.429491774979994
2015-09-01,Dívida Contratual,0.29289343914999993
2015-09-01,Dívida Contratual,0.06613266360999999
2015-09-01,Dívida Mobiliária,0.0
2015-09-01,Dívida Mobiliária,0.20803025412000004
2015-09-01,EMISSÃO LÍQUIDA,13.448222296399994
2015-09-01,EMISSÕES,75.45344233224998
2015-09-01,Emissão Direta com Financeiro 1,0.0
2015-09-01,Emissão Direta sem Financeiro 2,0.05204093044
2015-09-01,I - DPMFi,75.16054889309999
2015-09-01,II - DPFe,0.29289343914999993
2015-09-01,III - DPMFi,61.73105711811999
2015-09-01,IV - DPFe,0.27416291773
2015-09-01,Oferta Pública,73.59043853971
2015-09-01,Pagamento de Dividendos4,0.0
2015-09-01,RESGATES,62.00522003584999
2015-09-01,Tesouro Direto,1.51806942295
2015-09-01,Tesouro Direto,0.40363479649
2015-09-01,Transferência de Carteira 3,0.0
2015-09-01,Trocas Oferta Pública,0.0
2015-09-01,Trocas Oferta Pública,0.0
2015-09-01,Vencimentos,58.60166805600999
2015-10-01,Cancelamentos,0.03492634727
2015-10-01,Compras,0.7042371407700001
2015-10-01,DPFe    (II - IV),-0.30389205989000007
2015-10-01,DPMFi    (I - III),-110.64357448850502
2015-10-01,Dívida Contratual,0.12639155134
2015-10-01,Dívida Contratual,0.02411082233
2015-10-01,Dívida Mobiliária,0.0
2015-10-01,Dívida Mobiliária,0.4061727889
2015-10-01,EMISSÃO LÍQUIDA,-110.94746654839503
2015-10-01,EMISSÕES,37.79170807835501
2015-10-01,Emissão Direta com Financeiro 1,0.0
2015-10-01,Emissão Direta sem Financeiro 2,3.5994127664049995
2015-10-01,I - DPMFi,37.66531652701501
2015-10-01,II - DPFe,0.12639155134
2015-10-01,III - DPMFi,148.30889101552003
2015-10-01,IV - DPFe,0.43028361123000003
2015-10-01,Oferta Pública,32.94223560801
2015-10-01,Pagamento de Dividendos4,0.0
2015-10-01,RESGATES,148.73917462675
2015-10-01,Tesouro Direto,1.1236681526
2015-10-01,Tesouro Direto,0.27816277406
2015-10-01,Transferência de Carteira 3,0.0
2015-10-01,Trocas Oferta Pública,0.0
2015-10-01,Trocas Oferta Pública,0.0
2015-10-01,Vencimentos,147.29156475342
2015-11-01,Cancelamentos,0.22785061822000005
2015-11-01,Compras,0.44345666070999995
2015-11-01,DPFe    (II - IV),-0.73082058051
2015-11-01,DPMFi    (I - III),43.18306203592905
2015-11-01,Dívida Contratual,0.0067971262
2015-11-01,Dívida Contratual,0.12636371264
2015-11-01,Dívida Mobiliária,0.0
2015-11-01,Dívida Mobiliária,0.61125399407
2015-11-01,EMISSÃO LÍQUIDA,42.45224145541905
2015-11-01,EMISSÕES,54.821738201919665
2015-11-01,Emissão Direta com Financeiro 1,0.0
2015-11-01,Emissão Direta sem Financeiro 2,2.2122567572196674
2015-11-01,I - DPMFi,54.814941075719666
2015-11-01,II - DPFe,0.0067971262
2015-11-01,III - DPMFi,11.63187903979062
2015-11-01,IV - DPFe,0.73761770671
2015-11-01,Oferta Pública,50.87465942405001
2015-11-01,Pagamento de Dividendos4,0.0
2015-11-01,RESGATES,12.36949674650062
2015-11-01,Tesouro Direto,1.0715924240599999
2015-11-01,Tesouro Direto,0.32350195885000005
2015-11-01,Transferência de Carteira 3,0.0
2015-11-01,Trocas Oferta Pública,0.65643247039
2015-11-01,Trocas Oferta Pública,0.65642194829
2015-11-01,Vencimentos,9.980647853720619
2015-12-01,Cancelamentos,0.0009373080300000001
2015-12-01,Compras,1.4836712643699999
2015-12-01,DPFe    (II - IV),-1.71583703378
2015-12-01,DPMFi    (I - III),44.46882029571234
2015-12-01,Dívida Contratual,0.02087900053
2015-12-01,Dívida Contratual,1.22447269265
2015-12-01,Dívida Mobiliária,0.0
2015-12-01,Dívida Mobiliária,0.5122433416600001
2015-12-01,EMISSÃO LÍQUIDA,42.75298326193234
2015-12-01,EMISSÕES,50.65573731597
2015-12-01,Emissão Direta com Financeiro 1,0.0
2015-12-01,Emissão Direta sem Financeiro 2,3.1366887997000004
2015-12-01,I - DPMFi,50.63485831544
2015-12-01,II - DPFe,0.02087900053
2015-12-01,III - DPMFi,6.166038019727657
2015-12-01,IV - DPFe,1.7367160343099999
2015-12-01,Oferta Pública,43.136003017259995
2015-12-01,Pagamento de Dividendos4,0.0
2015-12-01,RESGATES,7.902754054037658
2015-12-01,Tesouro Direto,1.56484781496
2015-12-01,Tesouro Direto,0.31835648989
2015-12-01,Transferência de Carteira 3,0.0
2015-12-01,Trocas Oferta Pública,2.7973186835200003
2015-12-01,Trocas Oferta Pública,2.7973061864699997
2015-12-01,Vencimentos,1.565766770967657
2016-01-01,Cancelamentos,0.003322611669999999
2016-01-01,Compras,0.4177457922699998
2016-01-01,DPFe    (II - IV),-5.18865305493
2016-01-01,DPMFi    (I - III),-73.18973461888999
2016-01-01,Dívida Contratual,1.3349895046000002
2016-01-01,Dívida Contratual,0.22281292467000005
2016-01-01,Dívida Mobiliária,0.0
2016-01-01,Dívida Mobiliária,6.3008296348599995
2016-01-01,EMISSÃO LÍQUIDA,-78.37838767381997
2016-01-01,EMISSÕES,72.07373706237
2016-01-01,Emissão Direta com Financeiro 1,0.0
2016-01-01,Emissão Direta sem Financeiro 2,0.50947722241
2016-01-01,I - DPMFi,70.73874755777
2016-01-01,II - DPFe,1.3349895046000002
2016-01-01,III - DPMFi,143.92848217665997
2016-01-01,IV - DPFe,6.52364255953
2016-01-01,Oferta Pública,67.37723327078
2016-01-01,Pagamento de Dividendos4,0.0
2016-01-01,RESGATES,150.45212473619
2016-01-01,Tesouro Direto,1.8476551773599998
2016-01-01,Tesouro Direto,1.05879290317
2016-01-01,Transferência de Carteira 3,0.0
2016-01-01,Trocas Oferta Pública,1.0043818872199999
2016-01-01,Trocas Oferta Pública,1.00437823923
2016-01-01,Vencimentos,141.44424263032
2016-02-01,Cancelamentos,0.00074381862
2016-02-01,Compras,0.10146589413000001
2016-02-01,DPFe    (II - IV),-0.36174524106282
2016-02-01,DPMFi    (I - III),39.43578587129001
2016-02-01,Dívida Contratual,0.00433798426718
2016-02-01,Dívida Contratual,0.05130676941000001
2016-02-01,Dívida Mobiliária,0.0
2016-02-01,Dívida Mobiliária,0.31477645592
2016-02-01,EMISSÃO LÍQUIDA,39.07404063022719
2016-02-01,EMISSÕES,55.75174054387718
2016-02-01,Emissão Direta com Financeiro 1,0.00015153865244
2016-02-01,Emissão Direta sem Financeiro 2,0.06148519066756
2016-02-01,I - DPMFi,55.74740255961
2016-02-01,II - DPFe,0.00433798426718
2016-02-01,III - DPMFi,16.31161668832
2016-02-01,IV - DPFe,0.36608322533
2016-02-01,Oferta Pública,53.7303928265
2016-02-01,Pagamento de Dividendos4,0.0
2016-02-01,RESGATES,16.677699913650002
2016-02-01,Tesouro Direto,1.37783397443
2016-02-01,Tesouro Direto,0.44665947829999997
2016-02-01,Transferência de Carteira 3,0.0
2016-02-01,Trocas Oferta Pública,0.57753902936
2016-02-01,Trocas Oferta Pública,0.57753271752
2016-02-01,Vencimentos,15.18521477975
2016-03-01,Cancelamentos,0.00234850085
2016-03-01,Compras,0.39627261508
2016-03-01,DPFe    (II - IV),4.576574561879841
2016-03-01,DPMFi    (I - III),45.0318281813
2016-03-01,Dívida Contratual,-0.0017173933187500001
2016-03-01,Dívida Contratual,0.06506984062141
2016-03-01,Dívida Mobiliária,5.415690555
2016-03-01,Dívida Mobiliária,0.7723287591799999
2016-03-01,EMISSÃO LÍQUIDA,49.60840274317984
2016-03-01,EMISSÕES,52.213373556371245
2016-03-01,Emissão Direta com Financeiro 1,0.0
2016-03-01,Emissão Direta sem Financeiro 2,0.08635481878000001
2016-03-01,I - DPMFi,46.79940039469
2016-03-01,II - DPFe,5.41397316168125
2016-03-01,III - DPMFi,1.76757221339
2016-03-01,IV - DPFe,0.8373985998014098
2016-03-01,Oferta Pública,44.96254171836
2016-03-01,Pagamento de Dividendos4,0.0
2016-03-01,RESGATES,2.60497081319141
2016-03-01,Tesouro Direto,1.75050385755
2016-03-01,Tesouro Direto,0.74798631952
2016-03-01,Transferência de Carteira 3,0.0
2016-03-01,Trocas Oferta Pública,0.0
2016-03-01,Trocas Oferta Pública,0.0
2016-03-01,Vencimentos,0.62096477794
2016-04-01,Cancelamentos,0.00152235761
2016-04-01,Compras,0.45106458113
2016-04-01,DPFe    (II - IV),-0.53015135861772
2016-04-01,DPMFi    (I - III),-107.98218223785996
2016-04-01,Dívida Contratual,0.12039735984003
2016-04-01,Dívida Contratual,0.03228489169775
2016-04-01,Dívida Mobiliária,0.0
2016-04-01,Dívida Mobiliária,0.61826382676
2016-04-01,EMISSÃO LÍQUIDA,-108.51233359647767
2016-04-01,EMISSÕES,52.73502228215003
2016-04-01,Emissão Direta com Financeiro 1,0.0
2016-04-01,Emissão Direta sem Financeiro 2,1.06196136346
2016-04-01,I - DPMFi,52.61462492230999
2016-04-01,II - DPFe,0.12039735984003
2016-04-01,III - DPMFi,160.59680716016996
2016-04-01,IV - DPFe,0.6505487184577501
2016-04-01,Oferta Pública,50.10242200013
2016-04-01,Pagamento de Dividendos4,0.0
2016-04-01,RESGATES,161.2473558786277
2016-04-01,Tesouro Direto,1.38832240937
2016-04-01,Tesouro Direto,0.50419537658
2016-04-01,Transferência de Carteira 3,0.0
2016-04-01,Trocas Oferta Pública,0.06191914935
2016-04-01,Trocas Oferta Pública,0.06191436085
2016-04-01,Vencimentos,159.57811048399998
2016-05-01,Cancelamentos,0.00018572803
2016-05-01,Compras,0.5234790162399999
2016-05-01,DPFe    (II - IV),-0.37312208340889
2016-05-01,DPMFi    (I - III),44.692983368499995
2016-05-01,Dívida Contratual,0.0006995355373799998
2016-05-01,Dívida Contratual,0.12027593489627
2016-05-01,Dívida Mobiliária,0.0
2016-05-01,Dívida Mobiliária,0.25354568405
2016-05-01,EMISSÃO LÍQUIDA,44.31986128509111
2016-05-01,EMISSÕES,55.80341429478738
2016-05-01,Emissão Direta com Financeiro 1,0.0
2016-05-01,Emissão Direta sem Financeiro 2,1.4726917053999997
2016-05-01,I - DPMFi,55.802714759249994
2016-05-01,II - DPFe,0.0006995355373799998
2016-05-01,III - DPMFi,11.109731390750001
2016-05-01,IV - DPFe,0.37382161894627003
2016-05-01,Oferta Pública,52.64653248834
2016-05-01,Pagamento de Dividendos4,0.0
2016-05-01,RESGATES,11.483553009696271
2016-05-01,Tesouro Direto,1.4334873578000003
2016-05-01,Tesouro Direto,0.6382153410799999
2016-05-01,Transferência de Carteira 3,0.0
2016-05-01,Trocas Oferta Pública,0.25000320771
2016-05-01,Trocas Oferta Pública,0.24999258570000002
2016-05-01,Vencimentos,9.697858719700001
2016-06-01,Cancelamentos,6.098815e-05
2016-06-01,Compras,0.50885446133
2016-06-01,DPFe    (II - IV),-1.15940169691556
2016-06-01,DPMFi    (I - III),62.42011376242
2016-06-01,Dívida Contratual,0.2474909140623
2016-06-01,Dívida Contratual,1.07372968120786
2016-06-01,Dívida Mobiliária,0.0
2016-06-01,Dívida Mobiliária,0.33316292977
2016-06-01,EMISSÃO LÍQUIDA,61.26071206550444
2016-06-01,EMISSÕES,64.3337480567223
2016-06-01,Emissão Direta com Financeiro 1,0.0
2016-06-01,Emissão Direta sem Financeiro 2,4.9730142397499995
2016-06-01,I - DPMFi,64.08625714266
2016-06-01,II - DPFe,0.2474909140623
2016-06-01,III - DPMFi,1.66614338024
2016-06-01,IV - DPFe,1.40689261097786
2016-06-01,Oferta Pública,57.419845827319996
2016-06-01,Pagamento de Dividendos4,0.0
2016-06-01,RESGATES,3.07303599121786
2016-06-01,Tesouro Direto,1.28481122684
2016-06-01,Tesouro Direto,0.52475679342
2016-06-01,Transferência de Carteira 3,0.0
2016-06-01,Trocas Oferta Pública,0.40858584875000004
2016-06-01,Trocas Oferta Pública,0.40857819391
2016-06-01,Vencimentos,0.22389294343
2016-07-01,Cancelamentos,4.844815e-05
2016-07-01,Compras,0.54834207831
2016-07-01,DPFe    (II - IV),1.9042493835623604
2016-07-01,DPMFi    (I - III),-33.47731883107
2016-07-01,Dívida Contratual,0.03737763136252
2016-07-01,Dívida Contratual,0.18267983601016002
2016-07-01,Dívida Mobiliária,4.733584944
2016-07-01,Dívida Mobiliária,2.68403335579
2016-07-01,EMISSÃO LÍQUIDA,-31.57306944750764
2016-07-01,EMISSÕES,68.68448898367252
2016-07-01,Emissão Direta com Financeiro 1,0.0
2016-07-01,Emissão Direta sem Financeiro 2,0.23768226422
2016-07-01,I - DPMFi,63.91352640831
2016-07-01,II - DPFe,4.77096257536252
2016-07-01,III - DPMFi,97.39084523938
2016-07-01,IV - DPFe,2.86671319180016
2016-07-01,Oferta Pública,61.42998327845
2016-07-01,Pagamento de Dividendos4,0.0
2016-07-01,RESGATES,100.25755843118014
2016-07-01,Tesouro Direto,1.5791844087
2016-07-01,Tesouro Direto,0.5545593174400001
2016-07-01,Transferência de Carteira 3,0.0
2016-07-01,Trocas Oferta Pública,0.66667645694
2016-07-01,Trocas Oferta Pública,0.6666547326600001
2016-07-01,Vencimentos,95.62124066282
2016-08-01,Cancelamentos,0.0
2016-08-01,Compras,0.13377115405
2016-08-01,DPFe    (II - IV),0.01025629952829999
2016-08-01,DPMFi    (I - III),-33.18262034150002
2016-08-01,Dívida Contratual,0.17987599972034998
2016-08-01,Dívida Contratual,0.038871113412050004
2016-08-01,Dívida Mobiliária,0.0
2016-08-01,Dívida Mobiliária,0.13074858678
2016-08-01,EMISSÃO LÍQUIDA,-33.17236404197172
2016-08-01,EMISSÕES,66.37999991203034
2016-08-01,Emissão Direta com Financeiro 1,0.0
2016-08-01,Emissão Direta sem Financeiro 2,0.01706359439
2016-08-01,I - DPMFi,66.20012391230999
2016-08-01,II - DPFe,0.17987599972034998
2016-08-01,III - DPMFi,99.38274425381002
2016-08-01,IV - DPFe,0.16961970019205
2016-08-01,Oferta Pública,64.64029306238
2016-08-01,Pagamento de Dividendos4,0.0
2016-08-01,RESGATES,99.55236395400206
2016-08-01,Tesouro Direto,1.5427672555399998
2016-08-01,Tesouro Direto,0.63288485267
2016-08-01,Transferência de Carteira 3,0.0
2016-08-01,Trocas Oferta Pública,0.0
2016-08-01,Trocas Oferta Pública,0.0
2016-08-01,Vencimentos,98.61608824709
2016-09-01,Cancelamentos,0.0
2016-09-01,Compras,0.12526130325
2016-09-01,DPFe    (II - IV),-0.13735530946656999
2016-09-01,DPMFi    (I - III),62.123002040440014
2016-09-01,Dívida Contratual,0.0
2016-09-01,Dívida Contratual,0.05337919605657
2016-09-01,Dívida Mobiliária,0.0
2016-09-01,Dívida Mobiliária,0.08397611341
2016-09-01,EMISSÃO LÍQUIDA,61.98564673097344
2016-09-01,EMISSÕES,78.34181089688
2016-09-01,Emissão Direta com Financeiro 1,0.0
2016-09-01,Emissão Direta sem Financeiro 2,0.13318447094000002
2016-09-01,I - DPMFi,78.34181089688
2016-09-01,II - DPFe,0.0
2016-09-01,III - DPMFi,16.21880885644
2016-09-01,IV - DPFe,0.13735530946656999
2016-09-01,Oferta Pública,76.6646171072
2016-09-01,Pagamento de Dividendos4,0.0
2016-09-01,RESGATES,16.356164165906566
2016-09-01,Tesouro Direto,1.39349674494
2016-09-01,Tesouro Direto,0.51430870612
2016-09-01,Transferência de Carteira 3,0.0
2016-09-01,Trocas Oferta Pública,0.15051257380000002
2016-09-01,Trocas Oferta Pública,0.1505056663
2016-09-01,Vencimentos,15.42873318077
2016-10-01,Cancelamentos,0.02047464124
2016-10-01,Compras,0.07358779912999999
2016-10-01,DPFe    (II - IV),-0.44751460248823
2016-10-01,DPMFi    (I - III),-35.590329450650025
2016-10-01,Dívida Contratual,0.02704691906796
2016-10-01,Dívida Contratual,0.03604818847619
2016-10-01,Dívida Mobiliária,0.0
2016-10-01,Dívida Mobiliária,0.43851333308
2016-10-01,EMISSÃO LÍQUIDA,-36.03784405313825
2016-10-01,EMISSÕES,77.41564075395796
2016-10-01,Emissão Direta com Financeiro 1,0.00172998728
2016-10-01,Emissão Direta sem Financeiro 2,0.15922894286000003
2016-10-01,I - DPMFi,77.38859383488999
2016-10-01,II - DPFe,0.02704691906796
2016-10-01,III - DPMFi,112.97892328554002
2016-10-01,IV - DPFe,0.47456152155618997
2016-10-01,Oferta Pública,75.26700913298
2016-10-01,Pagamento de Dividendos4,0.0
2016-10-01,RESGATES,113.4534848070962
2016-10-01,Tesouro Direto,1.88501293914
2016-10-01,Tesouro Direto,0.66215387295
2016-10-01,Transferência de Carteira 3,0.0
2016-10-01,Trocas Oferta Pública,0.07561283263
2016-10-01,Trocas Oferta Pública,0.07560958118000001
2016-10-01,Vencimentos,112.14709739104002
2016-11-01,Cancelamentos,0.0057402359399999995
2016-11-01,Compras,1.18144540661
2016-11-01,DPFe    (II - IV),-0.38788938728900996
2016-11-01,DPMFi    (I - III),25.298637614489998
2016-11-01,Dívida Contratual,0.036604348258400005
2016-11-01,Dívida Contratual,0.11615267815741001
2016-11-01,Dívida Mobiliária,0.0
2016-11-01,Dívida Mobiliária,0.30834105739
2016-11-01,EMISSÃO LÍQUIDA,24.910748227200987
2016-11-01,EMISSÕES,39.35860552559839
2016-11-01,Emissão Direta com Financeiro 1,0.0
2016-11-01,Emissão Direta sem Financeiro 2,0.24894127724999998
2016-11-01,I - DPMFi,39.32200117734
2016-11-01,II - DPFe,0.036604348258400005
2016-11-01,III - DPMFi,14.02336356285
2016-11-01,IV - DPFe,0.42449373554741
2016-11-01,Oferta Pública,36.480359088949996
2016-11-01,Pagamento de Dividendos4,0.0
2016-11-01,RESGATES,14.44785729839741
2016-11-01,Tesouro Direto,1.8407534400099999
2016-11-01,Tesouro Direto,0.7151536306899999
2016-11-01,Transferência de Carteira 3,0.0
2016-11-01,Trocas Oferta Pública,0.75194737113
2016-11-01,Trocas Oferta Pública,0.7519382527899999
2016-11-01,Vencimentos,11.369086036819999
2016-12-01,Cancelamentos,0.0016758586999999997
2016-12-01,Compras,40.67632278392001
2016-12-01,DPFe    (II - IV),0.016935105050030073
2016-12-01,DPMFi    (I - III),-4.016769298760017
2016-12-01,Dívida Contratual,0.9903059709593102
2016-12-01,Dívida Contratual,0.7750144408092801
2016-12-01,Dívida Mobiliária,0.0
2016-12-01,Dívida Mobiliária,0.19835642509999998
2016-12-01,EMISSÃO LÍQUIDA,-3.9998341937099866
2016-12-01,EMISSÕES,38.7999350389993
2016-12-01,Emissão Direta com Financeiro 1,0.0
2016-12-01,Emissão Direta sem Financeiro 2,2.52253878029
2016-12-01,I - DPMFi,37.80962906803999
2016-12-01,II - DPFe,0.9903059709593102
2016-12-01,III - DPMFi,41.82639836680001
2016-12-01,IV - DPFe,0.97337086590928
2016-12-01,Oferta Pública,33.45390088633
2016-12-01,Pagamento de Dividendos4,0.0
2016-12-01,RESGATES,42.79976923270929
2016-12-01,Tesouro Direto,1.7152501295
2016-12-01,Tesouro Direto,0.61633632956
2016-12-01,Transferência de Carteira 3,0.0
2016-12-01,Trocas Oferta Pública,0.11793927191999999
2016-12-01,Trocas Oferta Pública,0.11793701328
2016-12-01,Vencimentos,0.41412638134000007
2017-01-01,Cancelamentos,0.02586582797
2017-01-01,Compras,0.67979080257
2017-01-01,DPFe    (II - IV),-8.573481774591599
2017-01-01,DPMFi    (I - III),-75.38892198245
2017-01-01,Dívida Contratual,0.4963602257893
2017-01-01,Dívida Contratual,0.17213515553090003
2017-01-01,Dívida Mobiliária,0.0
2017-01-01,Dívida Mobiliária,8.89770684485
2017-01-01,EMISSÃO LÍQUIDA,-83.9624037570416
2017-01-01,EMISSÕES,70.4403853374893
2017-01-01,Emissão Direta com Financeiro 1,0.0
2017-01-01,Emissão Direta sem Financeiro 2,1.26899848148
2017-01-01,I - DPMFi,69.9440251117
2017-01-01,II - DPFe,0.4963602257893
2017-01-01,III - DPMFi,145.33294709415
2017-01-01,IV - DPFe,9.069842000380898
2017-01-01,Oferta Pública,66.20053395097
2017-01-01,Pagamento de Dividendos4,0.0
2017-01-01,RESGATES,154.4027890945309
2017-01-01,Tesouro Direto,2.4744926792499995
2017-01-01,Tesouro Direto,2.2061190587499997
2017-01-01,Transferência de Carteira 3,0.0
2017-01-01,Trocas Oferta Pública,0.0
2017-01-01,Trocas Oferta Pública,0.0
2017-01-01,Vencimentos,142.42117140486002
2017-02-01,Cancelamentos,0.0036639719899999967
2017-02-01,Compras,0.24298886872
2017-02-01,DPFe    (II - IV),-0.28112161567262
2017-02-01,DPMFi    (I - III),58.272651656949996
2017-02-01,Dívida Contratual,0.0239603355372
2017-02-01,Dívida Contratual,0.03081093702982
2017-02-01,Dívida Mobiliária,0.0
2017-02-01,Dívida Mobiliária,0.27427101418
2017-02-01,EMISSÃO LÍQUIDA,57.99153004127737
2017-02-01,EMISSÕES,75.64163093306719
2017-02-01,Emissão Direta com Financeiro 1,0.0
2017-02-01,Emissão Direta sem Financeiro 2,0.07785312775
2017-02-01,I - DPMFi,75.61767059753
2017-02-01,II - DPFe,0.0239603355372
2017-02-01,III - DPMFi,17.34501894058
2017-02-01,IV - DPFe,0.30508195120982
2017-02-01,Oferta Pública,71.9575801988
2017-02-01,Pagamento de Dividendos4,0.0
2017-02-01,RESGATES,17.650100891789823
2017-02-01,Tesouro Direto,1.77972056775
2017-02-01,Tesouro Direto,0.9006395606100001
2017-02-01,Trocas Oferta Pública,1.80251670323
2017-02-01,Trocas Oferta Pública,1.8024931754799998
2017-02-01,Vencimentos,14.395233363780001
2017-03-01,Cancelamentos,4.3795959999999996e-05
2017-03-01,Compras,0.31041096374
2017-03-01,DPFe    (II - IV),3.25817336587441
2017-03-01,DPMFi    (I - III),63.340642381600006
2017-03-01,Dívida Contratual,0.33535136838672003
2017-03-01,Dívida Contratual,0.04720964851231001
2017-03-01,Dívida Mobiliária,3.4753401423300003
2017-03-01,Dívida Mobiliária,0.50530849633
2017-03-01,EMISSÃO LÍQUIDA,66.5988157474744
2017-03-01,EMISSÕES,80.37427317083672
2017-03-01,Emissão Direta com Financeiro 1,0.0
2017-03-01,Emissão Direta sem Financeiro 2,1.01452400565
2017-03-01,I - DPMFi,76.56358166012001
2017-03-01,II - DPFe,3.8106915107167203
2017-03-01,III - DPMFi,13.22293927852
2017-03-01,IV - DPFe,0.55251814484231
2017-03-01,Oferta Pública,72.90090429823
2017-03-01,Pagamento de Dividendos4,0.0
2017-03-01,RESGATES,13.77545742336231
2017-03-01,Tesouro Direto,2.64815335624
2017-03-01,Tesouro Direto,2.38297322658
2017-03-01,Trocas Oferta Pública,0.0
2017-03-01,Trocas Oferta Pública,0.0
2017-03-01,Vencimentos,10.52951129224
2017-04-01,Cancelamentos,0.00073799615
2017-04-01,Compras,0.45346798472
2017-04-01,DPFe    (II - IV),-0.88042203716086
2017-04-01,DPMFi    (I - III),-12.368544969329996
2017-04-01,Dívida Contratual,0.0048472139096600005
2017-04-01,Dívida Contratual,0.04924275426052
2017-04-01,Dívida Mobiliária,0.0
2017-04-01,Dívida Mobiliária,0.8360264968100001
2017-04-01,EMISSÃO LÍQUIDA,-13.248967006490856
2017-04-01,EMISSÕES,62.05227215734967
2017-04-01,Emissão Direta com Financeiro 1,0.0
2017-04-01,Emissão Direta sem Financeiro 2,0.030276786229999998
2017-04-01,I - DPMFi,62.04742494344001
2017-04-01,II - DPFe,0.0048472139096600005
2017-04-01,III - DPMFi,74.41596991277
2017-04-01,IV - DPFe,0.88526925107052
2017-04-01,Oferta Pública,60.525855175820006
2017-04-01,Pagamento de Dividendos4,0.0
2017-04-01,RESGATES,75.30123916384052
2017-04-01,Tesouro Direto,1.49129298139
2017-04-01,Tesouro Direto,0.8713941357799999
2017-04-01,Trocas Oferta Pública,0.0
2017-04-01,Trocas Oferta Pública,0.0
2017-04-01,Vencimentos,73.09036979612
2017-05-01,Cancelamentos,0.00022050949
2017-05-01,Compras,5.37491747803
2017-05-01,DPFe    (II - IV),-1.00015506844218
2017-05-01,DPMFi    (I - III),-18.73798670889
2017-05-01,Dívida Contratual,0.03795447962554
2017-05-01,Dívida Contratual,0.11270499027772
2017-05-01,Dívida Mobiliária,0.0
2017-05-01,Dívida Mobiliária,0.92540455779
2017-05-01,EMISSÃO LÍQUIDA,-19.73814177733218
2017-05-01,EMISSÕES,46.78872213017554
2017-05-01,Emissão Direta com Financeiro 1,0.0
2017-05-01,Emissão Direta sem Financeiro 2,0.07724481345
2017-05-01,I - DPMFi,46.750767650549996
2017-05-01,II - DPFe,0.03795447962554
2017-05-01,III - DPMFi,65.48875435944
2017-05-01,IV - DPFe,1.03810954806772
2017-05-01,Oferta Pública,43.78261553952999
2017-05-01,Pagamento de Dividendos4,0.0
2017-05-01,RESGATES,66.52686390750772
2017-05-01,Tesouro Direto,1.92784466786
2017-05-01,Tesouro Direto,1.2371149754000004
2017-05-01,Trocas Oferta Pública,0.96306262971
2017-05-01,Trocas Oferta Pública,0.9630595117
2017-05-01,Vencimentos,57.91344188482
2017-06-01,Cancelamentos,0.00012029916999999999
2017-06-01,Compras,0.50592615865
2017-06-01,DPFe    (II - IV),-1.9245644375886501
2017-06-01,DPMFi    (I - III),72.18583331177999
2017-06-01,Dívida Contratual,0.51448101829232
2017-06-01,Dívida Contratual,0.8132323050109701
2017-06-01,Dívida Mobiliária,0.0
2017-06-01,Dívida Mobiliária,1.62581315087
2017-06-01,EMISSÃO LÍQUIDA,70.26126887419134
2017-06-01,EMISSÕES,74.10279926170232
2017-06-01,Emissão Direta com Financeiro 1,0.0
2017-06-01,Emissão Direta sem Financeiro 2,0.6956741607099999
2017-06-01,I - DPMFi,73.58831824340999
2017-06-01,II - DPFe,0.51448101829232
2017-06-01,III - DPMFi,1.40248493163
2017-06-01,IV - DPFe,2.43904545588097
2017-06-01,Oferta Pública,71.44110479026
2017-06-01,Pagamento de Dividendos4,0.00022799807
2017-06-01,RESGATES,3.84153038751097
2017-06-01,Tesouro Direto,1.4515392924400001
2017-06-01,Tesouro Direto,0.7072018578500001
2017-06-01,Trocas Oferta Pública,0.0
2017-06-01,Trocas Oferta Pública,0.0
2017-06-01,Vencimentos,0.18900861788999998
2017-07-01,Cancelamentos,0.00227525815
2017-07-01,Compras,0.5968604741100001
2017-07-01,DPFe    (II - IV),-2.5391728346335505
2017-07-01,DPMFi    (I - III),-31.40712455695001
2017-07-01,Dívida Contratual,0.06815227522408
2017-07-01,Dívida Contratual,0.16635257747763002
2017-07-01,Dívida Mobiliária,0.0
2017-07-01,Dívida Mobiliária,2.4409725323800004
2017-07-01,EMISSÃO LÍQUIDA,-33.94629739158356
2017-07-01,EMISSÕES,65.05395988958408
2017-07-01,Emissão Direta com Financeiro 1,0.0
2017-07-01,Emissão Direta sem Financeiro 2,0.11573020299
2017-07-01,I - DPMFi,64.98580761436
2017-07-01,II - DPFe,0.06815227522408
2017-07-01,III - DPMFi,96.39293217131001
2017-07-01,IV - DPFe,2.60732510985763
2017-07-01,Oferta Pública,63.49336456427999
2017-07-01,Pagamento de Dividendos4,0.0
2017-07-01,RESGATES,99.00025728116763
2017-07-01,Tesouro Direto,1.3767128470899999
2017-07-01,Tesouro Direto,1.06048920413
2017-07-01,Trocas Oferta Pública,0.0
2017-07-01,Trocas Oferta Pública,0.0
2017-07-01,Vencimentos,94.73330723492
2017-08-01,Cancelamentos,0.02267957055
2017-08-01,Compras,0.18151483224
2017-08-01,DPFe    (II - IV),-0.07907066744308
2017-08-01,DPMFi    (I - III),33.08332648964001
2017-08-01,Dívida Contratual,0.22734935447350002
2017-08-01,Dívida Contratual,0.03038191859658
2017-08-01,Dívida Mobiliária,0.0
2017-08-01,Dívida Mobiliária,0.27603810332
2017-08-01,EMISSÃO LÍQUIDA,33.00425582219693
2017-08-01,EMISSÕES,51.05970087074351
2017-08-01,Emissão Direta com Financeiro 1,0.0
2017-08-01,Emissão Direta sem Financeiro 2,0.09847495705
2017-08-01,I - DPMFi,50.83235151627001
2017-08-01,II - DPFe,0.22734935447350002
2017-08-01,III - DPMFi,17.749025026629997
2017-08-01,IV - DPFe,0.30642002191658
2017-08-01,Oferta Pública,48.873696542510004
2017-08-01,Pagamento de Dividendos4,0.0
2017-08-01,RESGATES,18.055445048546577
2017-08-01,Tesouro Direto,1.34932033376
2017-08-01,Tesouro Direto,1.40824589868
2017-08-01,Trocas Oferta Pública,0.51085968295
2017-08-01,Trocas Oferta Pública,0.51085336087
2017-08-01,Vencimentos,15.625731364289999
2017-09-01,Cancelamentos,0.00256699081
2017-09-01,Compras,15.25490530757
2017-09-01,DPFe    (II - IV),0.14123661266118998
2017-09-01,DPMFi    (I - III),-0.46063941675000386
2017-09-01,Dívida Contratual,0.25154820211012996
2017-09-01,Dívida Contratual,0.04041964671894
2017-09-01,Dívida Mobiliária,0.0
2017-09-01,Dívida Mobiliária,0.06989194273
2017-09-01,EMISSÃO LÍQUIDA,-0.31940280408881394
2017-09-01,EMISSÕES,56.726180737140126
2017-09-01,Emissão Direta com Financeiro 1,0.0
2017-09-01,Emissão Direta sem Financeiro 2,0.066295012
2017-09-01,I - DPMFi,56.47463253503
2017-09-01,II - DPFe,0.25154820211012996
2017-09-01,III - DPMFi,56.93527195178
2017-09-01,IV - DPFe,0.11031158944894
2017-09-01,Oferta Pública,55.049725390149995
2017-09-01,Pagamento de Dividendos4,0.0
2017-09-01,RESGATES,57.045583541228936
2017-09-01,Tesouro Direto,1.35861213288
2017-09-01,Tesouro Direto,1.8452375325900001
2017-09-01,Trocas Oferta Pública,0.0
2017-09-01,Trocas Oferta Pública,0.0
2017-09-01,Vencimentos,39.832562120809996
2017-10-01,Cancelamentos,0.048742488290000004
2017-10-01,Compras,0.49768930759
2017-10-01,DPFe    (II - IV),2.2789503258391917
2017-10-01,DPMFi    (I - III),-25.609201657350006
2017-10-01,Dívida Contratual,0.03190337847856
2017-10-01,Dívida Contratual,0.05819088757937
2017-10-01,Dívida Mobiliária,9.433997748
2017-10-01,Dívida Mobiliária,7.12875991306
2017-10-01,EMISSÃO LÍQUIDA,-23.330251331510816
2017-10-01,EMISSÕES,66.59396632984856
2017-10-01,Emissão Direta com Financeiro 1,0.0
2017-10-01,Emissão Direta sem Financeiro 2,0.49720117279
2017-10-01,I - DPMFi,57.12806520336999
2017-10-01,II - DPFe,9.46590112647856
2017-10-01,III - DPMFi,82.73726686072
2017-10-01,IV - DPFe,7.1869508006393685
2017-10-01,Oferta Pública,55.29810330167
2017-10-01,Pagamento de Dividendos4,0.0
2017-10-01,RESGATES,89.92421766135938
2017-10-01,Tesouro Direto,1.33276072891
2017-10-01,Tesouro Direto,1.5215481708299998
2017-10-01,Trocas Oferta Pública,0.0
2017-10-01,Trocas Oferta Pública,0.0
2017-10-01,Vencimentos,80.66928689401
2017-11-01,Cancelamentos,0.008897241820000002
2017-11-01,Compras,0.5337875024
2017-11-01,DPFe    (II - IV),-6.26247646843468
2017-11-01,DPMFi    (I - III),35.742193654880005
2017-11-01,Dívida Contratual,0.00331138367388
2017-11-01,Dívida Contratual,0.11167393232856
2017-11-01,Dívida Mobiliária,0.0
2017-11-01,Dívida Mobiliária,6.15411391978
2017-11-01,EMISSÃO LÍQUIDA,29.479717186445328
2017-11-01,EMISSÕES,48.60740020952388
2017-11-01,Emissão Direta com Financeiro 1,0.0
2017-11-01,Emissão Direta sem Financeiro 2,3.64770357026
2017-11-01,I - DPMFi,48.604088825850006
2017-11-01,II - DPFe,0.00331138367388
2017-11-01,III - DPMFi,12.861895170969998
2017-11-01,IV - DPFe,6.26578785210856
2017-11-01,Oferta Pública,43.28067774768
2017-11-01,Pagamento de Dividendos4,0.0
2017-11-01,RESGATES,19.127683023078557
2017-11-01,Tesouro Direto,1.09388103666
2017-11-01,Tesouro Direto,1.2189021572299998
2017-11-01,Trocas Oferta Pública,0.5818264712500001
2017-11-01,Trocas Oferta Pública,0.5818159671199999
2017-11-01,Vencimentos,10.5184923024
2017-12-01,Cancelamentos,0.017010267460000016
2017-12-01,Compras,0.49912392068
2017-12-01,DPFe    (II - IV),0.10272672584288989
2017-12-01,DPMFi    (I - III),36.117877589509995
2017-12-01,Dívida Contratual,0.99503008944651
2017-12-01,Dívida Contratual,0.8923033636036201
2017-12-01,Dívida Mobiliária,0.0
2017-12-01,Dívida Mobiliária,0.0
2017-12-01,EMISSÃO LÍQUIDA,36.22060431535289
2017-12-01,EMISSÕES,39.031534287706506
2017-12-01,Emissão Direta com Financeiro 1,0.0
2017-12-01,Emissão Direta sem Financeiro 2,4.88826667923
2017-12-01,I - DPMFi,38.03650419826
2017-12-01,II - DPFe,0.99503008944651
2017-12-01,III - DPMFi,1.9186266087500001
2017-12-01,IV - DPFe,0.8923033636036201
2017-12-01,Oferta Pública,32.04896859729
2017-12-01,Pagamento de Dividendos4,0.0
2017-12-01,RESGATES,2.81092997235362
2017-12-01,Tesouro Direto,1.09926892174
2017-12-01,Tesouro Direto,1.1414840195899998
2017-12-01,Trocas Oferta Pública,0.0
2017-12-01,Trocas Oferta Pública,0.0
2017-12-01,Vencimentos,0.26100840102
2018-01-01,Cancelamentos,0.013571420690000014
2018-01-01,Compras,0.63126384133
2018-01-01,DPFe    (II - IV),3.03624224265009
2018-01-01,DPMFi    (I - III),-55.53398887791999
2018-01-01,Dívida Contratual,0.5047917779791
2018-01-01,Dívida Contratual,0.16027302918901
2018-01-01,Dívida Mobiliária,4.947229593
2018-01-01,Dívida Mobiliária,2.25550609914
2018-01-01,EMISSÃO LÍQUIDA,-52.4977466352699
2018-01-01,EMISSÕES,56.81384257623909
2018-01-01,Emissão Direta com Financeiro 1,0.0
2018-01-01,Emissão Direta sem Financeiro 2,0.06575907311
2018-01-01,I - DPMFi,51.36182120525999
2018-01-01,II - DPFe,5.452021370979099
2018-01-01,III - DPMFi,106.89581008317998
2018-01-01,IV - DPFe,2.4157791283290098
2018-01-01,Oferta Pública,49.53510556627
2018-01-01,Pagamento de Dividendos4,0.0
2018-01-01,RESGATES,109.311589211509
2018-01-01,Tesouro Direto,1.76095656588
2018-01-01,Tesouro Direto,3.42945275992
2018-01-01,Transferência de Carteira 3,0.0
2018-01-01,Trocas Oferta Pública,0.0
2018-01-01,Trocas Oferta Pública,0.0
2018-01-01,Vencimentos,102.82152206123999
2018-02-01,Cancelamentos,0.00735221224
2018-02-01,Compras,0.16154507380000002
2018-02-01,DPFe    (II - IV),-0.39897665100991997
2018-02-01,DPMFi    (I - III),28.912188495010007
2018-02-01,Dívida Contratual,0.00045836
2018-02-01,Dívida Contratual,0.028223405749919998
2018-02-01,Dívida Mobiliária,0.0
2018-02-01,Dívida Mobiliária,0.37121160526
2018-02-01,EMISSÃO LÍQUIDA,28.513211844000086
2018-02-01,EMISSÕES,47.09035592131
2018-02-01,Emissão Direta com Financeiro 1,0.0
2018-02-01,Emissão Direta sem Financeiro 2,0.08259995071000001
2018-02-01,I - DPMFi,47.08989756131
2018-02-01,II - DPFe,0.00045836
2018-02-01,III - DPMFi,18.177709066299997
2018-02-01,IV - DPFe,0.39943501100992
2018-02-01,Oferta Pública,45.59579354524001
2018-02-01,Pagamento de Dividendos4,0.0
2018-02-01,RESGATES,18.577144077309917
2018-02-01,Tesouro Direto,1.18577688733
2018-02-01,Tesouro Direto,1.46470377723
2018-02-01,Trocas Oferta Pública,0.22572717803
2018-02-01,Trocas Oferta Pública,0.22571760692
2018-02-01,Vencimentos,16.31839039611
2018-03-01,Cancelamentos,0.024042201819999998
2018-03-01,Compras,0.12893111463999998
2018-03-01,DPFe    (II - IV),-0.15857457986965998
2018-03-01,DPMFi    (I - III),24.108008802329984
2018-03-01,Dívida Contratual,0.01526983589731
2018-03-01,Dívida Contratual,0.03920443940696999
2018-03-01,Dívida Mobiliária,0.0
2018-03-01,Dívida Mobiliária,0.13463997636
2018-03-01,EMISSÃO LÍQUIDA,23.949434222460326
2018-03-01,EMISSÕES,77.63680184160731
2018-03-01,Emissão Direta com Financeiro 1,0.0
2018-03-01,Emissão Direta sem Financeiro 2,0.08187884358
2018-03-01,I - DPMFi,77.62153200571
2018-03-01,II - DPFe,0.01526983589731
2018-03-01,III - DPMFi,53.513523203380004
2018-03-01,IV - DPFe,0.17384441576696996
2018-03-01,Oferta Pública,76.41441186403999
2018-03-01,Pagamento de Dividendos4,0.0
2018-03-01,RESGATES,53.687367619146976
2018-03-01,Tesouro Direto,1.1252412980900002
2018-03-01,Tesouro Direto,1.2250149567299997
2018-03-01,Trocas Oferta Pública,0.0
2018-03-01,Trocas Oferta Pública,0.0
2018-03-01,Vencimentos,52.135534930190005
2018-04-01,Cancelamentos,0.02934390252
2018-04-01,Compras,0.39359098285000005
2018-04-01,DPFe    (II - IV),-0.70286725052542
2018-04-01,DPMFi    (I - III),-6.332943319930026
2018-04-01,Dívida Contratual,0.037106329467110004
2018-04-01,Dívida Contratual,0.07304497264253
2018-04-01,Dívida Mobiliária,0.0
2018-04-01,Dívida Mobiliária,0.66692860735
2018-04-01,EMISSÃO LÍQUIDA,-7.035810570455445
2018-04-01,EMISSÕES,92.15291910400708
2018-04-01,Emissão Direta com Financeiro 1,0.0
2018-04-01,Emissão Direta sem Financeiro 2,0.08206182806000001
2018-04-01,I - DPMFi,92.11581277453999
2018-04-01,II - DPFe,0.037106329467110004
2018-04-01,III - DPMFi,98.44875609447001
2018-04-01,IV - DPFe,0.73997357999253
2018-04-01,Oferta Pública,91.02969030918999
2018-04-01,Pagamento de Dividendos4,0.0
2018-04-01,RESGATES,99.18872967446254
2018-04-01,Tesouro Direto,1.0040606372899998
2018-04-01,Tesouro Direto,1.06434971692
2018-04-01,Trocas Oferta Pública,0.0
2018-04-01,Trocas Oferta Pública,0.0
2018-04-01,Vencimentos,96.96147149218001
2018-05-01,Cancelamentos,0.00337063206
2018-05-01,Compras,1.51248330522
2018-05-01,DPFe    (II - IV),-0.25412538893837
2018-05-01,DPMFi    (I - III),20.102189514609993
2018-05-01,Dívida Contratual,0.19873578634682
2018-05-01,Dívida Contratual,0.10485410012518999
2018-05-01,Dívida Mobiliária,0.0
2018-05-01,Dívida Mobiliária,0.34800707516
2018-05-01,EMISSÃO LÍQUIDA,19.848064125671623
2018-05-01,EMISSÕES,35.33555858149681
2018-05-01,Emissão Direta com Financeiro 1,0.0
2018-05-01,Emissão Direta sem Financeiro 2,0.50977924325
2018-05-01,I - DPMFi,35.136822795149996
2018-05-01,II - DPFe,0.19873578634682
2018-05-01,III - DPMFi,15.03463328054
2018-05-01,IV - DPFe,0.45286117528519
2018-05-01,Oferta Pública,32.66144124081
2018-05-01,Pagamento de Dividendos4,0.0
2018-05-01,RESGATES,15.48749445582519
2018-05-01,Tesouro Direto,1.2463765238499998
2018-05-01,Tesouro Direto,1.3537523964600002
2018-05-01,Trocas Oferta Pública,0.7192257872400001
2018-05-01,Trocas Oferta Pública,0.71922235173
2018-05-01,Vencimentos,11.44580459507
2018-06-01,Cancelamentos,0.005439905310000001
2018-06-01,Compras,19.99058759251
2018-06-01,DPFe    (II - IV),-0.9815297566602201
2018-06-01,DPMFi    (I - III),0.5760309881800022
2018-06-01,Dívida Contratual,0.059955188121830004
2018-06-01,Dívida Contratual,0.9523254298720502
2018-06-01,Dívida Mobiliária,0.0
2018-06-01,Dívida Mobiliária,0.08915951491
2018-06-01,EMISSÃO LÍQUIDA,-0.40549876848021804
2018-06-01,EMISSÕES,22.55892901578183
2018-06-01,Emissão Direta com Financeiro 1,0.0
2018-06-01,Emissão Direta sem Financeiro 2,0.32117316347
2018-06-01,I - DPMFi,22.49897382766
2018-06-01,II - DPFe,0.059955188121830004
2018-06-01,III - DPMFi,21.922942839479997
2018-06-01,IV - DPFe,1.0414849447820502
2018-06-01,Oferta Pública,20.82794606884
2018-06-01,Pagamento de Dividendos4,0.0
2018-06-01,RESGATES,22.964427784262046
2018-06-01,Tesouro Direto,1.3498545953499996
2018-06-01,Tesouro Direto,1.1609753879
2018-06-01,Trocas Oferta Pública,0.0
2018-06-01,Trocas Oferta Pública,0.0
2018-06-01,Vencimentos,0.7659399537599999
2018-07-01,Cancelamentos,0.0053696360000000005
2018-07-01,Compras,4.21249524107
2018-07-01,DPFe    (II - IV),-2.7496300750485
2018-07-01,DPMFi    (I - III),-29.762184778250013
2018-07-01,Dívida Contratual,0.021751345939099997
2018-07-01,Dívida Contratual,0.1885694151776
2018-07-01,Dívida Mobiliária,0.0
2018-07-01,Dívida Mobiliária,2.5828120058099997
2018-07-01,EMISSÃO LÍQUIDA,-32.51181485329851
2018-07-01,EMISSÕES,58.8315887822991
2018-07-01,Emissão Direta com Financeiro 1,0.0
2018-07-01,Emissão Direta sem Financeiro 2,0.7631688928
2018-07-01,I - DPMFi,58.80983743636
2018-07-01,II - DPFe,0.021751345939099997
2018-07-01,III - DPMFi,88.57202221461002
2018-07-01,IV - DPFe,2.7713814209876
2018-07-01,Oferta Pública,56.85720680423
2018-07-01,Pagamento de Dividendos4,0.0
2018-07-01,RESGATES,91.34340363559761
2018-07-01,Tesouro Direto,1.18946173933
2018-07-01,Tesouro Direto,0.9158568826400001
2018-07-01,Trocas Oferta Pública,0.0
2018-07-01,Trocas Oferta Pública,0.0
2018-07-01,Vencimentos,83.4383004549
2018-08-01,Cancelamentos,3.46788e-06
2018-08-01,Compras,0.12906503032
2018-08-01,DPFe    (II - IV),-0.3189733485516799
2018-08-01,DPMFi    (I - III),-5.564529507839979
2018-08-01,Dívida Contratual,0.15919876069445
2018-08-01,Dívida Contratual,0.029735948126129997
2018-08-01,Dívida Mobiliária,0.0
2018-08-01,Dívida Mobiliária,0.44843616111999995
2018-08-01,EMISSÃO LÍQUIDA,-5.88350285639166
2018-08-01,EMISSÕES,75.63407445045446
2018-08-01,Emissão Direta com Financeiro 1,0.0
2018-08-01,Emissão Direta sem Financeiro 2,0.15436253295
2018-08-01,I - DPMFi,75.47487568976001
2018-08-01,II - DPFe,0.15919876069445
2018-08-01,III - DPMFi,81.03940519759999
2018-08-01,IV - DPFe,0.47817210924612996
2018-08-01,Oferta Pública,73.67770198398
2018-08-01,Pagamento de Dividendos4,0.0
2018-08-01,RESGATES,81.5175773068461
2018-08-01,Tesouro Direto,1.61065934315
2018-08-01,Tesouro Direto,1.1395876699099998
2018-08-01,Trocas Oferta Pública,0.03215182968
2018-08-01,Trocas Oferta Pública,0.03215093756
2018-08-01,Vencimentos,79.73859809192999
2018-09-01,Cancelamentos,0.007260397389999999
2018-09-01,Compras,0.17703165812
2018-09-01,DPFe    (II - IV),0.04499971012312997
2018-09-01,DPMFi    (I - III),-26.772260274519983
2018-09-01,Dívida Contratual,0.25512591760063
2018-09-01,Dívida Contratual,0.046943002767500006
2018-09-01,Dívida Mobiliária,0.0
2018-09-01,Dívida Mobiliária,0.16318320471
2018-09-01,EMISSÃO LÍQUIDA,-26.727260564396854
2018-09-01,EMISSÕES,57.63858475223063
2018-09-01,Emissão Direta com Financeiro 1,0.0
2018-09-01,Emissão Direta sem Financeiro 2,0.12542515865999998
2018-09-01,I - DPMFi,57.38345883463
2018-09-01,II - DPFe,0.25512591760063
2018-09-01,III - DPMFi,84.15571910914998
2018-09-01,IV - DPFe,0.21012620747750002
2018-09-01,Oferta Pública,55.49682019224
2018-09-01,Pagamento de Dividendos4,0.0
2018-09-01,RESGATES,84.36584531662749
2018-09-01,Tesouro Direto,1.76121348373
2018-09-01,Tesouro Direto,0.92192210088
2018-09-01,Trocas Oferta Pública,0.0
2018-09-01,Trocas Oferta Pública,0.0
2018-09-01,Vencimentos,83.04950495275999
2018-10-01,Cancelamentos,0.0032464562
2018-10-01,Compras,0.32767283406000003
2018-10-01,DPFe    (II - IV),-0.44917052486755993
2018-10-01,DPMFi    (I - III),-32.80628567706998
2018-10-01,Dívida Contratual,0.17845270926442
2018-10-01,Dívida Contratual,0.08350316793198
2018-10-01,Dívida Mobiliária,0.0
2018-10-01,Dívida Mobiliária,0.5441200662
2018-10-01,EMISSÃO LÍQUIDA,-33.255456201937534
2018-10-01,EMISSÕES,57.00759263402442
2018-10-01,Emissão Direta com Financeiro 1,0.0
2018-10-01,Emissão Direta sem Financeiro 2,0.61627482478
2018-10-01,I - DPMFi,56.82913992476
2018-10-01,II - DPFe,0.17845270926442
2018-10-01,III - DPMFi,89.63542560182998
2018-10-01,IV - DPFe,0.62762323413198
2018-10-01,Oferta Pública,54.12805721675
2018-10-01,Pagamento de Dividendos4,0.0
2018-10-01,RESGATES,90.26304883596197
2018-10-01,Tesouro Direto,2.08480788323
2018-10-01,Tesouro Direto,1.8051052095400002
2018-10-01,Trocas Oferta Pública,0.0
2018-10-01,Trocas Oferta Pública,0.0
2018-10-01,Vencimentos,87.49940110202999
2018-11-01,Cancelamentos,0.00511273712
2018-11-01,Compras,0.30849703166000003
2018-11-01,DPFe    (II - IV),0.19150215578998
2018-11-01,DPMFi    (I - III),34.48781307521001
2018-11-01,Dívida Contratual,0.45696047394059003
2018-11-01,Dívida Contratual,0.10732689267060999
2018-11-01,Dívida Mobiliária,0.0
2018-11-01,Dívida Mobiliária,0.15813142547999998
2018-11-01,EMISSÃO LÍQUIDA,34.67931523099999
2018-11-01,EMISSÕES,52.0139765209406
2018-11-01,Emissão Direta com Financeiro 1,0.0
2018-11-01,Emissão Direta sem Financeiro 2,0.07914692459
2018-11-01,I - DPMFi,51.55701604700001
2018-11-01,II - DPFe,0.45696047394059003
2018-11-01,III - DPMFi,17.069202971790002
2018-11-01,IV - DPFe,0.26545831815061
2018-11-01,Oferta Pública,48.22735649413001
2018-11-01,Pagamento de Dividendos4,0.0
2018-11-01,RESGATES,17.33466128994061
2018-11-01,Tesouro Direto,1.74474969455
2018-11-01,Tesouro Direto,1.2680043636199998
2018-11-01,Trocas Oferta Pública,1.50576293373
2018-11-01,Trocas Oferta Pública,1.5057504992100001
2018-11-01,Vencimentos,13.981838340180001
2018-12-01,Cancelamentos,0.00957628004
2018-12-01,Compras,0.40722070298999996
2018-12-01,DPFe    (II - IV),-0.03464987623384002
2018-12-01,DPMFi    (I - III),28.2130842203
2018-12-01,Dívida Contratual,0.95937583556709
2018-12-01,Dívida Contratual,0.99402571180093
2018-12-01,Dívida Mobiliária,0.0
2018-12-01,Dívida Mobiliária,0.0
2018-12-01,EMISSÃO LÍQUIDA,28.178434344066158
2018-12-01,EMISSÕES,32.00931688255709
2018-12-01,Emissão Direta com Financeiro 1,0.0
2018-12-01,Emissão Direta sem Financeiro 2,0.31765902858
2018-12-01,I - DPMFi,31.04994104699
2018-12-01,II - DPFe,0.95937583556709
2018-12-01,III - DPMFi,2.836856826689999
2018-12-01,IV - DPFe,0.99402571180093
2018-12-01,Oferta Pública,28.84966445972
2018-12-01,Pagamento de Dividendos4,0.0
2018-12-01,RESGATES,3.830882538490929
2018-12-01,Tesouro Direto,1.88261755869
2018-12-01,Tesouro Direto,1.09226693413
2018-12-01,Trocas Oferta Pública,0.0
2018-12-01,Trocas Oferta Pública,0.0
2018-12-01,Vencimentos,1.3277929095299998
2019-01-01,Cancelamentos,0.00243408336
2019-01-01,Compras,0.40907660498000004
2019-01-01,DPFe    (II - IV),-2.1858292938935797
2019-01-01,DPMFi    (I - III),-83.80907762083996
2019-01-01,Dívida Contratual,0.51497317717986
2019-01-01,Dívida Contratual,0.17087950981344
2019-01-01,Dívida Mobiliária,0.0
2019-01-01,Dívida Mobiliária,2.5299229612599996
2019-01-01,EMISSÃO LÍQUIDA,-85.99490691473353
2019-01-01,EMISSÕES,61.78135348494987
2019-01-01,Emissão Direta com Financeiro 1,0.0
2019-01-01,Emissão Direta sem Financeiro 2,0.11576498140000001
2019-01-01,I - DPMFi,61.26638030777001
2019-01-01,II - DPFe,0.51497317717986
2019-01-01,III - DPMFi,145.07545792860998
2019-01-01,IV - DPFe,2.7008024710734397
2019-01-01,Oferta Pública,58.32139636142001
2019-01-01,Pagamento de Dividendos4,0.0
2019-01-01,RESGATES,147.7762603996834
2019-01-01,Tesouro Direto,2.82921896495
2019-01-01,Tesouro Direto,2.5476718364700006
2019-01-01,Transferência de Carteira 3,0.0
2019-01-01,Trocas Oferta Pública,0.0
2019-01-01,Trocas Oferta Pública,0.0
2019-01-01,Vencimentos,142.1162754038
2019-02-01,Cancelamentos,0.00051099796
2019-02-01,Compras,0.09804745562
2019-02-01,DPFe    (II - IV),-0.45381995206867
2019-02-01,DPMFi    (I - III),36.49783117530001
2019-02-01,Dívida Contratual,0.00051818859638
2019-02-01,Dívida Contratual,0.02646244586505
2019-02-01,Dívida Mobiliária,0.0
2019-02-01,Dívida Mobiliária,0.42787569480000004
2019-02-01,EMISSÃO LÍQUIDA,36.044011223231344
2019-02-01,EMISSÕES,55.14294183530639
2019-02-01,Emissão Direta com Financeiro 1,0.0
2019-02-01,Emissão Direta sem Financeiro 2,0.0299453334
2019-02-01,I - DPMFi,55.14242364671001
2019-02-01,II - DPFe,0.00051818859638
2019-02-01,III - DPMFi,18.644592471409997
2019-02-01,IV - DPFe,0.45433814066505
2019-02-01,Oferta Pública,51.95473238107
2019-02-01,Pagamento de Dividendos4,0.0
2019-02-01,RESGATES,19.098930612075048
2019-02-01,Tesouro Direto,2.3042621424
2019-02-01,Tesouro Direto,1.58983959218
2019-02-01,Trocas Oferta Pública,0.85348378984
2019-02-01,Trocas Oferta Pública,0.85347166923
2019-02-01,Vencimentos,16.102722756419997
2019-03-01,Cancelamentos,7.79989e-06
2019-03-01,Compras,0.14044720664000002
2019-03-01,DPFe    (II - IV),5.76024307662522
2019-03-01,DPMFi    (I - III),2.94371757050998
2019-03-01,Dívida Contratual,-0.0008097065985000001
2019-03-01,Dívida Contratual,0.04109973553628
2019-03-01,Dívida Mobiliária,5.954700000000001
2019-03-01,Dívida Mobiliária,0.15254748124000003
2019-03-01,EMISSÃO LÍQUIDA,8.7039606471352
2019-03-01,EMISSÕES,77.6792317777415
2019-03-01,Emissão Direta com Financeiro 1,0.0
2019-03-01,Emissão Direta sem Financeiro 2,0.03277947528
2019-03-01,I - DPMFi,71.72534148433999
2019-03-01,II - DPFe,5.953890293401501
2019-03-01,III - DPMFi,68.78162391383002
2019-03-01,IV - DPFe,0.19364721677628002
2019-03-01,Oferta Pública,69.32596542296
2019-03-01,Pagamento de Dividendos4,0.0
2019-03-01,RESGATES,68.9752711306063
2019-03-01,Tesouro Direto,2.3665965861
2019-03-01,Tesouro Direto,1.3499367999299998
2019-03-01,Trocas Oferta Pública,0.0
2019-03-01,Trocas Oferta Pública,0.0
2019-03-01,Vencimentos,67.29123210737002
2019-04-01,Cancelamentos,0.00411772726
2019-04-01,Compras,0.13598580302
2019-04-01,DPFe    (II - IV),-0.7884368627220899
2019-04-01,DPMFi    (I - III),-69.35713677448
2019-04-01,Dívida Contratual,-0.01295628340585
2019-04-01,Dívida Contratual,0.09738011112624001
2019-04-01,Dívida Mobiliária,0.0
2019-04-01,Dívida Mobiliária,0.67810046819
2019-04-01,EMISSÃO LÍQUIDA,-70.14557363720208
2019-04-01,EMISSÕES,56.54545436376415
2019-04-01,Emissão Direta com Financeiro 1,0.0
2019-04-01,Emissão Direta sem Financeiro 2,0.03321840074
2019-04-01,I - DPMFi,56.55841064717
2019-04-01,II - DPFe,-0.01295628340585
2019-04-01,III - DPMFi,125.91554742164999
2019-04-01,IV - DPFe,0.77548057931624
2019-04-01,Oferta Pública,53.91544960217
2019-04-01,Pagamento de Dividendos4,0.0
2019-04-01,RESGATES,126.69102800096623
2019-04-01,Tesouro Direto,2.60974264426
2019-04-01,Tesouro Direto,1.42742431078
2019-04-01,Trocas Oferta Pública,0.0
2019-04-01,Trocas Oferta Pública,0.0
2019-04-01,Vencimentos,124.34801958058999
2019-05-01,Cancelamentos,1.2948580000000002e-05
2019-05-01,Compras,0.27037527423
2019-05-01,DPFe    (II - IV),-0.27916722105154
2019-05-01,DPMFi    (I - III),-16.033344243579982
2019-05-01,Dívida Contratual,0.00258654455427
2019-05-01,Dívida Contratual,0.11483679763581
2019-05-01,Dívida Mobiliária,0.0
2019-05-01,Dívida Mobiliária,0.16691696797
2019-05-01,EMISSÃO LÍQUIDA,-16.31251146463152
2019-05-01,EMISSÕES,82.84930179577428
2019-05-01,Emissão Direta com Financeiro 1,1.9979772764300001
2019-05-01,Emissão Direta sem Financeiro 2,0.50701435772
2019-05-01,I - DPMFi,82.84671525122002
2019-05-01,II - DPFe,0.00258654455427
2019-05-01,III - DPMFi,98.8800594948
2019-05-01,IV - DPFe,0.28175376560581006
2019-05-01,Oferta Pública,72.58659072687001
2019-05-01,Pagamento de Dividendos4,0.0
2019-05-01,RESGATES,99.16181326040581
2019-05-01,Tesouro Direto,5.86080962222
2019-05-01,Tesouro Direto,10.06389482727
2019-05-01,Trocas Oferta Pública,1.8943232679800002
2019-05-01,Trocas Oferta Pública,1.89430905066
2019-05-01,Vencimentos,86.65146739405999
2019-06-01,Cancelamentos,0.0076248264199999995
2019-06-01,Compras,0.27266216989000003
2019-06-01,DPFe    (II - IV),-0.9221992075397301
2019-06-01,DPMFi    (I - III),68.40382627151999
2019-06-01,Dívida Contratual,0.07189120431202
2019-06-01,Dívida Contratual,0.9940904118517501
2019-06-01,Dívida Mobiliária,0.0
2019-06-01,Dívida Mobiliária,0.0
2019-06-01,EMISSÃO LÍQUIDA,67.48162706398027
2019-06-01,EMISSÕES,71.20095311109202
2019-06-01,Emissão Direta com Financeiro 1,0.0
2019-06-01,Emissão Direta sem Financeiro 2,0.3695223395799999
2019-06-01,I - DPMFi,71.12906190678
2019-06-01,II - DPFe,0.07189120431202
2019-06-01,III - DPMFi,2.72523563526
2019-06-01,IV - DPFe,0.9940904118517501
2019-06-01,Oferta Pública,68.0796017885
2019-06-01,Pagamento de Dividendos4,0.0
2019-06-01,RESGATES,3.71932604711175
2019-06-01,Tesouro Direto,2.6799377787000003
2019-06-01,Tesouro Direto,1.68322421686
2019-06-01,Trocas Oferta Pública,0.0
2019-06-01,Trocas Oferta Pública,0.0
2019-06-01,Vencimentos,0.7617244220900001
2019-07-01,Cancelamentos,0.01416953829
2019-07-01,Compras,3.24468926265
2019-07-01,DPFe    (II - IV),-2.67194047468542
2019-07-01,DPMFi    (I - III),-5.71165883084001
2019-07-01,Dívida Contratual,0.045410332225269995
2019-07-01,Dívida Contratual,0.16893342466069
2019-07-01,Dívida Mobiliária,0.0
2019-07-01,Dívida Mobiliária,2.5484173822500003
2019-07-01,EMISSÃO LÍQUIDA,-8.38359930552543
2019-07-01,EMISSÕES,69.48981964038526
2019-07-01,Emissão Direta com Financeiro 1,0.0
2019-07-01,Emissão Direta sem Financeiro 2,0.2101415646
2019-07-01,I - DPMFi,69.44440930816
2019-07-01,II - DPFe,0.045410332225269995
2019-07-01,III - DPMFi,75.15606813900001
2019-07-01,IV - DPFe,2.71735080691069
2019-07-01,Oferta Pública,66.57751702901001
2019-07-01,Pagamento de Dividendos4,0.0
2019-07-01,RESGATES,77.8734189459107
2019-07-01,Tesouro Direto,2.6567507145499993
2019-07-01,Tesouro Direto,2.21600212362
2019-07-01,Trocas Oferta Pública,0.0
2019-07-01,Trocas Oferta Pública,0.0
2019-07-01,Vencimentos,69.68120721444001
2019-08-01,Cancelamentos,0.0041194291299999995
2019-08-01,Compras,0.18563961621
2019-08-01,DPFe    (II - IV),-0.32468587228256
2019-08-01,DPMFi    (I - III),39.93994311376
2019-08-01,Dívida Contratual,0.15366352799489
2019-08-01,Dívida Contratual,0.022067819177449998
2019-08-01,Dívida Mobiliária,0.0
2019-08-01,Dívida Mobiliária,0.4562815811
2019-08-01,EMISSÃO LÍQUIDA,39.61525724147745
2019-08-01,EMISSÕES,60.63516937466489
2019-08-01,Emissão Direta com Financeiro 1,0.0
2019-08-01,Emissão Direta sem Financeiro 2,1.61965164687
2019-08-01,I - DPMFi,60.48150584667
2019-08-01,II - DPFe,0.15366352799489
2019-08-01,III - DPMFi,20.54156273291
2019-08-01,IV - DPFe,0.47834940027745
2019-08-01,Oferta Pública,56.8867502273
2019-08-01,Pagamento de Dividendos4,0.0
2019-08-01,RESGATES,21.01991213318745
2019-08-01,Tesouro Direto,1.9751039725
2019-08-01,Tesouro Direto,2.1014988409
2019-08-01,Trocas Oferta Pública,0.0
2019-08-01,Trocas Oferta Pública,0.0
2019-08-01,Vencimentos,18.250304846669998
2019-09-01,Cancelamentos,0.0028640355099999997
2019-09-01,Compras,0.09854365575
2019-09-01,DPFe    (II - IV),-0.013024755383580014
2019-09-01,DPMFi    (I - III),57.10681605566
2019-09-01,Dívida Contratual,0.08665991975708999
2019-09-01,Dívida Contratual,0.03985099503067
2019-09-01,Dívida Mobiliária,0.0
2019-09-01,Dívida Mobiliária,0.05983368011
2019-09-01,EMISSÃO LÍQUIDA,57.093791300276415
2019-09-01,EMISSÕES,65.13644442677709
2019-09-01,Emissão Direta com Financeiro 1,0.0
2019-09-01,Emissão Direta sem Financeiro 2,0.04417389362
2019-09-01,I - DPMFi,65.04978450702
2019-09-01,II - DPFe,0.08665991975708999
2019-09-01,III - DPMFi,7.942968451359999
2019-09-01,IV - DPFe,0.09968467514067
2019-09-01,Oferta Pública,61.57211942237
2019-09-01,Pagamento de Dividendos4,2.9999955481000002
2019-09-01,RESGATES,8.042653126500669
2019-09-01,Tesouro Direto,1.92337080592
2019-09-01,Tesouro Direto,1.6207625387899998
2019-09-01,Trocas Oferta Pública,1.51012038511
2019-09-01,Trocas Oferta Pública,1.51011646236
2019-09-01,Vencimentos,1.71068621085
2019-10-01,Cancelamentos,0.01284363635
2019-10-01,Compras,0.19457707525
2019-10-01,DPFe    (II - IV),-3.06835620049094
2019-10-01,DPMFi    (I - III),-51.57338874349001
2019-10-01,Dívida Contratual,0.26233716814668
2019-10-01,Dívida Contratual,0.10595856866762
2019-10-01,Dívida Mobiliária,0.0
2019-10-01,Dívida Mobiliária,3.2247347999700002
2019-10-01,EMISSÃO LÍQUIDA,-54.64174494398095
2019-10-01,EMISSÕES,59.427213269706684
2019-10-01,Emissão Direta com Financeiro 1,0.0
2019-10-01,Emissão Direta sem Financeiro 2,0.08936704379
2019-10-01,I - DPMFi,59.164876101560004
2019-10-01,II - DPFe,0.26233716814668
2019-10-01,III - DPMFi,110.73826484505001
2019-10-01,IV - DPFe,3.33069336863762
2019-10-01,Oferta Pública,57.082946623990004
2019-10-01,Pagamento de Dividendos4,0.0
2019-10-01,RESGATES,114.06895821368762
2019-10-01,Tesouro Direto,1.99256243378
2019-10-01,Tesouro Direto,1.94312452623
2019-10-01,Trocas Oferta Pública,0.0
2019-10-01,Trocas Oferta Pública,0.0
2019-10-01,Vencimentos,108.58771960722002
2019-11-01,Cancelamentos,0.0012830678
2019-11-01,Compras,0.21160953861999998
2019-11-01,DPFe    (II - IV),7.72894581328865
2019-11-01,DPMFi    (I - III),41.812315334919994
2019-11-01,Dívida Contratual,0.0
2019-11-01,Dívida Contratual,0.11596122084135
2019-11-01,Dívida Mobiliária,12.7023313595
2019-11-01,Dívida Mobiliária,4.857424325369999
2019-11-01,EMISSÃO LÍQUIDA,49.54126114820864
2019-11-01,EMISSÕES,67.65826331339
2019-11-01,Emissão Direta com Financeiro 1,0.0
2019-11-01,Emissão Direta sem Financeiro 2,0.22266230648000002
2019-11-01,I - DPMFi,54.955931953889994
2019-11-01,II - DPFe,12.7023313595
2019-11-01,III - DPMFi,13.14361661897
2019-11-01,IV - DPFe,4.973385546211349
2019-11-01,Oferta Pública,52.867991723429995
2019-11-01,Pagamento de Dividendos4,0.0
2019-11-01,RESGATES,18.11700216518135
2019-11-01,Tesouro Direto,1.86527792398
2019-11-01,Tesouro Direto,2.3938940351199998
2019-11-01,Trocas Oferta Pública,0.0
2019-11-01,Trocas Oferta Pública,0.0
2019-11-01,Vencimentos,10.536829977430001
2019-12-01,Cancelamentos,0.01386536648
2019-12-01,Compras,8.6122390283
2019-12-01,DPFe    (II - IV),0.20334114403934997
2019-12-01,DPMFi    (I - III),19.06501787625
2019-12-01,Dívida Contratual,1.38704980319055
2019-12-01,Dívida Contratual,0.9280296091511999
2019-12-01,Dívida Mobiliária,0.0
2019-12-01,Dívida Mobiliária,0.25567904999999996
2019-12-01,EMISSÃO LÍQUIDA,19.26835902028935
2019-12-01,EMISSÕES,31.71446076803055
2019-12-01,Emissão Direta com Financeiro 1,0.0
2019-12-01,Emissão Direta sem Financeiro 2,0.69720264074
2019-12-01,I - DPMFi,30.327410964840002
2019-12-01,II - DPFe,1.38704980319055
2019-12-01,III - DPMFi,11.262393088589999
2019-12-01,IV - DPFe,1.1837086591512
2019-12-01,Oferta Pública,27.81123347906
2019-12-01,Pagamento de Dividendos4,0.0
2019-12-01,RESGATES,12.4461017477412
2019-12-01,Tesouro Direto,1.8189748450399998
2019-12-01,Tesouro Direto,1.97862176152
2019-12-01,Trocas Oferta Pública,0.0
2019-12-01,Trocas Oferta Pública,0.0
2019-12-01,Vencimentos,0.6576669322900001
2020-01-01,Cancelamentos,0.0048312224100000006
2020-01-01,Compras,0.19971299129
2020-01-01,DPFe    (II - IV),-3.17599935553583
2020-01-01,DPMFi    (I - III),-55.42953085916999
2020-01-01,Dívida Contratual,0.11403515758665
2020-01-01,Dívida Contratual,0.17359199101248002
2020-01-01,Dívida Mobiliária,0.0
2020-01-01,Dívida Mobiliária,3.11644252211
2020-01-01,EMISSÃO LÍQUIDA,-58.605530214705816
2020-01-01,EMISSÕES,63.67183214739665
2020-01-01,Emissão Direta com Financeiro 1,0.0
2020-01-01,Emissão Direta sem Financeiro 2,0.36784132859
2020-01-01,I - DPMFi,63.55779698981
2020-01-01,II - DPFe,0.11403515758665
2020-01-01,III - DPMFi,118.98732784897999
2020-01-01,IV - DPFe,3.29003451312248
2020-01-01,Oferta Pública,61.143261796089995
2020-01-01,Pagamento de Dividendos4,0.0
2020-01-01,RESGATES,122.27736236210247
2020-01-01,Tesouro Direto,2.04669386513
2020-01-01,Tesouro Direto,3.00497439664
2020-01-01,Trocas Oferta Pública,0.0
2020-01-01,Trocas Oferta Pública,0.0
2020-01-01,Vencimentos,115.77780923863999
2020-02-01,Cancelamentos,0.029372561860000004
2020-02-01,Compras,0.13384714464
2020-02-01,DPFe    (II - IV),-0.35919231450678
2020-02-01,DPMFi    (I - III),20.523504894710005
2020-02-01,Dívida Contratual,0.13259913399999998
2020-02-01,Dívida Contratual,0.019603754436780002
2020-02-01,Dívida Mobiliária,0.0
2020-02-01,Dívida Mobiliária,0.47218769407
2020-02-01,EMISSÃO LÍQUIDA,20.164312580203223
2020-02-01,EMISSÕES,42.889948551859995
2020-02-01,Emissão Direta com Financeiro 1,0.0
2020-02-01,Emissão Direta sem Financeiro 2,0.04632295714
2020-02-01,I - DPMFi,42.75734941786
2020-02-01,II - DPFe,0.13259913399999998
2020-02-01,III - DPMFi,22.233844523149997
2020-02-01,IV - DPFe,0.49179144850678
2020-02-01,Oferta Pública,40.14192521705
2020-02-01,Pagamento de Dividendos4,0.0
2020-02-01,RESGATES,22.72563597165678
2020-02-01,Tesouro Direto,1.39371733627
2020-02-01,Tesouro Direto,2.35426959567
2020-02-01,Trocas Oferta Pública,1.1753839074
2020-02-01,Trocas Oferta Pública,1.1753784646
2020-02-01,Vencimentos,18.540976756379997
2020-03-01,Cancelamentos,8.79138e-05
2020-03-01,Compras,35.60695289319
2020-03-01,DPFe    (II - IV),-0.10808640531152901
2020-03-01,DPMFi    (I - III),-121.88458824469998
2020-03-01,Dívida Contratual,0.0
2020-03-01,Dívida Contratual,0.040476899111529
2020-03-01,Dívida Mobiliária,0.0
2020-03-01,Dívida Mobiliária,0.0676095062
2020-03-01,EMISSÃO LÍQUIDA,-121.99267465001151
2020-03-01,EMISSÕES,21.583055746630002
2020-03-01,Emissão Direta com Financeiro 1,0.0
2020-03-01,Emissão Direta sem Financeiro 2,0.51519964548
2020-03-01,I - DPMFi,21.583055746630002
2020-03-01,II - DPFe,0.0
2020-03-01,III - DPMFi,143.46764399133
2020-03-01,IV - DPFe,0.10808640531152901
2020-03-01,Oferta Pública,18.04912742479
2020-03-01,Pagamento de Dividendos4,0.0
2020-03-01,RESGATES,143.57573039664155
2020-03-01,Tesouro Direto,3.0187286763600003
2020-03-01,Tesouro Direto,3.7996241350499997
2020-03-01,Trocas Oferta Pública,0.0
2020-03-01,Trocas Oferta Pública,0.0
2020-03-01,Vencimentos,104.06097904929001
2020-04-01,Cancelamentos,0.03146547951
2020-04-01,Compras,0.051041101510000006
2020-04-01,DPFe    (II - IV),-0.83915231546727
2020-04-01,DPMFi    (I - III),-81.82506326145999
2020-04-01,Dívida Contratual,0.0759373504168
2020-04-01,Dívida Contratual,0.14937568759407
2020-04-01,Dívida Mobiliária,0.0
2020-04-01,Dívida Mobiliária,0.76571397829
2020-04-01,EMISSÃO LÍQUIDA,-82.66421557692726
2020-04-01,EMISSÕES,39.02942870354679
2020-04-01,Emissão Direta com Financeiro 1,0.0
2020-04-01,Emissão Direta sem Financeiro 2,0.08202084739
2020-04-01,I - DPMFi,38.95349135312999
2020-04-01,II - DPFe,0.0759373504168
2020-04-01,III - DPMFi,120.77855461458999
2020-04-01,IV - DPFe,0.9150896658840699
2020-04-01,Oferta Pública,35.90580756276999
2020-04-01,Pagamento de Dividendos4,0.0
2020-04-01,RESGATES,121.69364428047405
2020-04-01,Tesouro Direto,2.96566294297
2020-04-01,Tesouro Direto,1.39707338393
2020-04-01,Trocas Oferta Pública,0.0
2020-04-01,Trocas Oferta Pública,0.0
2020-04-01,Vencimentos,119.29897464963999
2020-05-01,Cancelamentos,0.037880173409999995
2020-05-01,Compras,0.09840257695
2020-05-01,DPFe    (II - IV),-0.35743226319726
2020-05-01,DPMFi    (I - III),73.93756890645002
2020-05-01,Dívida Contratual,0.00973033933076
2020-05-01,Dívida Contratual,0.14164582342801998
2020-05-01,Dívida Mobiliária,0.0
2020-05-01,Dívida Mobiliária,0.2255167791
2020-05-01,EMISSÃO LÍQUIDA,73.58013664325276
2020-05-01,EMISSÕES,86.65114895233079
2020-05-01,Emissão Direta com Financeiro 1,0.0
2020-05-01,Emissão Direta sem Financeiro 2,0.03150061993
2020-05-01,I - DPMFi,86.64141861300001
2020-05-01,II - DPFe,0.00973033933076
2020-05-01,III - DPMFi,12.703849706549997
2020-05-01,IV - DPFe,0.36716260252801997
2020-05-01,Oferta Pública,84.48462353498002
2020-05-01,Pagamento de Dividendos4,0.0
2020-05-01,RESGATES,13.071012309078018
2020-05-01,Tesouro Direto,2.1252944580900004
2020-05-01,Tesouro Direto,1.3654283973799999
2020-05-01,Trocas Oferta Pública,0.0
2020-05-01,Trocas Oferta Pública,0.0
2020-05-01,Vencimentos,11.202138558809999
2020-06-01,Cancelamentos,4.10486e-06
2020-06-01,Compras,0.12168752404
2020-06-01,DPFe    (II - IV),15.57533141077156
2020-06-01,DPMFi    (I - III),99.18070886885
2020-06-01,Dívida Contratual,0.08774774045884
2020-06-01,Dívida Contratual,1.22792899468728
2020-06-01,Dívida Mobiliária,17.1045
2020-06-01,Dívida Mobiliária,0.38898733500000005
2020-06-01,EMISSÃO LÍQUIDA,114.75604027962156
2020-06-01,EMISSÕES,118.78286506102884
2020-06-01,Emissão Direta com Financeiro 1,0.0
2020-06-01,Emissão Direta sem Financeiro 2,0.14757174703
2020-06-01,I - DPMFi,101.59061732057
2020-06-01,II - DPFe,17.19224774045884
2020-06-01,III - DPMFi,2.4099084517200002
2020-06-01,IV - DPFe,1.61691632968728
2020-06-01,Oferta Pública,99.39106236963
2020-06-01,Pagamento de Dividendos4,0.0
2020-06-01,RESGATES,4.02682478140728
2020-06-01,Tesouro Direto,2.05198320391
2020-06-01,Tesouro Direto,1.7218452535400002
2020-06-01,Trocas Oferta Pública,0.0
2020-06-01,Trocas Oferta Pública,0.0
2020-06-01,Vencimentos,0.56637156928
2020-07-01,Cancelamentos,3.38018e-06
2020-07-01,Compras,0.14797144999
2020-07-01,DPFe    (II - IV),-3.72320848263145
2020-07-01,DPMFi    (I - III),-54.75006945721997
2020-07-01,Dívida Contratual,0.03538946575831
2020-07-01,Dívida Contratual,0.19732263265976
2020-07-01,Dívida Mobiliária,0.0
2020-07-01,Dívida Mobiliária,3.5612753157299997
2020-07-01,EMISSÃO LÍQUIDA,-58.47327793985143
2020-07-01,EMISSÕES,156.3561799226083
2020-07-01,Emissão Direta com Financeiro 1,0.0
2020-07-01,Emissão Direta sem Financeiro 2,0.04065351552
2020-07-01,I - DPMFi,156.32079045685
2020-07-01,II - DPFe,0.03538946575831
2020-07-01,III - DPMFi,211.07085991406996
2020-07-01,IV - DPFe,3.75859794838976
2020-07-01,Oferta Pública,153.47949346586998
2020-07-01,Pagamento de Dividendos4,0.0
2020-07-01,RESGATES,214.82945786245975
2020-07-01,Tesouro Direto,1.96996284527
2020-07-01,Tesouro Direto,2.19669095597
2020-07-01,Trocas Oferta Pública,0.8306806301899999
2020-07-01,Trocas Oferta Pública,0.83068009016
2020-07-01,Vencimentos,207.89551403777
2020-08-01,Cancelamentos,0.0
2020-08-01,Compras,0.07910166098
2020-08-01,DPFe    (II - IV),-0.30436959132169006
2020-08-01,DPMFi    (I - III),32.1984173113
2020-08-01,Dívida Contratual,0.31279065600146005
2020-08-01,Dívida Contratual,0.016771191383150003
2020-08-01,Dívida Mobiliária,0.0
2020-08-01,Dívida Mobiliária,0.60038905594
2020-08-01,EMISSÃO LÍQUIDA,31.89404771997831
2020-08-01,EMISSÕES,114.10232625338148
2020-08-01,Emissão Direta com Financeiro 1,0.0
2020-08-01,Emissão Direta sem Financeiro 2,0.02797246816
2020-08-01,I - DPMFi,113.78953559738001
2020-08-01,II - DPFe,0.31279065600146005
2020-08-01,III - DPMFi,81.59111828608
2020-08-01,IV - DPFe,0.6171602473231501
2020-08-01,Oferta Pública,111.53957345449001
2020-08-01,Pagamento de Dividendos4,0.0
2020-08-01,RESGATES,82.20827853340315
2020-08-01,Tesouro Direto,2.22198967473
2020-08-01,Tesouro Direto,3.3610332748499996
2020-08-01,Trocas Oferta Pública,0.0
2020-08-01,Trocas Oferta Pública,0.0
2020-08-01,Vencimentos,78.15098335025002
2020-09-01,Cancelamentos,2.941351e-05
2020-09-01,Compras,0.08041101385999999
2020-09-01,DPFe    (II - IV),0.15068385055888
2020-09-01,DPMFi    (I - III),80.55039032114001
2020-09-01,Dívida Contratual,0.26674811595557
2020-09-01,Dívida Contratual,0.03915716055669
2020-09-01,Dívida Mobiliária,0.0
2020-09-01,Dívida Mobiliária,0.07690710484
2020-09-01,EMISSÃO LÍQUIDA,80.7010741716989
2020-09-01,EMISSÕES,155.26717555002557
2020-09-01,Emissão Direta com Financeiro 1,0.0
2020-09-01,Emissão Direta sem Financeiro 2,0.029583867939999998
2020-09-01,I - DPMFi,155.00042743407002
2020-09-01,II - DPFe,0.26674811595557
2020-09-01,III - DPMFi,74.45003711292999
2020-09-01,IV - DPFe,0.11606426539669
2020-09-01,Oferta Pública,153.11520028781
2020-09-01,Pagamento de Dividendos4,0.0
2020-09-01,RESGATES,74.56610137832668
2020-09-01,Tesouro Direto,1.8556432783200003
2020-09-01,Tesouro Direto,2.0241226378899997
2020-09-01,Trocas Oferta Pública,0.0
2020-09-01,Trocas Oferta Pública,0.0
2020-09-01,Vencimentos,72.34547404767
2020-10-01,Cancelamentos,0.00026988192
2020-10-01,Compras,0.10351786048000002
2020-10-01,DPFe    (II - IV),-0.8321913758005001
2020-10-01,DPMFi    (I - III),76.78780082773997
2020-10-01,Dívida Contratual,0.0
2020-10-01,Dívida Contratual,0.1886391205505
2020-10-01,Dívida Mobiliária,0.0
2020-10-01,Dívida Mobiliária,0.64355225525
2020-10-01,EMISSÃO LÍQUIDA,75.95560945193948
2020-10-01,EMISSÕES,173.26176343484
2020-10-01,Emissão Direta com Financeiro 1,0.0
2020-10-01,Emissão Direta sem Financeiro 2,1.25997344441
2020-10-01,I - DPMFi,173.26176343484
2020-10-01,II - DPFe,0.0
2020-10-01,III - DPMFi,96.4739626071
2020-10-01,IV - DPFe,0.8321913758005001
2020-10-01,Oferta Pública,170.46531752613
2020-10-01,Pagamento de Dividendos4,0.0
2020-10-01,RESGATES,97.30615398290051
2020-10-01,Tesouro Direto,1.5364724643
2020-10-01,Tesouro Direto,2.00837063511
2020-10-01,Trocas Oferta Pública,0.0
2020-10-01,Trocas Oferta Pública,0.0
2020-10-01,Vencimentos,94.36180422959
2020-11-01,Cancelamentos,0.006439294039999999
2020-11-01,Compras,0.13088237198
2020-11-01,DPFe    (II - IV),-0.40679478305426003
2020-11-01,DPMFi    (I - III),140.07290164047004
2020-11-01,Dívida Contratual,0.16813689569542
2020-11-01,Dívida Contratual,0.12255953481968
2020-11-01,Dívida Mobiliária,0.0
2020-11-01,Dívida Mobiliária,0.45237214392999997
2020-11-01,EMISSÃO LÍQUIDA,139.66610685741574
2020-11-01,EMISSÕES,158.81855388468546
2020-11-01,Emissão Direta com Financeiro 1,0.0
2020-11-01,Emissão Direta sem Financeiro 2,0.18726411146000002
2020-11-01,I - DPMFi,158.65041698899003
2020-11-01,II - DPFe,0.16813689569542
2020-11-01,III - DPMFi,18.57751534852
2020-11-01,IV - DPFe,0.57493167874968
2020-11-01,Oferta Pública,154.91434618227
2020-11-01,Pagamento de Dividendos4,0.0
2020-11-01,RESGATES,19.152447027269677
2020-11-01,Tesouro Direto,1.54673141964
2020-11-01,Tesouro Direto,1.5184502051
2020-11-01,Trocas Oferta Pública,2.0020752756199998
2020-11-01,Trocas Oferta Pública,2.0020593324
2020-11-01,Vencimentos,14.919684145
2020-12-01,Cancelamentos,0.00022332618999999998
2020-12-01,Compras,0.14757967639
2020-12-01,DPFe    (II - IV),12.498951458395748
2020-12-01,DPMFi    (I - III),180.84175758948
2020-12-01,Dívida Contratual,0.73635339524064
2020-12-01,Dívida Contratual,1.18286085986489
2020-12-01,Dívida Mobiliária,13.383871244859998
2020-12-01,Dívida Mobiliária,0.43841232184
2020-12-01,EMISSÃO LÍQUIDA,193.34070904787578
2020-12-01,EMISSÕES,198.56254706498066
2020-12-01,Emissão Direta com Financeiro 1,0.0
2020-12-01,Emissão Direta sem Financeiro 2,0.71744961929
2020-12-01,I - DPMFi,184.44232242488002
2020-12-01,II - DPFe,14.120224640100638
2020-12-01,III - DPMFi,3.6005648353999997
2020-12-01,IV - DPFe,1.62127318170489
2020-12-01,Oferta Pública,181.84301417202002
2020-12-01,Pagamento de Dividendos4,0.0
2020-12-01,RESGATES,5.221838017104889
2020-12-01,Tesouro Direto,1.8818586335700003
2020-12-01,Tesouro Direto,1.9521778881899998
2020-12-01,Trocas Oferta Pública,0.0
2020-12-01,Trocas Oferta Pública,0.0
2020-12-01,Vencimentos,1.50058394463
2021-01-01,Cancelamentos,0.00011287517999999999
2021-01-01,Compras,0.16642259219
2021-01-01,DPFe    (II - IV),-18.595984279974918
2021-01-01,DPMFi    (I - III),25.409941933329975
2021-01-01,Dívida Contratual,0.0
2021-01-01,Dívida Contratual,0.18844632929492
2021-01-01,Dívida Mobiliária,0.0
2021-01-01,Dívida Mobiliária,18.40753795068
2021-01-01,EMISSÃO LÍQUIDA,6.813957653355057
2021-01-01,EMISSÕES,155.35422633694
2021-01-01,Emissão Direta com Financeiro 1,0.0
2021-01-01,Emissão Direta sem Financeiro 2,0.12883666267000002
2021-01-01,I - DPMFi,155.35422633694
2021-01-01,II - DPFe,0.0
2021-01-01,III - DPMFi,129.94428440361003
2021-01-01,IV - DPFe,18.595984279974918
2021-01-01,Oferta Pública,152.93264336402999
2021-01-01,Pagamento de Dividendos4,0.0
2021-01-01,RESGATES,148.54026868358494
2021-01-01,Tesouro Direto,2.2927463102399996
2021-01-01,Tesouro Direto,3.02742661629
2021-01-01,Trocas Oferta Pública,0.0
2021-01-01,Trocas Oferta Pública,0.0
2021-01-01,Vencimentos,126.75032231995
2021-02-01,Cancelamentos,4.230208e-05
2021-02-01,Compras,0.05371363331000001
2021-02-01,DPFe    (II - IV),6.63766739014453
2021-02-01,DPMFi    (I - III),104.87091683192001
2021-02-01,Dívida Contratual,7.23809401405838
2021-02-01,Dívida Contratual,0.01507653903385
2021-02-01,Dívida Mobiliária,0.0
2021-02-01,Dívida Mobiliária,0.58535008488
2021-02-01,EMISSÃO LÍQUIDA,111.50858422206454
2021-02-01,EMISSÕES,177.9683297209484
2021-02-01,Emissão Direta com Financeiro 1,0.0
2021-02-01,Emissão Direta sem Financeiro 2,1.1800035958
2021-02-01,I - DPMFi,170.73023570689
2021-02-01,II - DPFe,7.23809401405838
2021-02-01,III - DPMFi,65.85931887496999
2021-02-01,IV - DPFe,0.60042662391385
2021-02-01,Oferta Pública,121.3704266263
2021-02-01,Pagamento de Dividendos4,0.0
2021-02-01,RESGATES,66.45974549888385
2021-02-01,Tesouro Direto,1.81370949324
2021-02-01,Tesouro Direto,1.82278275219
2021-02-01,Trocas Oferta Pública,46.366095991550004
2021-02-01,Trocas Oferta Pública,46.36603673582
2021-02-01,Vencimentos,17.616743451570002
2021-03-01,Cancelamentos,0.00025870024
2021-03-01,Compras,0.047183656549999994
2021-03-01,DPFe    (II - IV),0.12367096263476002
2021-03-01,DPMFi    (I - III),1.111928534250008
2021-03-01,Dívida Contratual,0.24598901625498001
2021-03-01,Dívida Contratual,0.039557929250219996
2021-03-01,Dívida Mobiliária,0.0
2021-03-01,Dívida Mobiliária,0.08276012437
2021-03-01,EMISSÃO LÍQUIDA,1.235599496884768
2021-03-01,EMISSÕES,164.770406925575
2021-03-01,Emissão Direta com Financeiro 1,0.0
2021-03-01,Emissão Direta sem Financeiro 2,0.03690441806
2021-03-01,I - DPMFi,164.52441790932
2021-03-01,II - DPFe,0.24598901625498001
2021-03-01,III - DPMFi,163.41248937507
2021-03-01,IV - DPFe,0.12231805362022
2021-03-01,Oferta Pública,139.21253488342
2021-03-01,Pagamento de Dividendos4,0.0
2021-03-01,RESGATES,163.53480742869021
2021-03-01,Tesouro Direto,3.3922658994500003
2021-03-01,Tesouro Direto,4.1007178183
2021-03-01,Trocas Oferta Pública,21.88271270839
2021-03-01,Trocas Oferta Pública,21.882704457939997
2021-03-01,Vencimentos,137.38162474203997
2021-04-01,Cancelamentos,8.745304e-05
2021-04-01,Compras,0.06658013468
2021-04-01,DPFe    (II - IV),-7.51975353932697
2021-04-01,DPMFi    (I - III),-159.4550331261201
2021-04-01,Dívida Contratual,0.21291715354094
2021-04-01,Dívida Contratual,0.20398066584791003
2021-04-01,Dívida Mobiliária,0.0
2021-04-01,Dívida Mobiliária,7.52869002702
2021-04-01,EMISSÃO LÍQUIDA,-166.97478666544708
2021-04-01,EMISSÕES,173.67062080713094
2021-04-01,Emissão Direta com Financeiro 1,0.0
2021-04-01,Emissão Direta sem Financeiro 2,0.04904868241
2021-04-01,I - DPMFi,173.45770365359
2021-04-01,II - DPFe,0.21291715354094
2021-04-01,III - DPMFi,332.9127367797101
2021-04-01,IV - DPFe,7.732670692867909
2021-04-01,Oferta Pública,171.23737555203
2021-04-01,Pagamento de Dividendos4,0.0
2021-04-01,RESGATES,340.645407472578
2021-04-01,Tesouro Direto,2.1712794191500002
2021-04-01,Tesouro Direto,1.5579184065099998
2021-04-01,Trocas Oferta Pública,0.0
2021-04-01,Trocas Oferta Pública,0.0
2021-04-01,Vencimentos,331.28815078548007
2021-05-01,Cancelamentos,0.00011019416
2021-05-01,Compras,0.10137282124000001
2021-05-01,DPFe    (II - IV),-0.30314682800926
2021-05-01,DPMFi    (I - III),58.30138747289997
2021-05-01,Dívida Contratual,0.01782837036079
2021-05-01,Dívida Contratual,0.11665883228005
2021-05-01,Dívida Mobiliária,0.0
2021-05-01,Dívida Mobiliária,0.20431636609
2021-05-01,EMISSÃO LÍQUIDA,57.99824064489071
2021-05-01,EMISSÕES,156.82108492191077
2021-05-01,Emissão Direta com Financeiro 1,0.0
2021-05-01,Emissão Direta sem Financeiro 2,0.07070584505
2021-05-01,I - DPMFi,156.80325655154996
2021-05-01,II - DPFe,0.01782837036079
2021-05-01,III - DPMFi,98.50186907865
2021-05-01,IV - DPFe,0.32097519837005
2021-05-01,Oferta Pública,154.60971836653
2021-05-01,Pagamento de Dividendos4,2.81614148979
2021-05-01,RESGATES,98.82284427702007
2021-05-01,Tesouro Direto,2.1228323399700004
2021-05-01,Tesouro Direto,1.5256133441599997
2021-05-01,Trocas Oferta Pública,0.0
2021-05-01,Trocas Oferta Pública,0.0
2021-05-01,Vencimentos,94.0586312293
2021-06-01,Cancelamentos,0.0006476237300000001
2021-06-01,Compras,0.09755570357
2021-06-01,DPFe    (II - IV),4.703620638274612
2021-06-01,DPMFi    (I - III),133.42542974849997
2021-06-01,Dívida Contratual,6.607013921668021
2021-06-01,Dívida Contratual,1.1964424396434101
2021-06-01,Dívida Mobiliária,0.0
2021-06-01,Dívida Mobiliária,0.70695084375
2021-06-01,EMISSÃO LÍQUIDA,138.1290503867746
2021-06-01,EMISSÕES,142.143526633828
2021-06-01,Emissão Direta com Financeiro 1,0.0
2021-06-01,Emissão Direta sem Financeiro 2,0.05363842251
2021-06-01,I - DPMFi,135.53651271215998
2021-06-01,II - DPFe,6.607013921668021
2021-06-01,III - DPMFi,2.1110829636599995
2021-06-01,IV - DPFe,1.90339328339341
2021-06-01,Oferta Pública,133.14098294867
2021-06-01,Pagamento de Dividendos4,0.0
2021-06-01,RESGATES,4.01447624705341
2021-06-01,Tesouro Direto,2.3418913409799997
2021-06-01,Tesouro Direto,1.53482029238
2021-06-01,Trocas Oferta Pública,0.0
2021-06-01,Trocas Oferta Pública,0.0
2021-06-01,Vencimentos,0.47805934398
2021-07-01,Cancelamentos,0.00014327827000000003
2021-07-01,Compras,0.07523077824
2021-07-01,DPFe    (II - IV),8.226697855934592
2021-07-01,DPMFi    (I - III),16.140598883979983
2021-07-01,Dívida Contratual,0.12714895595529
2021-07-01,Dívida Contratual,0.1779016464207
2021-07-01,Dívida Mobiliária,11.79899824375
2021-07-01,Dívida Mobiliária,3.52154769735
2021-07-01,EMISSÃO LÍQUIDA,24.367296739914575
2021-07-01,EMISSÕES,142.4434192169253
2021-07-01,Emissão Direta com Financeiro 1,0.0
2021-07-01,Emissão Direta sem Financeiro 2,0.57318709372
2021-07-01,I - DPMFi,130.51727201722
2021-07-01,II - DPFe,11.92614719970529
2021-07-01,III - DPMFi,114.37667313324
2021-07-01,IV - DPFe,3.6994493437706994
2021-07-01,Oferta Pública,127.48391731518
2021-07-01,Pagamento de Dividendos4,0.0
2021-07-01,RESGATES,118.07612247701071
2021-07-01,Tesouro Direto,2.46016760832
2021-07-01,Tesouro Direto,1.5260979588099999
2021-07-01,Trocas Oferta Pública,0.0
2021-07-01,Trocas Oferta Pública,0.0
2021-07-01,Vencimentos,112.77520111792
2021-08-01,Cancelamentos,0.0001344468
2021-08-01,Compras,0.057982925180000006
2021-08-01,DPFe    (II - IV),0.7444935598485399
2021-08-01,DPMFi    (I - III),44.78105711820999
2021-08-01,Dívida Contratual,1.3388956620749
2021-08-01,Dívida Contratual,0.01178305823636
2021-08-01,Dívida Mobiliária,0.0
2021-08-01,Dívida Mobiliária,0.58261904399
2021-08-01,EMISSÃO LÍQUIDA,45.525550678058536
2021-08-01,EMISSÕES,72.03106140362489
2021-08-01,Emissão Direta com Financeiro 1,0.0
2021-08-01,Emissão Direta sem Financeiro 2,0.19316670396000002
2021-08-01,I - DPMFi,70.69216574155
2021-08-01,II - DPFe,1.3388956620749
2021-08-01,III - DPMFi,25.91110862334
2021-08-01,IV - DPFe,0.59440210222636
2021-08-01,Oferta Pública,67.18656845881999
2021-08-01,Pagamento de Dividendos4,0.0
2021-08-01,RESGATES,26.505510725566356
2021-08-01,Tesouro Direto,3.3124305787699995
2021-08-01,Tesouro Direto,2.0237067739200003
2021-08-01,Trocas Oferta Pública,0.0
2021-08-01,Trocas Oferta Pública,0.0
2021-08-01,Vencimentos,23.82928447744
2021-09-01,Cancelamentos,0.00055083964
2021-09-01,Compras,0.0433623717
2021-09-01,DPFe    (II - IV),-0.012595099355729986
2021-09-01,DPMFi    (I - III),-90.25601097313
2021-09-01,Dívida Contratual,0.15294501743088
2021-09-01,Dívida Contratual,0.09019740676661
2021-09-01,Dívida Mobiliária,0.0
2021-09-01,Dívida Mobiliária,0.07534271002
2021-09-01,EMISSÃO LÍQUIDA,-90.26860607248574
2021-09-01,EMISSÕES,145.9302284841209
2021-09-01,Emissão Direta com Financeiro 1,0.0
2021-09-01,Emissão Direta sem Financeiro 2,1.50410310744
2021-09-01,I - DPMFi,145.77728346669002
2021-09-01,II - DPFe,0.15294501743088
2021-09-01,III - DPMFi,236.03329443982003
2021-09-01,IV - DPFe,0.16554011678661
2021-09-01,Oferta Pública,141.39028596687004
2021-09-01,Pagamento de Dividendos4,0.0
2021-09-01,RESGATES,236.19883455660664
2021-09-01,Tesouro Direto,2.88289439238
2021-09-01,Tesouro Direto,1.64435751555
2021-09-01,Trocas Oferta Pública,0.0
2021-09-01,Trocas Oferta Pública,0.0
2021-09-01,Vencimentos,234.34502371293004
2021-10-01,Cancelamentos,0.00404778243
2021-10-01,Compras,0.053918083389999996
2021-10-01,DPFe    (II - IV),-0.83523844690195
2021-10-01,DPMFi    (I - III),-124.99950436841002
2021-10-01,Dívida Contratual,0.0
2021-10-01,Dívida Contratual,0.20563863943195
2021-10-01,Dívida Mobiliária,0.0
2021-10-01,Dívida Mobiliária,0.6295998074700001
2021-10-01,EMISSÃO LÍQUIDA,-125.83474281531196
2021-10-01,EMISSÕES,146.41738991648003
2021-10-01,Emissão Direta com Financeiro 1,0.0
2021-10-01,Emissão Direta sem Financeiro 2,0.08013849628
2021-10-01,I - DPMFi,146.41738991648003
2021-10-01,II - DPFe,0.0
2021-10-01,III - DPMFi,271.41689428489
2021-10-01,IV - DPFe,0.83523844690195
2021-10-01,Oferta Pública,142.8312289492
2021-10-01,Pagamento de Dividendos4,0.0
2021-10-01,RESGATES,272.252132731792
2021-10-01,Tesouro Direto,3.506022471
2021-10-01,Tesouro Direto,1.59000114488
2021-10-01,Trocas Oferta Pública,0.0
2021-10-01,Trocas Oferta Pública,0.0
2021-10-01,Vencimentos,269.76892727419
2021-11-01,Cancelamentos,0.02298622402
2021-11-01,Compras,0.06432819253
2021-11-01,DPFe    (II - IV),-0.36293681826951
2021-11-01,DPMFi    (I - III),84.99907893161999
2021-11-01,Dívida Contratual,0.14248539313116002
2021-11-01,Dívida Contratual,0.042617835920670005
2021-11-01,Dívida Mobiliária,0.0
2021-11-01,Dívida Mobiliária,0.46280437548
2021-11-01,EMISSÃO LÍQUIDA,84.63614211335049
2021-11-01,EMISSÕES,102.91587911892117
2021-11-01,Emissão Direta com Financeiro 1,0.0
2021-11-01,Emissão Direta sem Financeiro 2,4.65276494385
2021-11-01,I - DPMFi,102.77339372579
2021-11-01,II - DPFe,0.14248539313116002
2021-11-01,III - DPMFi,17.774314794169996
2021-11-01,IV - DPFe,0.50542221140067
2021-11-01,Oferta Pública,95.12735997618
2021-11-01,Pagamento de Dividendos4,0.0
2021-11-01,RESGATES,18.279737005570666
2021-11-01,Tesouro Direto,2.99326880576
2021-11-01,Tesouro Direto,1.68701910146
2021-11-01,Trocas Oferta Pública,0.0
2021-11-01,Trocas Oferta Pública,0.0
2021-11-01,Vencimentos,15.999981276159998
2021-12-01,Cancelamentos,0.024206273230000002
2021-12-01,Compras,0.04073340157000001
2021-12-01,DPFe    (II - IV),-1.00273513253426
2021-12-01,DPMFi    (I - III),68.91007249646
2021-12-01,Dívida Contratual,0.6991942980951401
2021-12-01,Dívida Contratual,1.1795661337594
2021-12-01,Dívida Mobiliária,0.0
2021-12-01,Dívida Mobiliária,0.52236329687
2021-12-01,EMISSÃO LÍQUIDA,67.90733736392575
2021-12-01,EMISSÕES,76.21426016990515
2021-12-01,Emissão Direta com Financeiro 1,0.0
2021-12-01,Emissão Direta sem Financeiro 2,0.18699890135
2021-12-01,I - DPMFi,75.51506587181001
2021-12-01,II - DPFe,0.6991942980951401
2021-12-01,III - DPMFi,6.60499337535
2021-12-01,IV - DPFe,1.7019294306294
2021-12-01,Oferta Pública,72.03421235612
2021-12-01,Pagamento de Dividendos4,0.0
2021-12-01,RESGATES,8.3069228059794
2021-12-01,Tesouro Direto,3.29385461434
2021-12-01,Tesouro Direto,1.5026135567199999
2021-12-01,Trocas Oferta Pública,0.0
2021-12-01,Trocas Oferta Pública,0.0
2021-12-01,Vencimentos,5.0374401438300005
2022-01-01,Cancelamentos,8.509441e-05
2022-01-01,Compras,0.06710336213
2022-01-01,DPFe    (II - IV),-5.877745948001199
2022-01-01,DPMFi    (I - III),-24.34530047594999
2022-01-01,Dívida Contratual,0.04754400881754001
2022-01-01,Dívida Contratual,0.18514995295873998
2022-01-01,Dívida Mobiliária,0.0
2022-01-01,Dívida Mobiliária,5.74014000386
2022-01-01,EMISSÃO LÍQUIDA,-30.22304642395119
2022-01-01,EMISSÕES,119.00807017058754
2022-01-01,Emissão Direta com Financeiro 1,0.0
2022-01-01,Emissão Direta sem Financeiro 2,2.04984671547
2022-01-01,I - DPMFi,118.96052616177
2022-01-01,II - DPFe,0.04754400881754001
2022-01-01,III - DPMFi,143.30582663772
2022-01-01,IV - DPFe,5.925289956818739
2022-01-01,Oferta Pública,113.40692934505
2022-01-01,Pagamento de Dividendos4,0.0
2022-01-01,RESGATES,149.23111659453872
2022-01-01,Tesouro Direto,3.50375010125
2022-01-01,Tesouro Direto,2.47708922972
2022-01-01,Trocas Oferta Pública,0.0
2022-01-01,Trocas Oferta Pública,0.0
2022-01-01,Vencimentos,140.76154895146
2022-02-01,Cancelamentos,0.0013511081799999999
2022-02-01,Compras,0.03158188193
2022-02-01,DPFe    (II - IV),-0.4910983041545
2022-02-01,DPMFi    (I - III),78.64242264010001
2022-02-01,Dívida Contratual,0.08031999999999999
2022-02-01,Dívida Contratual,0.010915333784499999
2022-02-01,Dívida Mobiliária,0.0
2022-02-01,Dívida Mobiliária,0.56050297037
2022-02-01,EMISSÃO LÍQUIDA,78.1513243359455
2022-02-01,EMISSÕES,109.00575822262
2022-02-01,Emissão Direta com Financeiro 1,0.0
2022-02-01,Emissão Direta sem Financeiro 2,0.03306042443
2022-02-01,I - DPMFi,108.92543822262
2022-02-01,II - DPFe,0.08031999999999999
2022-02-01,III - DPMFi,30.283015582519997
2022-02-01,IV - DPFe,0.5714183041545
2022-02-01,Oferta Pública,105.70563825161
2022-02-01,Pagamento de Dividendos4,0.0
2022-02-01,RESGATES,30.8544338866745
2022-02-01,Tesouro Direto,3.18673954658
2022-02-01,Tesouro Direto,1.66661146806
2022-02-01,Trocas Oferta Pública,0.0
2022-02-01,Trocas Oferta Pública,0.0
2022-02-01,Vencimentos,28.583471124349998
2022-03-01,Cancelamentos,0.0046054031599999995
2022-03-01,Compras,0.01676309075
2022-03-01,DPFe    (II - IV),-0.35475028063906
2022-03-01,DPMFi    (I - III),-204.30565233223996
2022-03-01,Dívida Contratual,0.0056388833431
2022-03-01,Dívida Contratual,0.09414111437216001
2022-03-01,Dívida Mobiliária,0.0
2022-03-01,Dívida Mobiliária,0.26624804961000004
2022-03-01,EMISSÃO LÍQUIDA,-204.66040261287904
2022-03-01,EMISSÕES,66.97669622534309
2022-03-01,Emissão Direta com Financeiro 1,0.0
2022-03-01,Emissão Direta sem Financeiro 2,0.06267988699
2022-03-01,I - DPMFi,66.971057342
2022-03-01,II - DPFe,0.0056388833431
2022-03-01,III - DPMFi,271.27670967423995
2022-03-01,IV - DPFe,0.36038916398216003
2022-03-01,Oferta Pública,62.776309806469996
2022-03-01,Pagamento de Dividendos4,0.0
2022-03-01,RESGATES,271.63709883822213
2022-03-01,Tesouro Direto,4.13206764854
2022-03-01,Tesouro Direto,2.02291093764
2022-03-01,Trocas Oferta Pública,0.0
2022-03-01,Trocas Oferta Pública,0.0
2022-03-01,Vencimentos,269.23243024269
2022-04-01,Cancelamentos,0.00010972248
2022-04-01,Compras,0.03556316299
2022-04-01,DPFe    (II - IV),-0.7157540370128199
2022-04-01,DPMFi    (I - III),-39.93002042526998
2022-04-01,Dívida Contratual,0.0
2022-04-01,Dívida Contratual,0.17290584985282
2022-04-01,Dívida Mobiliária,0.0
2022-04-01,Dívida Mobiliária,0.5428481871599999
2022-04-01,EMISSÃO LÍQUIDA,-40.645774462282795
2022-04-01,EMISSÕES,88.69078069067001
2022-04-01,Emissão Direta com Financeiro 1,0.0
2022-04-01,Emissão Direta sem Financeiro 2,0.0607181963
2022-04-01,I - DPMFi,88.69078069067001
2022-04-01,II - DPFe,0.0
2022-04-01,III - DPMFi,128.62080111594
2022-04-01,IV - DPFe,0.7157540370128199
2022-04-01,Oferta Pública,85.50506669221001
2022-04-01,Pagamento de Dividendos4,0.0
2022-04-01,RESGATES,129.33655515295283
2022-04-01,Tesouro Direto,3.12499580216
2022-04-01,Tesouro Direto,1.65110031523
2022-04-01,Trocas Oferta Pública,0.0
2022-04-01,Trocas Oferta Pública,0.0
2022-04-01,Vencimentos,126.93402791524
2022-05-01,Cancelamentos,0.0
2022-05-01,Compras,0.040172985339999995
2022-05-01,DPFe    (II - IV),3.78774953181418
2022-05-01,DPMFi    (I - III),65.39627313046002
2022-05-01,Dívida Contratual,4.23379476728151
2022-05-01,Dívida Contratual,0.03576338998733
2022-05-01,Dívida Mobiliária,0.0
2022-05-01,Dívida Mobiliária,0.41028184548
2022-05-01,EMISSÃO LÍQUIDA,69.18402266227419
2022-05-01,EMISSÕES,90.29578849833152
2022-05-01,Emissão Direta com Financeiro 1,0.0
2022-05-01,Emissão Direta sem Financeiro 2,0.16550746617
2022-05-01,I - DPMFi,86.06199373105001
2022-05-01,II - DPFe,4.23379476728151
2022-05-01,III - DPMFi,20.665720600589996
2022-05-01,IV - DPFe,0.44604523546733005
2022-05-01,Oferta Pública,81.98954347839
2022-05-01,Pagamento de Dividendos4,0.0
2022-05-01,RESGATES,21.111765836057327
2022-05-01,Tesouro Direto,3.9069427864899997
2022-05-01,Tesouro Direto,2.14279882436
2022-05-01,Trocas Oferta Pública,0.0
2022-05-01,Trocas Oferta Pública,0.0
2022-05-01,Vencimentos,18.482748790889996
2022-06-01,Cancelamentos,0.0025795109
2022-06-01,Compras,0.039891034500000006
2022-06-01,DPFe    (II - IV),0.0074301938103999415
2022-06-01,DPMFi    (I - III),67.32530634271998
2022-06-01,Dívida Contratual,1.38070193227623
2022-06-01,Dívida Contratual,0.91497637909583
2022-06-01,Dívida Mobiliária,0.0
2022-06-01,Dívida Mobiliária,0.45829535937000004
2022-06-01,EMISSÃO LÍQUIDA,67.33273653653039
2022-06-01,EMISSÕES,71.33916506302621
2022-06-01,Emissão Direta com Financeiro 1,0.0
2022-06-01,Emissão Direta sem Financeiro 2,0.49990542078
2022-06-01,I - DPMFi,69.95846313074998
2022-06-01,II - DPFe,1.38070193227623
2022-06-01,III - DPMFi,2.63315678803
2022-06-01,IV - DPFe,1.37327173846583
2022-06-01,Oferta Pública,65.79098390523
2022-06-01,Pagamento de Dividendos4,0.0
2022-06-01,RESGATES,4.00642852649583
2022-06-01,Tesouro Direto,3.66757380474
2022-06-01,Tesouro Direto,2.1345201966999996
2022-06-01,Trocas Oferta Pública,0.0
2022-06-01,Trocas Oferta Pública,0.0
2022-06-01,Vencimentos,0.45616604593
2022-07-01,Cancelamentos,0.0
2022-07-01,Compras,0.04772843132
2022-07-01,DPFe    (II - IV),-3.13403968232279
2022-07-01,DPMFi    (I - III),-78.48946439505002
2022-07-01,Dívida Contratual,0.20011267140563002
2022-07-01,Dívida Contratual,0.02533220947842
2022-07-01,Dívida Mobiliária,0.0
2022-07-01,Dívida Mobiliária,3.30882014425
2022-07-01,EMISSÃO LÍQUIDA,-81.62350407737281
2022-07-01,EMISSÕES,62.430080648855636
2022-07-01,Emissão Direta com Financeiro 1,0.0
2022-07-01,Emissão Direta sem Financeiro 2,1.1052617757199998
2022-07-01,I - DPMFi,62.22996797745
2022-07-01,II - DPFe,0.20011267140563002
2022-07-01,III - DPMFi,140.71943237250002
2022-07-01,IV - DPFe,3.33415235372842
2022-07-01,Oferta Pública,57.118077551830005
2022-07-01,Pagamento de Dividendos4,0.0
2022-07-01,RESGATES,144.05358472622845
2022-07-01,Tesouro Direto,4.006628649900001
2022-07-01,Tesouro Direto,2.26516339726
2022-07-01,Trocas Oferta Pública,0.0
2022-07-01,Trocas Oferta Pública,0.0
2022-07-01,Vencimentos,138.40654054392002
2022-08-01,Cancelamentos,0.00020748708
2022-08-01,Compras,0.0319606183
2022-08-01,DPFe    (II - IV),-0.08590110254205996
2022-08-01,DPMFi    (I - III),-56.53483632821002
2022-08-01,Dívida Contratual,0.48823342636411
2022-08-01,Dívida Contratual,0.00870350160617
2022-08-01,Dívida Mobiliária,0.0
2022-08-01,Dívida Mobiliária,0.5654310272999999
2022-08-01,EMISSÃO LÍQUIDA,-56.62073743075208
2022-08-01,EMISSÕES,143.93385336431413
2022-08-01,Emissão Direta com Financeiro 1,0.0
2022-08-01,Emissão Direta sem Financeiro 2,2.0653500081500002
2022-08-01,I - DPMFi,143.44561993795003
2022-08-01,II - DPFe,0.48823342636411
2022-08-01,III - DPMFi,199.98045626616005
2022-08-01,IV - DPFe,0.57413452890617
2022-08-01,Oferta Pública,137.54506228246
2022-08-01,Pagamento de Dividendos4,0.0
2022-08-01,RESGATES,200.55459079506622
2022-08-01,Tesouro Direto,3.8352076473400003
2022-08-01,Tesouro Direto,2.43463401711
2022-08-01,Trocas Oferta Pública,0.0
2022-08-01,Trocas Oferta Pública,0.0
2022-08-01,Vencimentos,197.51365414367
2022-09-01,Cancelamentos,0.0037255115700000003
2022-09-01,Compras,0.018670182969999997
2022-09-01,DPFe    (II - IV),-0.31166912302944
2022-09-01,DPMFi    (I - III),-76.07228283304002
2022-09-01,Dívida Contratual,0.11041082225472999
2022-09-01,Dívida Contratual,0.20212290856416998
2022-09-01,Dívida Mobiliária,0.0
2022-09-01,Dívida Mobiliária,0.21995703672000003
2022-09-01,EMISSÃO LÍQUIDA,-76.38395195606947
2022-09-01,EMISSÕES,110.05909910403473
2022-09-01,Emissão Direta com Financeiro 1,0.0
2022-09-01,Emissão Direta sem Financeiro 2,0.11051398115
2022-09-01,I - DPMFi,109.94868828178
2022-09-01,II - DPFe,0.11041082225472999
2022-09-01,III - DPMFi,186.02097111482001
2022-09-01,IV - DPFe,0.42207994528417
2022-09-01,Oferta Pública,106.6398483821
2022-09-01,Pagamento de Dividendos4,0.0
2022-09-01,RESGATES,186.44305106010418
2022-09-01,Tesouro Direto,3.19832591853
2022-09-01,Tesouro Direto,2.0039220256699997
2022-09-01,Trocas Oferta Pública,0.0
2022-09-01,Trocas Oferta Pública,0.0
2022-09-01,Vencimentos,183.99465339461
2022-10-01,Cancelamentos,0.0
2022-10-01,Compras,0.02184846957
2022-10-01,DPFe    (II - IV),-0.77276276125
2022-10-01,DPMFi    (I - III),-8.335152548550003
2022-10-01,Dívida Contratual,0.0
2022-10-01,Dívida Contratual,0.17055925320999998
2022-10-01,Dívida Mobiliária,0.0
2022-10-01,Dívida Mobiliária,0.6022035080400001
2022-10-01,EMISSÃO LÍQUIDA,-9.107915309800003
2022-10-01,EMISSÕES,101.41004477157
2022-10-01,Emissão Direta com Financeiro 1,0.0
2022-10-01,Emissão Direta sem Financeiro 2,0.47243319379
2022-10-01,I - DPMFi,101.41004477157
2022-10-01,II - DPFe,0.0
2022-10-01,III - DPMFi,109.74519732012
2022-10-01,IV - DPFe,0.77276276125
2022-10-01,Oferta Pública,98.13656904777
2022-10-01,Pagamento de Dividendos4,0.0
2022-10-01,RESGATES,110.51796008136999
2022-10-01,Tesouro Direto,2.8010425300099997
2022-10-01,Tesouro Direto,2.02694274338
2022-10-01,Trocas Oferta Pública,0.0
2022-10-01,Trocas Oferta Pública,0.0
2022-10-01,Vencimentos,107.69640610716999
2022-11-01,Cancelamentos,3.7830250000000006e-05
2022-11-01,Compras,0.02786465124
2022-11-01,DPFe    (II - IV),1.4391595277899998
2022-11-01,DPMFi    (I - III),39.81109060061
2022-11-01,Dívida Contratual,1.9331625074399998
2022-11-01,Dívida Contratual,0.050452897889999994
2022-11-01,Dívida Mobiliária,0.0
2022-11-01,Dívida Mobiliária,0.44355008176
2022-11-01,EMISSÃO LÍQUIDA,41.2502501284
2022-11-01,EMISSÕES,67.08993682922
2022-11-01,Emissão Direta com Financeiro 1,0.0
2022-11-01,Emissão Direta sem Financeiro 2,1.54025318659
2022-11-01,I - DPMFi,65.15677432177999
2022-11-01,II - DPFe,1.9331625074399998
2022-11-01,III - DPMFi,25.34568372117
2022-11-01,IV - DPFe,0.49400297965
2022-11-01,Oferta Pública,60.02556489454
2022-11-01,Pagamento de Dividendos4,0.0
2022-11-01,RESGATES,25.83968670082
2022-11-01,Tesouro Direto,3.5909562406499997
2022-11-01,Tesouro Direto,2.78595042404
2022-11-01,Trocas Oferta Pública,0.0
2022-11-01,Trocas Oferta Pública,0.0
2022-11-01,Vencimentos,22.53183081564
2022-12-01,Cancelamentos,0.00132602368
2022-12-01,Compras,0.01657448002
2022-12-01,DPFe    (II - IV),-0.35797275811000007
2022-12-01,DPMFi    (I - III),26.610646332079995
2022-12-01,Dívida Contratual,0.9958076541299999
2022-12-01,Dívida Contratual,0.86211791224
2022-12-01,Dívida Mobiliária,0.0
2022-12-01,Dívida Mobiliária,0.4916625
2022-12-01,EMISSÃO LÍQUIDA,26.252673573969993
2022-12-01,EMISSÕES,31.792071427269995
2022-12-01,Emissão Direta com Financeiro 1,0.0
2022-12-01,Emissão Direta sem Financeiro 2,0.70173207841
2022-12-01,I - DPMFi,30.796263773139994
2022-12-01,II - DPFe,0.9958076541299999
2022-12-01,III - DPMFi,4.18561744106
2022-12-01,IV - DPFe,1.3537804122400001
2022-12-01,Oferta Pública,26.631257603239995
2022-12-01,Pagamento de Dividendos4,0.0
2022-12-01,RESGATES,5.5393978533
2022-12-01,Tesouro Direto,3.4632740914900007
2022-12-01,Tesouro Direto,2.37777179381
2022-12-01,Trocas Oferta Pública,0.0
2022-12-01,Trocas Oferta Pública,0.0
2022-12-01,Vencimentos,1.78994514355
2023-01-01,Cancelamentos,0.0
2023-01-01,Compras,0.030481998530000002
2023-01-01,DPFe    (II - IV),-14.73711730433
2023-01-01,DPMFi    (I - III),-216.00274614648998
2023-01-01,Dívida Contratual,0.09681934361000001
2023-01-01,Dívida Contratual,0.018933574119999998
2023-01-01,Dívida Mobiliária,0.0
2023-01-01,Dívida Mobiliária,14.81500307382
2023-01-01,EMISSÃO LÍQUIDA,-230.73986345081997
2023-01-01,EMISSÕES,84.56343273092
2023-01-01,Emissão Direta com Financeiro 1,0.0
2023-01-01,Emissão Direta sem Financeiro 2,0.5732009287800001
2023-01-01,I - DPMFi,84.46661338731
2023-01-01,II - DPFe,0.09681934361000001
2023-01-01,III - DPMFi,300.4693595338
2023-01-01,IV - DPFe,14.83393664794
2023-01-01,Oferta Pública,79.52491919673
2023-01-01,Pagamento de Dividendos4,0.0
2023-01-01,RESGATES,315.30329618174
2023-01-01,Tesouro Direto,4.3684932618
2023-01-01,Tesouro Direto,4.816237846049999
2023-01-01,Trocas Oferta Pública,0.0
2023-01-01,Trocas Oferta Pública,0.0
2023-01-01,Vencimentos,295.62263968922
2023-02-01,Cancelamentos,0.00025144304
2023-02-01,Compras,0.01637455469
2023-02-01,DPFe    (II - IV),-0.5701386303999999
2023-02-01,DPMFi    (I - III),33.49670264781
2023-02-01,Dívida Contratual,0.0
2023-02-01,Dívida Contratual,0.008459510949999999
2023-02-01,Dívida Mobiliária,0.0
2023-02-01,Dívida Mobiliária,0.5616791194499999
2023-02-01,EMISSÃO LÍQUIDA,32.926564017409994
2023-02-01,EMISSÕES,61.41933598626999
2023-02-01,Emissão Direta com Financeiro 1,0.0
2023-02-01,Emissão Direta sem Financeiro 2,0.04709601661
2023-02-01,I - DPMFi,61.41933598626999
2023-02-01,II - DPFe,0.0
2023-02-01,III - DPMFi,27.92263333846
2023-02-01,IV - DPFe,0.5701386303999999
2023-02-01,Oferta Pública,57.74994448485
2023-02-01,Pagamento de Dividendos4,0.0
2023-02-01,RESGATES,28.49277196886
2023-02-01,Tesouro Direto,3.6222954848100004
2023-02-01,Tesouro Direto,2.16445229527
2023-02-01,Trocas Oferta Pública,0.0
2023-02-01,Trocas Oferta Pública,0.0
2023-02-01,Vencimentos,25.74155504546
2023-03-01,Cancelamentos,0.00180349816
2023-03-01,Compras,0.01390326863
2023-03-01,DPFe    (II - IV),-0.565299131
2023-03-01,DPMFi    (I - III),-19.746326432680014
2023-03-01,Dívida Contratual,0.10647
2023-03-01,Dívida Contratual,0.45039036153
2023-03-01,Dívida Mobiliária,0.0
2023-03-01,Dívida Mobiliária,0.22137876947
2023-03-01,EMISSÃO LÍQUIDA,-20.311625563680014
2023-03-01,EMISSÕES,168.70031707599998
2023-03-01,Emissão Direta com Financeiro 1,0.0
2023-03-01,Emissão Direta sem Financeiro 2,5.253333051769999
2023-03-01,I - DPMFi,168.59384707599997
2023-03-01,II - DPFe,0.10647
2023-03-01,III - DPMFi,188.34017350867998
2023-03-01,IV - DPFe,0.671769131
2023-03-01,Oferta Pública,156.49853152174998
2023-03-01,Pagamento de Dividendos4,0.0
2023-03-01,RESGATES,189.01194263968
2023-03-01,Tesouro Direto,6.841982502480001
2023-03-01,Tesouro Direto,5.7810121387299995
2023-03-01,Trocas Oferta Pública,0.0
2023-03-01,Trocas Oferta Pública,0.0
2023-03-01,Vencimentos,182.54345460315997
2023-04-01,Cancelamentos,0.00857073325
2023-04-01,Compras,0.01635179038
2023-04-01,DPFe    (II - IV),10.18531786707
2023-04-01,DPMFi    (I - III),82.11947518809998
2023-04-01,Dívida Contratual,0.0
2023-04-01,Dívida Contratual,0.18977389431999997
2023-04-01,Dívida Mobiliária,11.078100000000001
2023-04-01,Dívida Mobiliária,0.7030082386100001
2023-04-01,EMISSÃO LÍQUIDA,92.30479305516998
2023-04-01,EMISSÕES,127.58564520428
2023-04-01,Emissão Direta com Financeiro 1,0.0
2023-04-01,Emissão Direta sem Financeiro 2,0.44496392549
2023-04-01,I - DPMFi,116.50754520427999
2023-04-01,II - DPFe,11.078100000000001
2023-04-01,III - DPMFi,34.388070016179995
2023-04-01,IV - DPFe,0.89278213293
2023-04-01,Oferta Pública,112.26364378819
2023-04-01,Pagamento de Dividendos4,0.0
2023-04-01,RESGATES,35.28085214911
2023-04-01,Tesouro Direto,3.7989374905999993
2023-04-01,Tesouro Direto,2.0063237941
2023-04-01,Trocas Oferta Pública,0.0
2023-04-01,Trocas Oferta Pública,0.0
2023-04-01,Vencimentos,32.35682369845
2023-05-01,Cancelamentos,0.0022942716399999997
2023-05-01,Compras,0.03240837129
2023-05-01,DPFe    (II - IV),-0.35987717377
2023-05-01,DPMFi    (I - III),-74.68380228496997
2023-05-01,Dívida Contratual,0.14181330489000002
2023-05-01,Dívida Contratual,0.08384954905000001
2023-05-01,Dívida Mobiliária,0.0
2023-05-01,Dívida Mobiliária,0.41784092960999997
2023-05-01,EMISSÃO LÍQUIDA,-75.04367945873997
2023-05-01,EMISSÕES,139.91654994594
2023-05-01,Emissão Direta com Financeiro 1,0.0
2023-05-01,Emissão Direta sem Financeiro 2,0.083910561
2023-05-01,I - DPMFi,139.77473664105
2023-05-01,II - DPFe,0.14181330489000002
2023-05-01,III - DPMFi,214.45853892601997
2023-05-01,IV - DPFe,0.50169047866
2023-05-01,Oferta Pública,135.37647975090002
2023-05-01,Pagamento de Dividendos4,0.0
2023-05-01,RESGATES,214.96022940467998
2023-05-01,Tesouro Direto,4.31434632915
2023-05-01,Tesouro Direto,2.55674433318
2023-05-01,Trocas Oferta Pública,0.0
2023-05-01,Trocas Oferta Pública,0.0
2023-05-01,Vencimentos,211.86709194991
2023-06-01,Cancelamentos,0.0014973322199999999
2023-06-01,Compras,3.01825999114
2023-06-01,DPFe    (II - IV),-1.1184987148699999
2023-06-01,DPMFi    (I - III),145.32628797257
2023-06-01,Dívida Contratual,0.16164987244
2023-06-01,Dívida Contratual,0.82500639981
2023-06-01,Dívida Mobiliária,0.0
2023-06-01,Dívida Mobiliária,0.45514218749999996
2023-06-01,EMISSÃO LÍQUIDA,144.2077892577
2023-06-01,EMISSÕES,151.30630285012
2023-06-01,Emissão Direta com Financeiro 1,0.0
2023-06-01,Emissão Direta sem Financeiro 2,0.57799556177
2023-06-01,I - DPMFi,151.14465297768
2023-06-01,II - DPFe,0.16164987244
2023-06-01,III - DPMFi,5.8183650051099995
2023-06-01,IV - DPFe,1.28014858731
2023-06-01,Oferta Pública,146.75474747166004
2023-06-01,Pagamento de Dividendos4,0.0
2023-06-01,RESGATES,7.09851359242
2023-06-01,Tesouro Direto,3.81190994425
2023-06-01,Tesouro Direto,2.6356326910099996
2023-06-01,Trocas Oferta Pública,0.0
2023-06-01,Trocas Oferta Pública,0.0
2023-06-01,Vencimentos,0.16297499074000002
2023-07-01,Cancelamentos,0.00031308598
2023-07-01,Compras,0.02248645243
2023-07-01,DPFe    (II - IV),-2.76134009467
2023-07-01,DPMFi    (I - III),-89.85945399866
2023-07-01,Dívida Contratual,0.1128172841
2023-07-01,Dívida Contratual,0.01786521762
2023-07-01,Dívida Mobiliária,0.0
2023-07-01,Dívida Mobiliária,2.8562921611500003
2023-07-01,EMISSÃO LÍQUIDA,-92.62079409332999
2023-07-01,EMISSÕES,134.46022403201
2023-07-01,Emissão Direta com Financeiro 1,0.0
2023-07-01,Emissão Direta sem Financeiro 2,0.68075202263
2023-07-01,I - DPMFi,134.34740674791
2023-07-01,II - DPFe,0.1128172841
2023-07-01,III - DPMFi,224.20686074657
2023-07-01,IV - DPFe,2.87415737877
2023-07-01,Oferta Pública,130.09359781376
2023-07-01,Pagamento de Dividendos4,0.0
2023-07-01,RESGATES,227.08101812534
2023-07-01,Tesouro Direto,3.5730569115199997
2023-07-01,Tesouro Direto,2.5902703034599996
2023-07-01,Trocas Oferta Pública,0.0
2023-07-01,Trocas Oferta Pública,0.0
2023-07-01,Vencimentos,221.5937909047
2023-08-01,Cancelamentos,0.00178153476
2023-08-01,Compras,0.01289671018
2023-08-01,DPFe    (II - IV),-0.461692112
2023-08-01,DPMFi    (I - III),59.73354140487999
2023-08-01,Dívida Contratual,0.08363923251
2023-08-01,Dívida Contratual,0.007925980910000002
2023-08-01,Dívida Mobiliária,0.0
2023-08-01,Dívida Mobiliária,0.5374053636
2023-08-01,EMISSÃO LÍQUIDA,59.27184929288
2023-08-01,EMISSÕES,93.63947724274
2023-08-01,Emissão Direta com Financeiro 1,0.0
2023-08-01,Emissão Direta sem Financeiro 2,1.38866887547
2023-08-01,I - DPMFi,93.55583801023
2023-08-01,II - DPFe,0.08363923251
2023-08-01,III - DPMFi,33.822296605350004
2023-08-01,IV - DPFe,0.54533134451
2023-08-01,Oferta Pública,88.50797740745
2023-08-01,Pagamento de Dividendos4,0.0
2023-08-01,RESGATES,34.36762794986001
2023-08-01,Tesouro Direto,3.6591917273099996
2023-08-01,Tesouro Direto,3.05126809971
2023-08-01,Trocas Oferta Pública,0.0
2023-08-01,Trocas Oferta Pública,0.0
2023-08-01,Vencimentos,30.756350260700003
2023-09-01,Cancelamentos,0.0
2023-09-01,Compras,0.02091597664
2023-09-01,DPFe    (II - IV),-0.66423808341
2023-09-01,DPMFi    (I - III),-243.53560375583004
2023-09-01,Dívida Contratual,0.02275415878
2023-09-01,Dívida Contratual,0.47534322943
2023-09-01,Dívida Mobiliária,0.0
2023-09-01,Dívida Mobiliária,0.21164901276
2023-09-01,EMISSÃO LÍQUIDA,-244.19984183924
2023-09-01,EMISSÕES,79.70496454331001
2023-09-01,Emissão Direta com Financeiro 1,0.0
2023-09-01,Emissão Direta sem Financeiro 2,0.05798793845999999
2023-09-01,I - DPMFi,79.68221038453001
2023-09-01,II - DPFe,0.02275415878
2023-09-01,III - DPMFi,323.21781414036
2023-09-01,IV - DPFe,0.6869922421900001
2023-09-01,Oferta Pública,76.42545743728002
2023-09-01,Pagamento de Dividendos4,0.0
2023-09-01,RESGATES,323.90480638255
2023-09-01,Tesouro Direto,3.19876500879
2023-09-01,Tesouro Direto,2.44004065602
2023-09-01,Trocas Oferta Pública,0.0
2023-09-01,Trocas Oferta Pública,0.0
2023-09-01,Vencimentos,320.75685750770003
2023-10-01,Cancelamentos,0.00029279609
2023-10-01,Compras,0.01236705555
2023-10-01,DPFe    (II - IV),-0.64762822482
2023-10-01,DPMFi    (I - III),46.11634324003999
2023-10-01,Dívida Contratual,0.48418900718999996
2023-10-01,Dívida Contratual,0.18814054786
2023-10-01,Dívida Mobiliária,0.0
2023-10-01,Dívida Mobiliária,0.9436766841500001
2023-10-01,EMISSÃO LÍQUIDA,45.46871501521999
2023-10-01,EMISSÕES,72.70773493593
2023-10-01,Emissão Direta com Financeiro 1,0.0
2023-10-01,Emissão Direta sem Financeiro 2,3.37134207106
2023-10-01,I - DPMFi,72.22354592874
2023-10-01,II - DPFe,0.48418900718999996
2023-10-01,III - DPMFi,26.107202688700006
2023-10-01,IV - DPFe,1.13181723201
2023-10-01,Oferta Pública,65.5263246824
2023-10-01,Pagamento de Dividendos4,0.0
2023-10-01,RESGATES,27.239019920710003
2023-10-01,Tesouro Direto,3.3258791752799994
2023-10-01,Tesouro Direto,2.6663031252700002
2023-10-01,Trocas Oferta Pública,0.0
2023-10-01,Trocas Oferta Pública,0.0
2023-10-01,Vencimentos,23.428239711790003
2023-11-01,Cancelamentos,0.03104809386
2023-11-01,Compras,0.022831521650000002
2023-11-01,DPFe    (II - IV),9.32000375946
2023-11-01,DPMFi    (I - III),99.94467638903
2023-11-01,Dívida Contratual,0.19087440269
2023-11-01,Dívida Contratual,0.0964327927
2023-11-01,Dívida Mobiliária,9.775799999999998
2023-11-01,Dívida Mobiliária,0.55023785053
2023-11-01,EMISSÃO LÍQUIDA,109.26468014848999
2023-11-01,EMISSÕES,133.98582913897
2023-11-01,Emissão Direta com Financeiro 1,0.0
2023-11-01,Emissão Direta sem Financeiro 2,0.23371825973
2023-11-01,I - DPMFi,124.01915473627999
2023-11-01,II - DPFe,9.96667440269
2023-11-01,III - DPMFi,24.07447834725
2023-11-01,IV - DPFe,0.64667064323
2023-11-01,Oferta Pública,120.90516608379
2023-11-01,Pagamento de Dividendos4,0.0
2023-11-01,RESGATES,24.721148990480003
2023-11-01,Tesouro Direto,2.88027039276
2023-11-01,Tesouro Direto,2.60160568462
2023-11-01,Trocas Oferta Pública,0.0
2023-11-01,Trocas Oferta Pública,0.0
2023-11-01,Vencimentos,21.418993047119997
2023-12-01,Cancelamentos,0.0055293886700000005
2023-12-01,Compras,0.01521891272
2023-12-01,DPFe    (II - IV),4.426007264379999
2023-12-01,DPMFi    (I - III),136.86255200083
2023-12-01,Dívida Contratual,5.60517166147
2023-12-01,Dívida Contratual,0.7203116627199999
2023-12-01,Dívida Mobiliária,0.0
2023-12-01,Dívida Mobiliária,0.45885273437
2023-12-01,EMISSÃO LÍQUIDA,141.28855926520998
2023-12-01,EMISSÕES,145.16037888863997
2023-12-01,Emissão Direta sem Financeiro 2,2.64889903199
2023-12-01,I - DPMFi,139.55520722716997
2023-12-01,II - DPFe,5.60517166147
2023-12-01,III - DPMFi,2.69265522634
2023-12-01,IV - DPFe,1.1791643970899999
2023-12-01,Oferta Pública,133.67690538373998
2023-12-01,Pagamento de Dividendos4,0.0
2023-12-01,RESGATES,3.87181962343
2023-12-01,Tesouro Direto,3.22940281144
2023-12-01,Tesouro Direto,2.38051479337
2023-12-01,Trocas Oferta Pública,0.0
2023-12-01,Trocas Oferta Pública,0.0
2023-12-01,Vencimentos,0.29139213158
2024-01-01,Cancelamentos,2.8854680000000002e-05
2024-01-01,Compras,0.01703069782
2024-01-01,DPFe    (II - IV),15.844574975179999
2024-01-01,DPMFi    (I - III),-147.91131407557003
2024-01-01,Dívida Contratual,0.03641329569
2024-01-01,Dívida Contratual,0.01800587044
2024-01-01,Dívida Mobiliária,22.091849999999997
2024-01-01,Dívida Mobiliária,6.26568245007
2024-01-01,EMISSÃO LÍQUIDA,-132.06673910039004
2024-01-01,EMISSÕES,185.33559062445002
2024-01-01,Emissão Direta com Financeiro 1,0.0
2024-01-01,Emissão Direta sem Financeiro 2,0.27119219454999993
2024-01-01,I - DPMFi,163.20732732876002
2024-01-01,II - DPFe,22.128263295689997
2024-01-01,III - DPMFi,311.11864140433005
2024-01-01,IV - DPFe,6.28368832051
2024-01-01,Oferta Pública,159.28686544725
2024-01-01,Pagamento de Dividendos4,0.0
2024-01-01,RESGATES,317.40232972484
2024-01-01,Tesouro Direto,3.64926968696
2024-01-01,Tesouro Direto,2.9421558384999997
2024-01-01,Trocas Oferta Pública,0.0
2024-01-01,Trocas Oferta Pública,0.0
2024-01-01,Vencimentos,308.15942601333
2024-02-01,Cancelamentos,4.660482e-05
2024-02-01,Compras,0.0197319659
2024-02-01,DPFe    (II - IV),-0.54187324361
2024-02-01,DPMFi    (I - III),90.75315924872
2024-02-01,Dívida Contratual,0.0
2024-02-01,Dívida Contratual,0.0061401799400000005
2024-02-01,Dívida Mobiliária,0.0
2024-02-01,Dívida Mobiliária,0.53573306367
2024-02-01,EMISSÃO LÍQUIDA,90.21128600511
2024-02-01,EMISSÕES,126.00459434948999
2024-02-01,Emissão Direta com Financeiro 1,0.0
2024-02-01,Emissão Direta sem Financeiro 2,8.949964377
2024-02-01,I - DPMFi,126.00459434948999
2024-02-01,II - DPFe,0.0
2024-02-01,III - DPMFi,35.25143510077
2024-02-01,IV - DPFe,0.54187324361
2024-02-01,Oferta Pública,114.01431672967999
2024-02-01,Pagamento de Dividendos4,0.0
2024-02-01,RESGATES,35.79330834438001
2024-02-01,Tesouro Direto,3.0403132428100004
2024-02-01,Tesouro Direto,2.8229661227899996
2024-02-01,Trocas Oferta Pública,0.0
2024-02-01,Trocas Oferta Pública,0.0
2024-02-01,Vencimentos,32.40869040726
2024-03-01,Cancelamentos,0.0064214491000000005
2024-03-01,Compras,0.01722797449
2024-03-01,DPFe    (II - IV),-1.0912635700400002
2024-03-01,DPMFi    (I - III),-12.283319850399973
2024-03-01,Dívida Contratual,0.0
2024-03-01,Dívida Contratual,0.6739088531
2024-03-01,Dívida Mobiliária,0.0
2024-03-01,Dívida Mobiliária,0.41735471694
2024-03-01,EMISSÃO LÍQUIDA,-13.374583420439974
2024-03-01,EMISSÕES,168.71896634777002
2024-03-01,Emissão Direta com Financeiro 1,0.0
2024-03-01,Emissão Direta sem Financeiro 2,0.95760326887
2024-03-01,I - DPMFi,168.71896634777002
2024-03-01,II - DPFe,0.0
2024-03-01,III - DPMFi,181.00228619816997
2024-03-01,IV - DPFe,1.0912635700400002
2024-03-01,Oferta Pública,164.2308141593
2024-03-01,Pagamento de Dividendos4,0.0
2024-03-01,RESGATES,182.09354976820998
2024-03-01,Tesouro Direto,3.5305489196
2024-03-01,Tesouro Direto,2.87294847324
2024-03-01,Trocas Oferta Pública,0.0
2024-03-01,Trocas Oferta Pública,0.0
2024-03-01,Vencimentos,178.10568830134
2024-04-01,Cancelamentos,0.00509774004
2024-04-01,Compras,0.02052994388
2024-04-01,DPFe    (II - IV),-6.70459766069
2024-04-01,DPMFi    (I - III),10.179129379170002
2024-04-01,Dívida Contratual,0.20664807200000002
2024-04-01,Dívida Contratual,0.20512172891999997
2024-04-01,Dívida Mobiliária,0.0
2024-04-01,Dívida Mobiliária,6.70612400377
2024-04-01,EMISSÃO LÍQUIDA,3.4745317184800006
2024-04-01,EMISSÕES,133.81920476464
2024-04-01,Emissão Direta com Financeiro 1,0.0
2024-04-01,Emissão Direta sem Financeiro 2,1.72351650477
2024-04-01,I - DPMFi,133.61255669264
2024-04-01,II - DPFe,0.20664807200000002
2024-04-01,III - DPMFi,123.43342731347
2024-04-01,IV - DPFe,6.91124573269
2024-04-01,Oferta Pública,126.17200744539001
2024-04-01,Pagamento de Dividendos4,0.0
2024-04-01,RESGATES,130.34467304616
2024-04-01,Tesouro Direto,5.71703274248
2024-04-01,Tesouro Direto,3.5127412271600003
2024-04-01,Trocas Oferta Pública,0.0
2024-04-01,Trocas Oferta Pública,0.0
2024-04-01,Vencimentos,119.89505840239
2024-05-01,Cancelamentos,0.01546015872
2024-05-01,Compras,0.019533876670000002
2024-05-01,DPFe    (II - IV),-0.6172064443199999
2024-05-01,DPMFi    (I - III),147.32747057605997
2024-05-01,Dívida Contratual,0.15811379956000002
2024-05-01,Dívida Contratual,0.10418679799
2024-05-01,Dívida Mobiliária,0.0
2024-05-01,Dívida Mobiliária,0.67113344589
2024-05-01,EMISSÃO LÍQUIDA,146.71026413173996
2024-05-01,EMISSÕES,172.25368248535997
2024-05-01,Emissão Direta com Financeiro 1,0.0
2024-05-01,Emissão Direta sem Financeiro 2,7.884828282509999
2024-05-01,I - DPMFi,172.09556868579998
2024-05-01,II - DPFe,0.15811379956000002
2024-05-01,III - DPMFi,24.768098109740002
2024-05-01,IV - DPFe,0.7753202438799999
2024-05-01,Oferta Pública,159.13186664552
2024-05-01,Pagamento de Dividendos4,0.0
2024-05-01,RESGATES,25.543418353620005
2024-05-01,Tesouro Direto,5.078873757769999
2024-05-01,Tesouro Direto,3.17758639657
2024-05-01,Trocas Oferta Pública,0.0
2024-05-01,Trocas Oferta Pública,0.0
2024-05-01,Vencimentos,21.55551767778
2024-06-01,Cancelamentos,0.00030708908000000003
2024-06-01,Compras,0.02034373881
2024-06-01,DPFe    (II - IV),9.8443573153
2024-06-01,DPMFi    (I - III),72.35970363112001
2024-06-01,Dívida Contratual,0.27592501334
2024-06-01,Dívida Contratual,0.78269703367
2024-06-01,Dívida Mobiliária,11.013200000000001
2024-06-01,Dívida Mobiliária,0.6620706643700001
2024-06-01,EMISSÃO LÍQUIDA,82.20406094642001
2024-06-01,EMISSÕES,94.54086587105
2024-06-01,Emissão Direta com Financeiro 1,0.0
2024-06-01,Emissão Direta sem Financeiro 2,7.156906033339999
2024-06-01,I - DPMFi,83.25174085771
2024-06-01,II - DPFe,11.289125013340001
2024-06-01,III - DPMFi,10.89203722659
2024-06-01,IV - DPFe,1.4447676980400002
2024-06-01,Oferta Pública,70.41213310978999
2024-06-01,Pagamento de Dividendos4,0.0
2024-06-01,RESGATES,12.33680492463
2024-06-01,Tesouro Direto,5.68270171458
2024-06-01,Tesouro Direto,3.27016502
2024-06-01,Trocas Oferta Pública,0.0
2024-06-01,Trocas Oferta Pública,0.0
2024-06-01,Vencimentos,7.6012213787
2024-07-01,Cancelamentos,0.0
2024-07-01,Compras,0.026322139239999997
2024-07-01,DPFe    (II - IV),-3.0304410797300005
2024-07-01,DPMFi    (I - III),10.685023900010012
2024-07-01,Dívida Contratual,0.07806051566000001
2024-07-01,Dívida Contratual,0.01946909103
2024-07-01,Dívida Mobiliária,0.0
2024-07-01,Dívida Mobiliária,3.0890325043600004
2024-07-01,EMISSÃO LÍQUIDA,7.6545828202800115
2024-07-01,EMISSÕES,139.59778647795002
2024-07-01,Emissão Direta com Financeiro 1,0.0
2024-07-01,Emissão Direta sem Financeiro 2,0.96787310782
2024-07-01,I - DPMFi,139.51972596229
2024-07-01,II - DPFe,0.07806051566000001
2024-07-01,III - DPMFi,128.83470206228
2024-07-01,IV - DPFe,3.108501595390001
2024-07-01,Oferta Pública,132.11885207000003
2024-07-01,Pagamento de Dividendos4,0.0
2024-07-01,RESGATES,131.94320365767
2024-07-01,Tesouro Direto,6.433000784469999
2024-07-01,Tesouro Direto,5.426499989679999
2024-07-01,Trocas Oferta Pública,0.0
2024-07-01,Trocas Oferta Pública,0.0
2024-07-01,Vencimentos,123.38187993336
2024-08-01,Cancelamentos,0.0
2024-08-01,Compras,0.01441709706
2024-08-01,DPFe    (II - IV),-0.2743093939500001
2024-08-01,DPMFi    (I - III),-163.16826244575995
2024-08-01,Dívida Contratual,0.33363470875999995
2024-08-01,Dívida Contratual,0.00604578665
2024-08-01,Dívida Mobiliária,0.0
2024-08-01,Dívida Mobiliária,0.6018983160600001
2024-08-01,EMISSÃO LÍQUIDA,-163.44257183970996
2024-08-01,EMISSÕES,107.88640228039
2024-08-01,Emissão Direta com Financeiro 1,0.0
2024-08-01,Emissão Direta sem Financeiro 2,0.1045605748
2024-08-01,I - DPMFi,107.55276757163
2024-08-01,II - DPFe,0.33363470875999995
2024-08-01,III - DPMFi,270.72103001739
2024-08-01,IV - DPFe,0.60794410271
2024-08-01,Oferta Pública,99.4344065217
2024-08-01,Pagamento de Dividendos4,0.0
2024-08-01,RESGATES,271.3289741201
2024-08-01,Tesouro Direto,8.01380047513
2024-08-01,Tesouro Direto,12.95439916043
2024-08-01,Trocas Oferta Pública,0.0
2024-08-01,Trocas Oferta Pública,0.0
2024-08-01,Vencimentos,257.7522137599
2024-09-01,Cancelamentos,0.0
2024-09-01,Compras,0.0258648588
2024-09-01,DPFe    (II - IV),-1.9099757108100002
2024-09-01,DPMFi    (I - III),-126.00182579396997
2024-09-01,Dívida Contratual,0.011782456299999999
2024-09-01,Dívida Contratual,0.85730680425
2024-09-01,Dívida Mobiliária,0.0
2024-09-01,Dívida Mobiliária,1.06445136286
2024-09-01,EMISSÃO LÍQUIDA,-127.91180150477997
2024-09-01,EMISSÕES,113.36437856948001
2024-09-01,Emissão Direta com Financeiro 1,0.0
2024-09-01,Emissão Direta sem Financeiro 2,0.67405132212
2024-09-01,I - DPMFi,113.35259611318001
2024-09-01,II - DPFe,0.011782456299999999
2024-09-01,III - DPMFi,239.35442190714997
2024-09-01,IV - DPFe,1.9217581671100001
2024-09-01,Oferta Pública,105.90796992175002
2024-09-01,Pagamento de Dividendos4,0.0
2024-09-01,RESGATES,241.27618007426
2024-09-01,Tesouro Direto,6.770574869309999
2024-09-01,Tesouro Direto,6.18829300326
2024-09-01,Trocas Oferta Pública,0.0
2024-09-01,Trocas Oferta Pública,0.0
2024-09-01,Vencimentos,233.14026404508996
2024-10-01,Cancelamentos,0.0
2024-10-01,Compras,0.02807718776
2024-10-01,DPFe    (II - IV),-0.9782495805200001
2024-10-01,DPMFi    (I - III),42.50413021072
2024-10-01,Dívida Contratual,0.00446715016
2024-10-01,Dívida Contratual,0.24354205257
2024-10-01,Dívida Mobiliária,0.0
2024-10-01,Dívida Mobiliária,0.73917467811
2024-10-01,EMISSÃO LÍQUIDA,41.5258806302
2024-10-01,EMISSÕES,109.79830137360999
2024-10-01,Emissão Direta com Financeiro 1,0.0
2024-10-01,Emissão Direta sem Financeiro 2,0.07390941355
2024-10-01,I - DPMFi,109.79383422344999
2024-10-01,II - DPFe,0.00446715016
2024-10-01,III - DPMFi,67.28970401272998
2024-10-01,IV - DPFe,0.9827167306800001
2024-10-01,Oferta Pública,104.07248426009
2024-10-01,Pagamento de Dividendos4,0.0
2024-10-01,RESGATES,68.27242074340998
2024-10-01,Tesouro Direto,5.647440549810001
2024-10-01,Tesouro Direto,3.11977304249
2024-10-01,Trocas Oferta Pública,0.0
2024-10-01,Trocas Oferta Pública,0.0
2024-10-01,Vencimentos,64.14185378248
2024-11-01,Cancelamentos,0.0
2024-11-01,Compras,0.021951976379999998
2024-11-01,DPFe    (II - IV),-0.50039371025
2024-11-01,DPMFi    (I - III),56.88082885633
2024-11-01,Dívida Contratual,0.29824526554999997
2024-11-01,Dívida Contratual,0.11184871864
2024-11-01,Dívida Mobiliária,0.0
2024-11-01,Dívida Mobiliária,0.68679025716
2024-11-01,EMISSÃO LÍQUIDA,56.38043514608
2024-11-01,EMISSÕES,83.27940230111
2024-11-01,Emissão Direta com Financeiro 1,0.0
2024-11-01,Emissão Direta sem Financeiro 2,0.1664496957
2024-11-01,I - DPMFi,82.98115703556
2024-11-01,II - DPFe,0.29824526554999997
2024-11-01,III - DPMFi,26.10032817923
2024-11-01,IV - DPFe,0.7986389758
2024-11-01,Oferta Pública,77.05099075765
2024-11-01,Pagamento de Dividendos4,0.0
2024-11-01,RESGATES,26.89896715503
2024-11-01,Tesouro Direto,5.76371658221
2024-11-01,Tesouro Direto,3.3019537834799997
2024-11-01,Trocas Oferta Pública,0.0
2024-11-01,Trocas Oferta Pública,0.0
2024-11-01,Vencimentos,22.77642241937
2024-12-01,Cancelamentos,6.788797000000001e-05
2024-12-01,Compras,9.48594840108
2024-12-01,DPFe    (II - IV),-0.8625724567
2024-12-01,DPMFi    (I - III),43.495552116149995
2024-12-01,Dívida Contratual,0.81552779475
2024-12-01,Dívida Contratual,0.85115767333
2024-12-01,Dívida Mobiliária,0.0
2024-12-01,Dívida Mobiliária,0.82694257812
2024-12-01,EMISSÃO LÍQUIDA,42.632979659449994
2024-12-01,EMISSÕES,57.8733948338
2024-12-01,Emissão Direta com Financeiro 1,0.0
2024-12-01,Emissão Direta sem Financeiro 2,5.099644613340001
2024-12-01,I - DPMFi,57.057867039049995
2024-12-01,II - DPFe,0.81552779475
2024-12-01,III - DPMFi,13.5623149229
2024-12-01,IV - DPFe,1.67810025145
2024-12-01,Oferta Pública,43.4070499762
2024-12-01,Pagamento de Dividendos4,0.0
2024-12-01,RESGATES,15.24041517435
2024-12-01,Tesouro Direto,8.551172449509998
2024-12-01,Tesouro Direto,3.8046545680599992
2024-12-01,Trocas Oferta Pública,0.0
2024-12-01,Trocas Oferta Pública,0.0
2024-12-01,Vencimentos,0.27164406579
2025-01-01,Cancelamentos,0.0
2025-01-01,Compras,0.02669531198
2025-01-01,DPFe    (II - IV),-29.79105071313
2025-01-01,DPMFi    (I - III),-79.97355362801996
2025-01-01,Dívida Contratual,0.12619768534
2025-01-01,Dívida Contratual,0.02076052107
2025-01-01,Dívida Mobiliária,0.0
2025-01-01,Dívida Mobiliária,29.896487877400002
2025-01-01,EMISSÃO LÍQUIDA,-109.76460434114996
2025-01-01,EMISSÕES,145.51419216270003
2025-01-01,Emissão Direta com Financeiro 1,0.0
2025-01-01,Emissão Direta sem Financeiro 2,1.4724089251899999
2025-01-01,I - DPMFi,145.38799447736002
2025-01-01,II - DPFe,0.12619768534
2025-01-01,III - DPMFi,225.36154810537997
2025-01-01,IV - DPFe,29.91724839847
2025-01-01,Oferta Pública,135.15218683139003
2025-01-01,Pagamento de Dividendos4,0.0
2025-01-01,RESGATES,255.27879650384997
2025-01-01,Tesouro Direto,8.76339872078
2025-01-01,Tesouro Direto,7.180474347810001
2025-01-01,Trocas Oferta Pública,0.0
2025-01-01,Trocas Oferta Pública,0.0
2025-01-01,Vencimentos,218.15437844558997
2025-02-01,Cancelamentos,0.0
2025-02-01,Compras,0.023752754020000003
2025-02-01,DPFe    (II - IV),9.73577869124
2025-02-01,DPMFi    (I - III),155.94519636856
2025-02-01,Dívida Contratual,0.0
2025-02-01,Dívida Contratual,0.0062501853699999995
2025-02-01,Dívida Mobiliária,14.482
2025-02-01,Dívida Mobiliária,4.739971123390001
2025-02-01,EMISSÃO LÍQUIDA,165.6809750598
2025-02-01,EMISSÕES,204.403477678
2025-02-01,Emissão Direta com Financeiro 1,0.0
2025-02-01,Emissão Direta sem Financeiro 2,1.94034172089
2025-02-01,I - DPMFi,189.921477678
2025-02-01,II - DPFe,14.482
2025-02-01,III - DPMFi,33.97628130944
2025-02-01,IV - DPFe,4.74622130876
2025-02-01,Oferta Pública,182.21841997706
2025-02-01,Pagamento de Dividendos4,0.0
2025-02-01,RESGATES,38.722502618200004
2025-02-01,Tesouro Direto,5.76271598005
2025-02-01,Tesouro Direto,3.21813107623
2025-02-01,Trocas Oferta Pública,0.0
2025-02-01,Trocas Oferta Pública,0.0
2025-02-01,Vencimentos,30.73439747919
2025-03-01,Cancelamentos,0.0
2025-03-01,Compras,0.03368760358
2025-03-01,DPFe    (II - IV),-1.72738975866
2025-03-01,DPMFi    (I - III),-52.98946837984002
2025-03-01,Dívida Contratual,0.03636776
2025-03-01,Dívida Contratual,0.76524004706
2025-03-01,Dívida Mobiliária,0.0
2025-03-01,Dívida Mobiliária,0.9985174716
2025-03-01,EMISSÃO LÍQUIDA,-54.71685813850002
2025-03-01,EMISSÕES,133.14924613287
2025-03-01,Emissão Direta com Financeiro 1,0.0
2025-03-01,Emissão Direta sem Financeiro 2,1.8764554199399999
2025-03-01,I - DPMFi,133.11287837287
2025-03-01,II - DPFe,0.03636776
2025-03-01,III - DPMFi,186.10234675271002
2025-03-01,IV - DPFe,1.76375751866
2025-03-01,Oferta Pública,119.54624846509002
2025-03-01,Pagamento de Dividendos4,0.0
2025-03-01,RESGATES,187.86610427137
2025-03-01,Tesouro Direto,11.690174487839998
2025-03-01,Tesouro Direto,12.43245092636
2025-03-01,Trocas Oferta Pública,0.0
2025-03-01,Trocas Oferta Pública,0.0
2025-03-01,Vencimentos,173.63620822277002
2025-04-01,Cancelamentos,0.0
2025-04-01,Compras,0.00584346879
2025-04-01,DPFe    (II - IV),-1.4330195890200002
2025-04-01,DPMFi    (I - III),41.42090518392
2025-04-01,Dívida Contratual,0.16924419245000002
2025-04-01,Dívida Contratual,0.82259820088
2025-04-01,Dívida Mobiliária,0.0
2025-04-01,Dívida Mobiliária,0.77966558059
2025-04-01,EMISSÃO LÍQUIDA,39.9878855949
2025-04-01,EMISSÕES,204.62823941542996
2025-04-01,Emissão Direta com Financeiro 1,0.0
2025-04-01,Emissão Direta sem Financeiro 2,4.162069954520001
2025-04-01,I - DPMFi,204.45899522297998
2025-04-01,II - DPFe,0.16924419245000002
2025-04-01,III - DPMFi,163.03809003906
2025-04-01,IV - DPFe,1.60226378147
2025-04-01,Oferta Pública,193.20595304321998
2025-04-01,Pagamento de Dividendos4,0.0
2025-04-01,RESGATES,164.64035382053
2025-04-01,Tesouro Direto,7.090972225239999
2025-04-01,Tesouro Direto,2.8657074626000005
2025-04-01,Trocas Oferta Pública,0.0
2025-04-01,Trocas Oferta Pública,0.0
2025-04-01,Vencimentos,160.16653910767
2025-05-01,Cancelamentos,0.0
2025-05-01,Compras,0.02018950825
2025-05-01,DPFe    (II - IV),-1.0106641885399998
2025-05-01,DPMFi    (I - III),-25.025192944570037
2025-05-01,Dívida Contratual,0.008660363070000001
2025-05-01,Dívida Contratual,0.09330361666999999
2025-05-01,Dívida Mobiliária,0.0
2025-05-01,Dívida Mobiliária,0.9260209349399999
2025-05-01,EMISSÃO LÍQUIDA,-26.035857133110035
2025-05-01,EMISSÕES,158.50687014357
2025-05-01,Emissão Direta com Financeiro 1,0.0
2025-05-01,Emissão Direta sem Financeiro 2,3.71872352202
2025-05-01,I - DPMFi,158.49820978050002
2025-05-01,II - DPFe,0.008660363070000001
2025-05-01,III - DPMFi,183.52340272507004
2025-05-01,IV - DPFe,1.01932455161
2025-05-01,Oferta Pública,147.92126653683
2025-05-01,Pagamento de Dividendos4,0.0
2025-05-01,RESGATES,184.54272727668007
2025-05-01,Tesouro Direto,6.85821972165
2025-05-01,Tesouro Direto,3.2343055054299996
2025-05-01,Trocas Oferta Pública,0.0
2025-05-01,Trocas Oferta Pública,0.0
2025-05-01,Vencimentos,180.26890771139003
2025-06-01,Cancelamentos,0.0
2025-06-01,Compras,0.036131714860000004
2025-06-01,DPFe    (II - IV),4.572142497380001
2025-06-01,DPMFi    (I - III),154.61706277913999
2025-06-01,Dívida Contratual,0.37935201308
2025-06-01,Dívida Contratual,0.78761783563
2025-06-01,Dívida Mobiliária,15.4089269618
2025-06-01,Dívida Mobiliária,10.42851864187
2025-06-01,EMISSÃO LÍQUIDA,159.18920527652
2025-06-01,EMISSÕES,177.09465784763998
2025-06-01,Emissão Direta com Financeiro 1,0.0
2025-06-01,Emissão Direta sem Financeiro 2,3.40759320678
2025-06-01,I - DPMFi,161.30637887275998
2025-06-01,II - DPFe,15.78827897488
2025-06-01,III - DPMFi,6.6893160936200005
2025-06-01,IV - DPFe,11.216136477500001
2025-06-01,Oferta Pública,152.13202786511
2025-06-01,Pagamento de Dividendos4,0.0
2025-06-01,RESGATES,17.90545257112
2025-06-01,Tesouro Direto,5.76675780087
2025-06-01,Tesouro Direto,2.92216222424
2025-06-01,Trocas Oferta Pública,0.0
2025-06-01,Trocas Oferta Pública,0.0
2025-06-01,Vencimentos,3.73102215452
2025-07-01,Cancelamentos,0.0
2025-07-01,Compras,0.020926692809999998
2025-07-01,DPFe    (II - IV),-2.76861314186
2025-07-01,DPMFi    (I - III),-31.03805267328999
2025-07-01,Dívida Contratual,0.18407022004
2025-07-01,Dívida Contratual,0.01838313545
2025-07-01,Dívida Mobiliária,0.0
2025-07-01,Dívida Mobiliária,2.93430022645
2025-07-01,EMISSÃO LÍQUIDA,-33.806665815149984
2025-07-01,EMISSÕES,118.44272674885
2025-07-01,Emissão Direta com Financeiro 1,0.0
2025-07-01,Emissão Direta sem Financeiro 2,1.18563524811
2025-07-01,I - DPMFi,118.25865652881001
2025-07-01,II - DPFe,0.18407022004
2025-07-01,III - DPMFi,149.2967092021
2025-07-01,IV - DPFe,2.9526833618999997
2025-07-01,Oferta Pública,109.81096345029
2025-07-01,Pagamento de Dividendos4,0.0
2025-07-01,RESGATES,152.249392564
2025-07-01,Tesouro Direto,7.26205783041
2025-07-01,Tesouro Direto,3.58613123802
2025-07-01,Trocas Oferta Pública,0.0
2025-07-01,Trocas Oferta Pública,0.0
2025-07-01,Vencimentos,145.68965127127
2025-08-01,Cancelamentos,0.0
2025-08-01,Compras,0.027256905019999996
2025-08-01,DPFe    (II - IV),-0.30434284733000005
2025-08-01,DPMFi    (I - III),136.94378568695
2025-08-01,Dívida Contratual,0.1315850408
2025-08-01,Dívida Contratual,0.00580243374
2025-08-01,Dívida Mobiliária,0.0
2025-08-01,Dívida Mobiliária,0.43012545439
2025-08-01,EMISSÃO LÍQUIDA,136.63944283962
2025-08-01,EMISSÕES,175.69222609985
2025-08-01,Emissão Direta com Financeiro 1,0.0
2025-08-01,Emissão Direta sem Financeiro 2,4.68806854623
2025-08-01,I - DPMFi,175.56064105905
2025-08-01,II - DPFe,0.1315850408
2025-08-01,III - DPMFi,38.6168553721
2025-08-01,IV - DPFe,0.43592788813000005
2025-08-01,Oferta Pública,164.48693987026
2025-08-01,Pagamento de Dividendos4,0.0
2025-08-01,RESGATES,39.052783260229994
2025-08-01,Tesouro Direto,6.38563264256
2025-08-01,Tesouro Direto,3.4548616708
2025-08-01,Trocas Oferta Pública,0.0
2025-08-01,Trocas Oferta Pública,0.0
2025-08-01,Vencimentos,35.134736796279995
2025-09-01,Cancelamentos,0.0
2025-09-01,Compras,0.02287218027
2025-09-01,DPFe    (II - IV),6.932779075049999
2025-09-01,DPMFi    (I - III),-100.05521094262001
2025-09-01,Dívida Contratual,0.00889277025
2025-09-01,Dívida Contratual,0.80525461577
2025-09-01,Dívida Mobiliária,17.646141040499998
2025-09-01,Dívida Mobiliária,9.91700011993
2025-09-01,EMISSÃO LÍQUIDA,-93.12243186757
2025-09-01,EMISSÕES,174.95396426661
2025-09-01,Emissão Direta com Financeiro 1,0.0
2025-09-01,Emissão Direta sem Financeiro 2,0.37621575411
2025-09-01,I - DPMFi,157.29893045586002
2025-09-01,II - DPFe,17.65503381075
2025-09-01,III - DPMFi,257.35414139848
2025-09-01,IV - DPFe,10.7222547357
2025-09-01,Oferta Pública,150.06347409275003
2025-09-01,Pagamento de Dividendos4,0.0
2025-09-01,RESGATES,268.07639613418
2025-09-01,Tesouro Direto,6.8592406089999995
2025-09-01,Tesouro Direto,3.3417489727399996
2025-09-01,Trocas Oferta Pública,0.0
2025-09-01,Trocas Oferta Pública,0.0
2025-09-01,Vencimentos,253.98952024547003
2025-10-01,Cancelamentos,0.0
2025-10-01,Compras,0.02453193096
2025-10-01,DPFe    (II - IV),-1.3564072864099999
2025-10-01,DPMFi    (I - III),42.73471769476999
2025-10-01,Dívida Contratual,0.15989201134
2025-10-01,Dívida Contratual,0.80495216195
2025-10-01,Dívida Mobiliária,0.0
2025-10-01,Dívida Mobiliária,0.7113471358
2025-10-01,EMISSÃO LÍQUIDA,41.37831040835999
2025-10-01,EMISSÕES,162.75073783475
2025-10-01,Emissão Direta com Financeiro 1,0.0
2025-10-01,Emissão Direta sem Financeiro 2,0.46968586193
2025-10-01,I - DPMFi,162.59084582341
2025-10-01,II - DPFe,0.15989201134
2025-10-01,III - DPMFi,119.85612812864001
2025-10-01,IV - DPFe,1.5162992977499998
2025-10-01,Oferta Pública,154.94707480819
2025-10-01,Pagamento de Dividendos4,0.0
2025-10-01,RESGATES,121.37242742639
2025-10-01,Tesouro Direto,7.17408515329
2025-10-01,Tesouro Direto,3.4627204077600005
2025-10-01,Trocas Oferta Pública,0.0
2025-10-01,Trocas Oferta Pública,0.0
2025-10-01,Vencimentos,116.36887578992
2025-11-01,Cancelamentos,0.00023545806
2025-11-01,Compras,0.012466579000000002
2025-11-01,DPFe    (II - IV),11.26892285034
2025-11-01,DPMFi    (I - III),142.43732089753001
2025-11-01,Dívida Contratual,0.23174797506
2025-11-01,Dívida Contratual,0.083273259
2025-11-01,Dívida Mobiliária,12.067557747299999
2025-11-01,Dívida Mobiliária,0.94710961302
2025-11-01,EMISSÃO LÍQUIDA,153.70624374787
2025-11-01,EMISSÕES,181.48415421578
2025-11-01,Emissão Direta com Financeiro 1,0.0
2025-11-01,Emissão Direta sem Financeiro 2,0.93422849401
2025-11-01,I - DPMFi,169.18484849342
2025-11-01,II - DPFe,12.29930572236
2025-11-01,III - DPMFi,26.74752759589
2025-11-01,IV - DPFe,1.03038287202
2025-11-01,Oferta Pública,162.05680557256
2025-11-01,Pagamento de Dividendos4,0.0
2025-11-01,RESGATES,27.777910467909997
2025-11-01,Tesouro Direto,6.19381442685
2025-11-01,Tesouro Direto,3.3673994246900003
2025-11-01,Trocas Oferta Pública,0.0
2025-11-01,Trocas Oferta Pública,0.0
2025-11-01,Vencimentos,23.367426134139997
2025-12-01,Cancelamentos,0.0
2025-12-01,Compras,0.01264244308
2025-12-01,DPFe    (II - IV),-0.8929137093899999
2025-12-01,DPMFi    (I - III),60.8200493332
2025-12-01,Dívida Contratual,0.44688147983
2025-12-01,Dívida Contratual,0.73351209547
2025-12-01,Dívida Mobiliária,0.0
2025-12-01,Dívida Mobiliária,0.60628309375
2025-12-01,EMISSÃO LÍQUIDA,59.927135623809995
2025-12-01,EMISSÕES,65.81364636299
2025-12-01,Emissão Direta com Financeiro 1,0.0
2025-12-01,Emissão Direta sem Financeiro 2,0.43556505503
2025-12-01,I - DPMFi,65.36676488315999
2025-12-01,II - DPFe,0.44688147983
2025-12-01,III - DPMFi,4.54671554996
2025-12-01,IV - DPFe,1.33979518922
2025-12-01,Oferta Pública,55.45551846137
2025-12-01,Pagamento de Dividendos4,0.0
2025-12-01,RESGATES,5.88651073918
2025-12-01,Tesouro Direto,9.47568136676
2025-12-01,Tesouro Direto,3.52572873774
2025-12-01,Trocas Oferta Pública,0.0
2025-12-01,Trocas Oferta Pública,0.0
2025-12-01,Vencimentos,1.00834436914
2026-01-01,Cancelamentos,0.0
2026-01-01,Compras,0.03039611686
2026-01-01,DPFe    (II - IV),-1.7365564271999991
2026-01-01,DPMFi    (I - III),-67.02148910380001
2026-01-01,Dívida Contratual,1.3055129902200002
2026-01-01,Dívida Contratual,0.01159638952
2026-01-01,Dívida Mobiliária,0.0
2026-01-01,Dívida Mobiliária,3.0304730278999994
2026-01-01,EMISSÃO LÍQUIDA,-68.75804553100001
2026-01-01,EMISSÕES,147.17419204352
2026-01-01,Emissão Direta com Financeiro 1,0.0
2026-01-01,Emissão Direta sem Financeiro 2,0.48837974726
2026-01-01,I - DPMFi,145.8686790533
2026-01-01,II - DPFe,1.3055129902200002
2026-01-01,III - DPMFi,212.89016815710002
2026-01-01,IV - DPFe,3.042069417419999
2026-01-01,Oferta Pública,133.3557478512
2026-01-01,Pagamento de Dividendos4,0.0
2026-01-01,RESGATES,215.93223757452
2026-01-01,Tesouro Direto,12.024551454840001
2026-01-01,Tesouro Direto,7.1424790194300005
2026-01-01,Trocas Oferta Pública,0.0
2026-01-01,Trocas Oferta Pública,0.0
2026-01-01,Vencimentos,205.71729302081
2026-02-01,Cancelamentos,6.713115999999999e-05
2026-02-01,Compras,0.04182275605
2026-02-01,DPFe    (II - IV),22.94425386874
2026-02-01,DPMFi    (I - III),102.80755324884998
2026-02-01,Dívida Contratual,0.00687831144
2026-02-01,Dívida Contratual,0.0055467751899999996
2026-02-01,Dívida Mobiliária,23.53236698756
2026-02-01,Dívida Mobiliária,0.58944465507
2026-02-01,EMISSÃO LÍQUIDA,125.75180711758998
2026-02-01,EMISSÕES,166.80352212068
2026-02-01,Emissão Direta com Financeiro 1,0.0
2026-02-01,Emissão Direta sem Financeiro 2,1.08842812906
2026-02-01,I - DPMFi,143.26427682168
2026-02-01,II - DPFe,23.539245298999997
2026-02-01,III - DPMFi,40.45672357283
2026-02-01,IV - DPFe,0.5949914302599999
2026-02-01,Oferta Pública,133.92351854967
2026-02-01,Pagamento de Dividendos4,0.0
2026-02-01,RESGATES,41.05171500309
2026-02-01,Tesouro Direto,8.25233014295
2026-02-01,Tesouro Direto,3.59801542958
2026-02-01,Trocas Oferta Pública,0.0
2026-02-01,Trocas Oferta Pública,0.0
2026-02-01,Vencimentos,36.816818256039994
2026-03-01,Cancelamentos,0.0
2026-03-01,Compras,49.07897686258
2026-03-01,DPFe    (II - IV),-3.07021361155
2026-03-01,DPMFi    (I - III),-302.31553432434
2026-03-01,Dívida Contratual,0.00688252982
2026-03-01,Dívida Contratual,1.38282233213
2026-03-01,Dívida Mobiliária,0.0
2026-03-01,Dívida Mobiliária,1.69427380924
2026-03-01,EMISSÃO LÍQUIDA,-305.38574793589
2026-03-01,EMISSÕES,93.29634225343999
2026-03-01,Emissão Direta com Financeiro 1,0.0
2026-03-01,Emissão Direta sem Financeiro 2,0.25296598246999996
2026-03-01,I - DPMFi,93.28945972362
2026-03-01,II - DPFe,0.00688252982
2026-03-01,III - DPMFi,395.60499404795996
2026-03-01,IV - DPFe,3.0770961413699998
2026-03-01,Oferta Pública,78.24521544380998
2026-03-01,Pagamento de Dividendos4,0.0
2026-03-01,RESGATES,398.68209018933
2026-03-01,Tesouro Direto,14.791278297339998
2026-03-01,Tesouro Direto,11.00975246169
2026-03-01,Trocas Oferta Pública,0.0
2026-03-01,Trocas Oferta Pública,0.0
2026-03-01,Vencimentos,335.51626472368997
2026-04-01,Cancelamentos,0.0
2026-04-01,Compras,0.041453853
2026-04-01,DPFe    (II - IV),15.914975056429999
2026-04-01,DPMFi    (I - III),68.03880787181002
2026-04-01,Dívida Contratual,-0.00119599629
2026-04-01,Dívida Contratual,0.7839366545600001
2026-04-01,Dívida Mobiliária,28.86895
2026-04-01,Dívida Mobiliária,12.16884229272
2026-04-01,EMISSÃO LÍQUIDA,83.95378292824002
2026-04-01,EMISSÕES,229.96098977858003
2026-04-01,Emissão Direta com Financeiro 1,0.0
2026-04-01,Emissão Direta sem Financeiro 2,0.8574828304300001
2026-04-01,I - DPMFi,201.09323577487004
2026-04-01,II - DPFe,28.86775400371
2026-04-01,III - DPMFi,133.05442790306
2026-04-01,IV - DPFe,12.95277894728
2026-04-01,Oferta Pública,191.68349011872002
2026-04-01,Pagamento de Dividendos4,0.0
2026-04-01,RESGATES,146.00720685034
2026-04-01,Tesouro Direto,8.55226282572
2026-04-01,Tesouro Direto,3.3930882724499996
2026-04-01,Trocas Oferta Pública,0.0
2026-04-01,Trocas Oferta Pública,0.0
2026-04-01,Vencimentos,129.61988577761
2026-05-01,Cancelamentos,0.0
2026-05-01,Compras,0.02752783368
2026-05-01,DPFe    (II - IV),-1.1556635260600001
2026-05-01,DPMFi    (I - III),135.6151805044
2026-05-01,Dívida Contratual,0.03615960308
2026-05-01,Dívida Contratual,0.07475616993
2026-05-01,Dívida Mobiliária,0.0
2026-05-01,Dívida Mobiliária,1.11706695921
2026-05-01,EMISSÃO LÍQUIDA,134.45951697834
2026-05-01,EMISSÕES,166.26959995838
2026-05-01,Emissão Direta com Financeiro 1,0.0
2026-05-01,Emissão Direta sem Financeiro 2,1.46994904196
2026-05-01,I - DPMFi,166.2334403553
2026-05-01,II - DPFe,0.03615960308
2026-05-01,III - DPMFi,30.6182598509
2026-05-01,IV - DPFe,1.1918231291399999
2026-05-01,Oferta Pública,154.54634556195
2026-05-01,Pagamento de Dividendos4,0.0
2026-05-01,RESGATES,31.810082980039997
2026-05-01,Tesouro Direto,10.21714575139
2026-05-01,Tesouro Direto,4.151716437549999
2026-05-01,Trocas Oferta Pública,0.0
2026-05-01,Trocas Oferta Pública,0.0
2026-05-01,Vencimentos,26.43901557967
2026-06-01,Cancelamentos,0.0
2026-06-01,Compras,0.02849814321
2026-06-01,DPFe    (II - IV),-1.10045553657
2026-06-01,DPMFi    (I - III),143.35325541409
2026-06-01,Dívida Contratual,0.09724945745000001
2026-06-01,Dívida Contratual,0.6266709002699999
2026-06-01,Dívida Mobiliária,0.0
2026-06-01,Dívida Mobiliária,0.57103409375
2026-06-01,EMISSÃO LÍQUIDA,142.25279987752
2026-06-01,EMISSÕES,149.58734600775
2026-06-01,Emissão Direta com Financeiro 1,0.0
2026-06-01,Emissão Direta sem Financeiro 2,2.5524982950000004
2026-06-01,I - DPMFi,149.4900965503
2026-06-01,II - DPFe,0.09724945745000001
2026-06-01,III - DPMFi,6.136841136209999
2026-06-01,IV - DPFe,1.19770499402
2026-06-01,Oferta Pública,132.17296849161
2026-06-01,Pagamento de Dividendos4,0.0
2026-06-01,RESGATES,7.334546130229999
2026-06-01,Tesouro Direto,14.76462976369
2026-06-01,Tesouro Direto,4.663090874039999
2026-06-01,Trocas Oferta Pública,0.0
2026-06-01,Trocas Oferta Pública,0.0
2026-06-01,Vencimentos,1.44525211896
2026-07-01,Cancelamentos,0.0
2026-07-01,Compras,0.027151532840000003
2026-07-01,DPFe    (II - IV),-3.2245111737500003
2026-07-01,DPMFi    (I - III),-61.91467545594004
2026-07-01,Dívida Contratual,0.01118700662
2026-07-01,Dívida Contratual,0.0
2026-07-01,Dívida Mobiliária,0.0
2026-07-01,Dívida Mobiliária,3.23569818037
2026-07-01,EMISSÃO LÍQUIDA,-65.13918662969004
2026-07-01,EMISSÕES,198.14838757188997
2026-07-01,Emissão Direta com Financeiro 1,0.0
2026-07-01,Emissão Direta sem Financeiro 2,1.8484021685399998
2026-07-01,I - DPMFi,198.13720056526998
2026-07-01,II - DPFe,0.01118700662
2026-07-01,III - DPMFi,260.05187602121003
2026-07-01,IV - DPFe,3.23569818037
2026-07-01,Oferta Pública,184.62249325112998
2026-07-01,Pagamento de Dividendos4,0.0
2026-07-01,RESGATES,263.28757420158
2026-07-01,Tesouro Direto,11.666305145599999
2026-07-01,Tesouro Direto,4.29324395549
2026-07-01,Trocas Oferta Pública,0.0
2026-07-01,Trocas Oferta Pública,0.0
2026-07-01,Vencimentos,255.73148053288
2026-08-01,Cancelamentos,0.00010350159
2026-08-01,Compras,0.02667259672
2026-08-01,DPFe    (II - IV),-0.53298825794
2026-08-01,DPMFi    (I - III),-83.90082211634997
2026-08-01,Dívida Contratual,0.12966583536
2026-08-01,Dívida Contratual,0.00546213647
2026-08-01,Dívida Mobiliária,0.0
2026-08-01,Dívida Mobiliária,0.65719195683
2026-08-01,EMISSÃO LÍQUIDA,-84.43381037428998
2026-08-01,EMISSÕES,211.61889244503
2026-08-01,Emissão Direta com Financeiro 1,0.0
2026-08-01,Emissão Direta sem Financeiro 2,3.1232175198799994
2026-08-01,I - DPMFi,211.48922660967
2026-08-01,II - DPFe,0.12966583536
2026-08-01,III - DPMFi,295.39004872602
2026-08-01,IV - DPFe,0.6626540933
2026-08-01,Oferta Pública,193.36232063307
2026-08-01,Pagamento de Dividendos4,0.0
2026-08-01,RESGATES,296.05270281931996
2026-08-01,Tesouro Direto,15.003688456719999
2026-08-01,Tesouro Direto,17.216420889269997
2026-08-01,Trocas Oferta Pública,0.0
2026-08-01,Trocas Oferta Pública,0.0
2026-08-01,Vencimentos,278.14685173844
