data,indicador,valor_r_bilhoes
2000-12-01,Clube de Paris,13.907037492599999
2000-12-01,Credores Privados/Ag. Gov.,6.6982500756
2000-12-01,DPF EM PODER DO PÚBLICO,653.5590672934
2000-12-01,DPFe ¹,142.86146729339998
2000-12-01,DPMFi,510.69759999999997
2000-12-01,DPMFi EM PODER DO BANCO CENTRAL,130.90119
2000-12-01,Demais,3.8770869485999997
2000-12-01,Dívida Contratual,37.3437579486
2000-12-01,Dívida Mobiliária,105.5177093448
2000-12-01,Euro,12.209666210399998
2000-12-01,Global BRL,0.0
2000-12-01,Global USD,37.655745929400005
2000-12-01,Organismos Multilaterais,16.7384703804
2000-12-01,Reestruturada ²,51.7752102564
2001-01-01,Clube de Paris,13.8934974311
2001-01-01,Credores Privados/Ag. Gov.,6.7487625616
2001-01-01,DPF EM PODER DO PÚBLICO,660.794689113
2001-01-01,DPFe ¹,147.875529113
2001-01-01,DPMFi,512.91916
2001-01-01,DPMFi EM PODER DO BANCO CENTRAL,138.75323
2001-01-01,Demais,3.8500333351
2001-01-01,Dívida Contratual,38.482185433299996
2001-01-01,Dívida Mobiliária,109.3933436797
2001-01-01,Euro,14.0663293924
2001-01-01,Global BRL,0.0
2001-01-01,Global USD,40.9147357121
2001-01-01,Organismos Multilaterais,17.8399254406
2001-01-01,Reestruturada ²,50.562245240100005
2001-02-01,Clube de Paris,14.2967906224
2001-02-01,Credores Privados/Ag. Gov.,6.9934039195999995
2001-02-01,DPF EM PODER DO PÚBLICO,671.8150940864
2001-02-01,DPFe ¹,153.0284740864
2001-02-01,DPMFi,518.78662
2001-02-01,DPMFi EM PODER DO BANCO CENTRAL,140.58265
2001-02-01,Demais,3.9584007468
2001-02-01,Dívida Contratual,39.81130690559999
2001-02-01,Dívida Mobiliária,113.2171671808
2001-02-01,Euro,14.4312093472
2001-02-01,Global BRL,0.0
2001-02-01,Global USD,42.4528524572
2001-02-01,Organismos Multilaterais,18.521112363599997
2001-02-01,Reestruturada ²,52.3747046296
2001-03-01,Clube de Paris,14.6316261392
2001-03-01,Credores Privados/Ag. Gov.,7.378113624
2001-03-01,DPF EM PODER DO PÚBLICO,696.0219615471999
2001-03-01,DPFe ¹,159.5461115472
2001-03-01,DPMFi,536.4758499999999
2001-03-01,DPMFi EM PODER DO BANCO CENTRAL,144.67428
2001-03-01,Demais,3.4717046896
2001-03-01,Dívida Contratual,41.2842881584
2001-03-01,Dívida Mobiliária,118.26182338880001
2001-03-01,Euro,14.599087574400002
2001-03-01,Global BRL,0.0
2001-03-01,Global USD,49.516443457600005
2001-03-01,Organismos Multilaterais,19.2745483952
2001-03-01,Reestruturada ²,50.6745876672
2001-04-01,Clube de Paris,14.8126679848
2001-04-01,Credores Privados/Ag. Gov.,7.4565296596
2001-04-01,DPF EM PODER DO PÚBLICO,711.4638936250744
2001-04-01,DPFe ¹,162.87083345609997
2001-04-01,DPMFi,548.5930601689745
2001-04-01,DPMFi EM PODER DO BANCO CENTRAL,144.51835
2001-04-01,Demais,4.9294784308
2001-04-01,Dívida Contratual,41.6285758812
2001-04-01,Dívida Mobiliária,121.24225757489998
2001-04-01,Euro,14.813465400299997
2001-04-01,Global BRL,0.0
2001-04-01,Global USD,51.143414091699995
2001-04-01,Organismos Multilaterais,19.359378236799998
2001-04-01,Reestruturada ²,50.3558996521
2001-05-01,Clube de Paris,15.839300479999999
2001-05-01,Credores Privados/Ag. Gov.,8.06323972
2001-05-01,DPF EM PODER DO PÚBLICO,733.11045792
2001-05-01,DPFe ¹,178.55316792
2001-05-01,DPMFi,554.5572900000001
2001-05-01,DPMFi EM PODER DO BANCO CENTRAL,152.22175
2001-05-01,Demais,5.41508608
2001-05-01,Dívida Contratual,44.86501364
2001-05-01,Dívida Mobiliária,133.68815428
2001-05-01,Euro,16.26946476
2001-05-01,Global BRL,0.0
2001-05-01,Global USD,57.60715395999999
2001-05-01,Organismos Multilaterais,20.96247344
2001-05-01,Reestruturada ²,54.39644947999999
2001-06-01,Clube de Paris,14.426530443
2001-06-01,Credores Privados/Ag. Gov.,7.8656233734
2001-06-01,DPF EM PODER DO PÚBLICO,750.3735774095819
2001-06-01,DPFe ¹,169.5484002069
2001-06-01,DPMFi,580.825177202682
2001-06-01,DPMFi EM PODER DO BANCO CENTRAL,162.75954000000002
2001-06-01,Demais,5.1189962031
2001-06-01,Dívida Contratual,45.4286893086
2001-06-01,Dívida Mobiliária,124.11971089829999
2001-06-01,Euro,15.962723243999998
2001-06-01,Global BRL,0.0
2001-06-01,Global USD,56.256411123899994
2001-06-01,Organismos Multilaterais,23.1365354922
2001-06-01,Reestruturada ²,46.7815803273
2001-07-01,Clube de Paris,15.3952882186
2001-07-01,Credores Privados/Ag. Gov.,8.2964173794
2001-07-01,DPF EM PODER DO PÚBLICO,776.2520447571001
2001-07-01,DPFe ¹,178.9735047571
2001-07-01,DPMFi,597.27854
2001-07-01,DPMFi EM PODER DO BANCO CENTRAL,165.78534
2001-07-01,Demais,5.4226839932
2001-07-01,Dívida Contratual,48.268817717
2001-07-01,Dívida Mobiliária,130.7046870401
2001-07-01,Euro,17.3383904725
2001-07-01,Global BRL,0.0
2001-07-01,Global USD,59.3414952343
2001-07-01,Organismos Multilaterais,24.577112119
2001-07-01,Reestruturada ²,48.6021173401
2001-08-01,Clube de Paris,16.658117663099997
2001-08-01,Credores Privados/Ag. Gov.,8.7072628746
2001-08-01,DPF EM PODER DO PÚBLICO,799.9593702847395
2001-08-01,DPFe ¹,193.7835642742
2001-08-01,DPMFi,606.1758060105395
2001-08-01,DPMFi EM PODER DO BANCO CENTRAL,168.79338
2001-08-01,Demais,10.248857119399998
2001-08-01,Dívida Contratual,51.28767470379999
2001-08-01,Dívida Mobiliária,142.4958895704
2001-08-01,Euro,18.951583071399998
2001-08-01,Global BRL,0.0
2001-08-01,Global USD,62.286514728700006
2001-08-01,Organismos Multilaterais,25.922294166100002
2001-08-01,Reestruturada ²,51.0089346509
2001-09-01,Clube de Paris,17.425517641475437
2001-09-01,Credores Privados/Ag. Gov.,9.108612728823424
2001-09-01,DPF EM PODER DO PÚBLICO,831.7530378236102
2001-09-01,DPFe ¹,202.66268759516646
2001-09-01,DPMFi,629.0903502284438
2001-09-01,DPMFi EM PODER DO BANCO CENTRAL,175.76131
2001-09-01,Demais,10.68451694859
2001-09-01,Dívida Contratual,53.65609812741632
2001-09-01,Dívida Mobiliária,149.00658946775013
2001-09-01,Euro,19.801857918535
2001-09-01,Global BRL,0.0
2001-09-01,Global USD,65.20592812429999
2001-09-01,Organismos Multilaterais,27.12196775711746
2001-09-01,Reestruturada ²,53.314286476325144
2001-10-01,Clube de Paris,17.45921944189281
2001-10-01,Credores Privados/Ag. Gov.,9.22538042116557
2001-10-01,DPF EM PODER DO PÚBLICO,840.6285182610892
2001-10-01,DPFe ¹,203.5512982610893
2001-10-01,DPMFi,637.0772199999999
2001-10-01,DPMFi EM PODER DO BANCO CENTRAL,190.0285
2001-10-01,Demais,10.596293408426
2001-10-01,Dívida Contratual,53.96487439780856
2001-10-01,Dívida Mobiliária,149.58642386328074
2001-10-01,Euro,19.84925606521
2001-10-01,Global BRL,0.0
2001-10-01,Global USD,66.07303160810001
2001-10-01,Organismos Multilaterais,27.28027453475018
2001-10-01,Reestruturada ²,53.06784278154472
2001-11-01,Clube de Paris,16.093054990769755
2001-11-01,Credores Privados/Ag. Gov.,8.615907339781966
2001-11-01,DPF EM PODER DO PÚBLICO,813.0949538073542
2001-11-01,DPFe ¹,186.1642022680424
2001-11-01,DPMFi,626.9307515393118
2001-11-01,DPMFi EM PODER DO BANCO CENTRAL,188.73822
2001-11-01,Demais,9.797569426452
2001-11-01,Dívida Contratual,50.17772564562712
2001-11-01,Dívida Mobiliária,135.9864766224153
2001-11-01,Euro,16.789712540790003
2001-11-01,Global BRL,0.0
2001-11-01,Global USD,59.828564075700015
2001-11-01,Organismos Multilaterais,25.4687633150754
2001-11-01,Reestruturada ²,49.57063057947329
2001-12-01,Clube de Paris,13.63514015553576
2001-12-01,Credores Privados/Ag. Gov.,7.8949145613379
2001-12-01,DPF EM PODER DO PÚBLICO,793.4680764714285
2001-12-01,DPFe ¹,169.38371171658196
2001-12-01,DPMFi,624.0843647548465
2001-12-01,DPMFi EM PODER DO BANCO CENTRAL,189.44194
2001-12-01,Demais,8.563328765479998
2001-12-01,Dívida Contratual,44.90084539837046
2001-12-01,Dívida Mobiliária,124.48286631821149
2001-12-01,Euro,15.537830632509998
2001-12-01,Global BRL,0.0
2001-12-01,Global USD,54.8944244444
2001-12-01,Organismos Multilaterais,23.3707906814968
2001-12-01,Reestruturada ²,45.48728247582149
2002-01-01,Clube de Paris,14.08884336227188
2002-01-01,Credores Privados/Ag. Gov.,8.223606453178224
2002-01-01,DPF EM PODER DO PÚBLICO,813.286314326274
2002-01-01,DPFe ¹,178.1759922843129
2002-01-01,DPMFi,635.1103220419611
2002-01-01,DPMFi EM PODER DO BANCO CENTRAL,192.15546
2002-01-01,Demais,8.822492118809999
2002-01-01,Dívida Contratual,46.64092666651151
2002-01-01,Dívida Mobiliária,131.5350656178014
2002-01-01,Euro,15.734398711383493
2002-01-01,Global BRL,0.0
2002-01-01,Global USD,60.233350191300005
2002-01-01,Organismos Multilaterais,24.328476851061403
2002-01-01,Reestruturada ²,46.744824596307886
2002-02-01,Clube de Paris,13.696749751903269
2002-02-01,Credores Privados/Ag. Gov.,7.975202033643139
2002-02-01,DPF EM PODER DO PÚBLICO,804.5673384089796
2002-02-01,DPFe ¹,172.9315150733334
2002-02-01,DPMFi,631.6358233356463
2002-02-01,DPMFi EM PODER DO BANCO CENTRAL,194.97784
2002-02-01,Demais,8.51598376374
2002-02-01,Dívida Contratual,45.26006462211396
2002-02-01,Dívida Mobiliária,127.67145045121944
2002-02-01,Euro,15.278300894872729
2002-02-01,Global BRL,0.0
2002-02-01,Global USD,58.4873476902
2002-02-01,Organismos Multilaterais,23.588112836567554
2002-02-01,Reestruturada ²,45.38981810240673
2002-03-01,Clube de Paris,13.579804922397887
2002-03-01,Credores Privados/Ag. Gov.,7.889948904606271
2002-03-01,DPF EM PODER DO PÚBLICO,800.3995253622529
2002-03-01,DPFe ¹,174.07876129908777
2002-03-01,DPMFi,626.3207640631651
2002-03-01,DPMFi EM PODER DO BANCO CENTRAL,196.77102
2002-03-01,Demais,8.477052090519999
2002-03-01,Dívida Contratual,44.82600803951314
2002-03-01,Dívida Mobiliária,129.25275325957463
2002-03-01,Euro,15.118243743857539
2002-03-01,Global BRL,0.0
2002-03-01,Global USD,60.779127839599994
2002-03-01,Organismos Multilaterais,23.35625421250898
2002-03-01,Reestruturada ²,44.87832958559712
2002-04-01,Clube de Paris,13.92390378880179
2002-04-01,Credores Privados/Ag. Gov.,8.027214605620873
2002-04-01,DPF EM PODER DO PÚBLICO,812.9517929075904
2002-04-01,DPFe ¹,179.66606243142476
2002-04-01,DPMFi,633.2857304761657
2002-04-01,DPMFi EM PODER DO BANCO CENTRAL,200.44684
2002-04-01,Demais,8.84274465375
2002-04-01,Dívida Contratual,45.61503947187182
2002-04-01,Dívida Mobiliária,134.05102295955294
2002-04-01,Euro,16.319381792135623
2002-04-01,Global BRL,0.0
2002-04-01,Global USD,64.1591472375
2002-04-01,Organismos Multilaterais,23.663921077449153
2002-04-01,Reestruturada ²,44.729749276167325
2002-05-01,Clube de Paris,14.998221666715075
2002-05-01,Credores Privados/Ag. Gov.,8.57544864997652
2002-05-01,DPF EM PODER DO PÚBLICO,832.0065134228231
2002-05-01,DPFe ¹,192.6160017244075
2002-05-01,DPMFi,639.3905116984156
2002-05-01,DPMFi EM PODER DO BANCO CENTRAL,208.50778
2002-05-01,Demais,8.638849973
2002-05-01,Dívida Contratual,49.00389944248987
2002-05-01,Dívida Mobiliária,143.61210228191766
2002-05-01,Euro,18.73241055125882
2002-05-01,Global BRL,0.0
2002-05-01,Global USD,68.49073834199999
2002-05-01,Organismos Multilaterais,25.43022912579827
2002-05-01,Reestruturada ²,47.750103415658835
2002-06-01,Clube de Paris,15.857799454164565
2002-06-01,Credores Privados/Ag. Gov.,9.679958186042924
2002-06-01,DPF EM PODER DO PÚBLICO,872.0836428300396
2002-06-01,DPFe ¹,218.33562131456452
2002-06-01,DPMFi,653.7480215154751
2002-06-01,DPMFi EM PODER DO BANCO CENTRAL,219.30496
2002-06-01,Demais,10.1004544446
2002-06-01,Dívida Contratual,54.54482687750413
2002-06-01,Dívida Mobiliária,163.79079443706038
2002-06-01,Euro,22.590413116915276
2002-06-01,Global BRL,0.0
2002-06-01,Global USD,77.2462554084
2002-06-01,Organismos Multilaterais,29.00706923729664
2002-06-01,Reestruturada ²,53.85367146714511
2002-07-01,Clube de Paris,19.25095893
2002-07-01,Credores Privados/Ag. Gov.,11.667218485838495
2002-07-01,DPF EM PODER DO PÚBLICO,938.036325123196
2002-07-01,DPFe ¹,263.6349739000293
2002-07-01,DPMFi,674.4013512231667
2002-07-01,DPMFi EM PODER DO BANCO CENTRAL,240.29665
2002-07-01,Demais,12.2299977745
2002-07-01,Dívida Contratual,69.1558196388385
2002-07-01,Dívida Mobiliária,194.47915426119084
2002-07-01,Euro,24.227745695068002
2002-07-01,Global BRL,0.0
2002-07-01,Global USD,93.10884076350001
2002-07-01,Organismos Multilaterais,38.237642223
2002-07-01,Reestruturada ²,64.91257002812284
2002-08-01,Clube de Paris,17.011112263599998
2002-08-01,Credores Privados/Ag. Gov.,10.272028890559861
2002-08-01,DPF EM PODER DO PÚBLICO,854.7802189460665
2002-08-01,DPFe ¹,231.98591141860243
2002-08-01,DPMFi,622.7943075274641
2002-08-01,DPMFi EM PODER DO BANCO CENTRAL,249.86051
2002-08-01,Demais,10.901593259600002
2002-08-01,Dívida Contratual,60.380538859059854
2002-08-01,Dívida Mobiliária,171.60537255954256
2002-08-01,Euro,21.404345677400002
2002-08-01,Global BRL,0.0
2002-08-01,Global USD,82.07754103530002
2002-08-01,Organismos Multilaterais,33.0973977049
2002-08-01,Reestruturada ²,57.22189258724254
2002-09-01,Clube de Paris,21.796479689099996
2002-09-01,Credores Privados/Ag. Gov.,13.217922021722698
2002-09-01,DPF EM PODER DO PÚBLICO,954.825890734753
2002-09-01,DPFe ¹,296.04800127737246
2002-09-01,DPMFi,658.7778894573805
2002-09-01,DPMFi EM PODER DO BANCO CENTRAL,275.9435
2002-09-01,Demais,13.701531801149997
2002-09-01,Dívida Contratual,75.1502703129753
2002-09-01,Dívida Mobiliária,220.89773096439717
2002-09-01,Euro,27.738472537994703
2002-09-01,Global BRL,0.0
2002-09-01,Global USD,105.77501061390001
2002-09-01,Organismos Multilaterais,40.1358686021526
2002-09-01,Reestruturada ²,73.68271601135247
2002-10-01,Clube de Paris,20.361780742041002
2002-10-01,Credores Privados/Ag. Gov.,12.3680394299421
2002-10-01,DPF EM PODER DO PÚBLICO,907.4834648336722
2002-10-01,DPFe ¹,275.37956278590445
2002-10-01,DPMFi,632.1039020477677
2002-10-01,DPMFi EM PODER DO BANCO CENTRAL,275.68629999999996
2002-10-01,Demais,12.732666615
2002-10-01,Dívida Contratual,70.04124114938587
2002-10-01,Dívida Mobiliária,205.33832163651857
2002-10-01,Euro,26.052973157114998
2002-10-01,Global BRL,0.0
2002-10-01,Global USD,98.98839859499999
2002-10-01,Organismos Multilaterais,37.31142097740276
2002-10-01,Reestruturada ²,67.56428326940359
2002-11-01,Clube de Paris,20.3057427166889
2002-11-01,Credores Privados/Ag. Gov.,12.33919882398637
2002-11-01,DPF EM PODER DO PÚBLICO,906.0191180927718
2002-11-01,DPFe ¹,274.5579229030793
2002-11-01,DPMFi,631.4611951896925
2002-11-01,DPMFi EM PODER DO BANCO CENTRAL,278.75892
2002-11-01,Demais,12.6982834405
2002-11-01,Dívida Contratual,69.70183531032698
2002-11-01,Dívida Mobiliária,204.85608759275232
2002-11-01,Euro,26.071079653371374
2002-11-01,Global BRL,0.0
2002-11-01,Global USD,98.75756145149998
2002-11-01,Organismos Multilaterais,37.05689376965171
2002-11-01,Reestruturada ²,67.32916304738097
2002-12-01,Clube de Paris,18.143367735289743
2002-12-01,Credores Privados/Ag. Gov.,11.989025492861556
2002-12-01,DPF EM PODER DO PÚBLICO,892.9431743980185
2002-12-01,DPFe ¹,269.7525419323759
2002-12-01,DPMFi,623.1906324656427
2002-12-01,DPMFi EM PODER DO BANCO CENTRAL,282.73006
2002-12-01,Demais,12.74378807445
2002-12-01,Dívida Contratual,69.08484636739881
2002-12-01,Dívida Mobiliária,200.66769556497707
2002-12-01,Euro,26.55054748175596
2002-12-01,Global BRL,0.0
2002-12-01,Global USD,95.9549269563
2002-12-01,Organismos Multilaterais,38.95245313924751
2002-12-01,Reestruturada ²,65.41843305247112
2003-01-01,Clube de Paris,18.186716142518343
2003-01-01,Credores Privados/Ag. Gov.,11.968950421329
2003-01-01,DPF EM PODER DO PÚBLICO,907.0203600711516
2003-01-01,DPFe ¹,270.15773380265864
2003-01-01,DPMFi,636.8626262684929
2003-01-01,DPMFi EM PODER DO BANCO CENTRAL,297.84054
2003-01-01,Demais,12.6192189864
2003-01-01,Dívida Contratual,69.1709518506623
2003-01-01,Dívida Mobiliária,200.98678195199636
2003-01-01,Euro,27.3367439808158
2003-01-01,Global BRL,0.0
2003-01-01,Global USD,95.75124712379998
2003-01-01,Organismos Multilaterais,39.01528528681497
2003-01-01,Reestruturada ²,65.27957186098057
2003-02-01,Clube de Paris,18.37665317239472
2003-02-01,Credores Privados/Ag. Gov.,12.080831883056112
2003-02-01,DPF EM PODER DO PÚBLICO,917.2505744138311
2003-02-01,DPFe ¹,272.3727871884955
2003-02-01,DPMFi,644.8777872253356
2003-02-01,DPMFi EM PODER DO BANCO CENTRAL,303.41843
2003-02-01,Demais,12.8893183592
2003-02-01,Dívida Contratual,69.0049406963097
2003-02-01,Dívida Mobiliária,203.3678464921858
2003-02-01,Euro,27.73957124190573
2003-02-01,Global BRL,0.0
2003-02-01,Global USD,96.76693055519999
2003-02-01,Organismos Multilaterais,38.547455640858864
2003-02-01,Reestruturada ²,65.97202633588009
2003-03-01,Clube de Paris,18.80983430389835
2003-03-01,Credores Privados/Ag. Gov.,11.364016891862335
2003-03-01,DPF EM PODER DO PÚBLICO,905.6867720973245
2003-03-01,DPFe ¹,255.98256825592273
2003-03-01,DPMFi,649.7042038414017
2003-03-01,DPMFi EM PODER DO BANCO CENTRAL,301.16549
2003-03-01,Demais,12.144185488349999
2003-03-01,Dívida Contratual,66.18888869053188
2003-03-01,Dívida Mobiliária,189.79367956539085
2003-03-01,Euro,24.55817419782782
2003-03-01,Global BRL,0.0
2003-03-01,Global USD,91.06117951409999
2003-03-01,Organismos Multilaterais,36.0150374947712
2003-03-01,Reestruturada ²,62.03014036511304
2003-04-01,Clube de Paris,16.402092551621973
2003-04-01,Credores Privados/Ag. Gov.,9.792368836106386
2003-04-01,DPF EM PODER DO PÚBLICO,863.0207970450001
2003-04-01,DPFe ¹,218.61385802433946
2003-04-01,DPMFi,644.4069390206606
2003-04-01,DPMFi EM PODER DO BANCO CENTRAL,293.68107000000003
2003-04-01,Demais,8.93887385
2003-04-01,Dívida Contratual,57.22068217273781
2003-04-01,Dívida Mobiliária,161.39317585160165
2003-04-01,Euro,21.66453695123912
2003-04-01,Global BRL,0.0
2003-04-01,Global USD,78.47919732780001
2003-04-01,Organismos Multilaterais,31.02622078500945
2003-04-01,Reestruturada ²,52.31056772256252
2003-05-01,Clube de Paris,17.247418541354847
2003-05-01,Credores Privados/Ag. Gov.,9.597172385388367
2003-05-01,DPF EM PODER DO PÚBLICO,890.6593703838856
2003-05-01,DPFe ¹,229.90081557876238
2003-05-01,DPMFi,660.7585548051233
2003-05-01,DPMFi EM PODER DO BANCO CENTRAL,298.94955
2003-05-01,Demais,9.1626393496
2003-05-01,Dívida Contratual,60.119116406363204
2003-05-01,Dívida Mobiliária,169.7816991723992
2003-05-01,Euro,23.435160099693668
2003-05-01,Global BRL,0.0
2003-05-01,Global USD,83.50332150160001
2003-05-01,Organismos Multilaterais,33.27452547961999
2003-05-01,Reestruturada ²,53.68057822150549
2003-06-01,Clube de Paris,14.821926737148802
2003-06-01,Credores Privados/Ag. Gov.,9.28373508149896
2003-06-01,DPF EM PODER DO PÚBLICO,893.1681264533049
2003-06-01,DPFe ¹,223.7452930767607
2003-06-01,DPMFi,669.4228333765442
2003-06-01,DPMFi EM PODER DO BANCO CENTRAL,298.96783
2003-06-01,Demais,8.863676972
2003-06-01,Dívida Contratual,56.406058347891936
2003-06-01,Dívida Mobiliária,167.33923472886877
2003-06-01,Euro,22.031443916580482
2003-06-01,Global BRL,0.0
2003-06-01,Global USD,84.457797192
2003-06-01,Organismos Multilaterais,32.300396529244175
2003-06-01,Reestruturada ²,51.986316648288295
2003-07-01,Clube de Paris,15.123230869115517
2003-07-01,Credores Privados/Ag. Gov.,9.571658102613855
2003-07-01,DPF EM PODER DO PÚBLICO,918.959684592986
2003-07-01,DPFe ¹,228.96920042041288
2003-07-01,DPMFi,689.9904841725731
2003-07-01,DPMFi EM PODER DO BANCO CENTRAL,302.43872
2003-07-01,Demais,9.068067519750002
2003-07-01,Dívida Contratual,56.6597802014446
2003-07-01,Dívida Mobiliária,172.30942021896828
2003-07-01,Euro,22.355203815731205
2003-07-01,Global BRL,0.0
2003-07-01,Global USD,87.20738077049998
2003-07-01,Organismos Multilaterais,31.964891229715228
2003-07-01,Reestruturada ²,53.67876811298709
2003-08-01,Clube de Paris,14.96979124765922
2003-08-01,Credores Privados/Ag. Gov.,9.559393681036104
2003-08-01,DPF EM PODER DO PÚBLICO,918.681651861898
2003-08-01,DPFe ¹,222.73093100671696
2003-08-01,DPMFi,695.950720855181
2003-08-01,DPMFi EM PODER DO BANCO CENTRAL,303.88345000000004
2003-08-01,Demais,4.233849613249999
2003-08-01,Dívida Contratual,55.86915119349676
2003-08-01,Dívida Mobiliária,166.8617798132202
2003-08-01,Euro,21.65100355129919
2003-08-01,Global BRL,0.0
2003-08-01,Global USD,91.16651656449999
2003-08-01,Organismos Multilaterais,31.339966264801433
2003-08-01,Reestruturada ²,49.81041008417104
2003-09-01,Clube de Paris,15.19298964194213
2003-09-01,Credores Privados/Ag. Gov.,9.413173141535674
2003-09-01,DPF EM PODER DO PÚBLICO,931.2777722382846
2003-09-01,DPFe ¹,223.53682920880453
2003-09-01,DPMFi,707.74094302948
2003-09-01,DPMFi EM PODER DO BANCO CENTRAL,313.01562
2003-09-01,Demais,4.3047971254
2003-09-01,Dívida Contratual,55.87939252909021
2003-09-01,Dívida Mobiliária,167.65743667971432
2003-09-01,Euro,22.27692228065283
2003-09-01,Global BRL,0.0
2003-09-01,Global USD,92.03451680420001
2003-09-01,Organismos Multilaterais,31.27322974561241
2003-09-01,Reestruturada ²,49.04120046946149
2003-10-01,Clube de Paris,15.26100208835339
2003-10-01,Credores Privados/Ag. Gov.,9.201466589340738
2003-10-01,DPF EM PODER DO PÚBLICO,940.7854955504961
2003-10-01,DPFe ¹,222.92638184158375
2003-10-01,DPMFi,717.8591137089123
2003-10-01,DPMFi EM PODER DO BANCO CENTRAL,310.43890000000005
2003-10-01,Demais,4.4190655127
2003-10-01,Dívida Contratual,55.16564511716264
2003-10-01,Dívida Mobiliária,167.7607367244211
2003-10-01,Euro,22.360011741173462
2003-10-01,Global BRL,0.0
2003-10-01,Global USD,94.20322553060001
2003-10-01,Organismos Multilaterais,30.703176439468514
2003-10-01,Reestruturada ²,46.778433939947625
2003-11-01,Clube de Paris,15.919113634489365
2003-11-01,Credores Privados/Ag. Gov.,9.49549342632592
2003-11-01,DPF EM PODER DO PÚBLICO,959.1262660458997
2003-11-01,DPFe ¹,230.81980439401707
2003-11-01,DPMFi,728.3064616518826
2003-11-01,DPMFi EM PODER DO BANCO CENTRAL,306.23996
2003-11-01,Demais,4.5246774894
2003-11-01,Dívida Contratual,57.00673004700797
2003-11-01,Dívida Mobiliária,173.8130743470091
2003-11-01,Euro,23.706397542983684
2003-11-01,Global BRL,0.0
2003-11-01,Global USD,97.2771491422
2003-11-01,Organismos Multilaterais,31.592122986192688
2003-11-01,Reestruturada ²,48.30485017242543
2003-12-01,Clube de Paris,14.193479218578187
2003-12-01,Credores Privados/Ag. Gov.,9.298427653699353
2003-12-01,DPF EM PODER DO PÚBLICO,956.5851562921454
2003-12-01,DPFe ¹,225.15874400038766
2003-12-01,DPMFi,731.4264122917577
2003-12-01,DPMFi EM PODER DO BANCO CENTRAL,276.90511
2003-12-01,Demais,4.5514694388
2003-12-01,Dívida Contratual,53.54477216649593
2003-12-01,Dívida Mobiliária,171.61397183389172
2003-12-01,Euro,24.451967228679617
2003-12-01,Global BRL,0.0
2003-12-01,Global USD,95.29163195960001
2003-12-01,Organismos Multilaterais,30.052865294218396
2003-12-01,Reestruturada ²,47.318903206812095
2004-01-01,Clube de Paris,14.416386518830887
2004-01-01,Credores Privados/Ag. Gov.,9.456405441617951
2004-01-01,DPF EM PODER DO PÚBLICO,969.9388835968241
2004-01-01,DPFe ¹,232.60166215353223
2004-01-01,DPMFi,737.3372214432919
2004-01-01,DPMFi EM PODER DO BANCO CENTRAL,279.55357
2004-01-01,Demais,4.691242805250001
2004-01-01,Dívida Contratual,53.766423674167484
2004-01-01,Dívida Mobiliária,178.83523847936476
2004-01-01,Euro,24.57020525084838
2004-01-01,Global BRL,0.0
2004-01-01,Global USD,101.40815203169998
2004-01-01,Organismos Multilaterais,29.893631713718648
2004-01-01,Reestruturada ²,48.16563839156641
2004-02-01,Clube de Paris,14.233619868922755
2004-02-01,Credores Privados/Ag. Gov.,9.336166418437836
2004-02-01,DPF EM PODER DO PÚBLICO,972.6747098647988
2004-02-01,DPFe ¹,229.52785230013154
2004-02-01,DPMFi,743.1468575646672
2004-02-01,DPMFi EM PODER DO BANCO CENTRAL,285.31594
2004-02-01,Demais,4.553172354300001
2004-02-01,Dívida Contratual,52.36494195606009
2004-02-01,Dívida Mobiliária,177.16291034407146
2004-02-01,Euro,24.41425003189679
2004-02-01,Global BRL,0.0
2004-02-01,Global USD,100.47368947940001
2004-02-01,Organismos Multilaterais,28.795155668699497
2004-02-01,Reestruturada ²,47.72179847847468
2004-03-01,Clube de Paris,14.239600593821928
2004-03-01,Credores Privados/Ag. Gov.,9.31485997242878
2004-03-01,DPF EM PODER DO PÚBLICO,988.5780214912357
2004-03-01,DPFe ¹,228.7368203673033
2004-03-01,DPMFi,759.8412011239325
2004-03-01,DPMFi EM PODER DO BANCO CENTRAL,289.53118
2004-03-01,Demais,4.7027059208
2004-03-01,Dívida Contratual,52.149757945799244
2004-03-01,Dívida Mobiliária,176.58706242150404
2004-03-01,Euro,23.99837812426487
2004-03-01,Global BRL,0.0
2004-03-01,Global USD,100.29438301180001
2004-03-01,Organismos Multilaterais,28.59529737954854
2004-03-01,Reestruturada ²,47.59159536463917
2004-04-01,Clube de Paris,14.006662076775
2004-04-01,Credores Privados/Ag. Gov.,9.405419999880245
2004-04-01,DPF EM PODER DO PÚBLICO,986.0167124112314
2004-04-01,DPFe ¹,218.34319995756593
2004-04-01,DPMFi,767.6735124536655
2004-04-01,DPMFi EM PODER DO BANCO CENTRAL,284.52593
2004-04-01,Demais,4.51279250345
2004-04-01,Dívida Contratual,52.02821231533957
2004-04-01,Dívida Mobiliária,166.31498764222636
2004-04-01,Euro,23.652841264507796
2004-04-01,Global BRL,0.0
2004-04-01,Global USD,92.7050836811
2004-04-01,Organismos Multilaterais,28.616130238684327
2004-04-01,Reestruturada ²,45.444270193168556
2004-05-01,Clube de Paris,15.085365168960553
2004-05-01,Credores Privados/Ag. Gov.,9.994155026995386
2004-05-01,DPF EM PODER DO PÚBLICO,980.8874219897777
2004-05-01,DPFe ¹,232.50557502319265
2004-05-01,DPMFi,748.381846966585
2004-05-01,DPMFi EM PODER DO BANCO CENTRAL,292.37235999999996
2004-05-01,Demais,4.857286284500001
2004-05-01,Dívida Contratual,55.256766272481215
2004-05-01,Dívida Mobiliária,177.24880875071142
2004-05-01,Euro,25.591120656867908
2004-05-01,Global BRL,0.0
2004-05-01,Global USD,98.5103668783
2004-05-01,Organismos Multilaterais,30.177246076525275
2004-05-01,Reestruturada ²,48.29003493104349
2004-06-01,Clube de Paris,12.842184590173677
2004-06-01,Credores Privados/Ag. Gov.,9.916178356882874
2004-06-01,DPF EM PODER DO PÚBLICO,989.6000445220739
2004-06-01,DPFe ¹,231.41307427347897
2004-06-01,DPMFi,758.1869702485949
2004-06-01,DPMFi EM PODER DO BANCO CENTRAL,301.07437
2004-06-01,Demais,4.844155896249999
2004-06-01,Dívida Contratual,53.03053553305722
2004-06-01,Dívida Mobiliária,178.38253874042175
2004-06-01,Euro,25.420710890563726
2004-06-01,Global BRL,0.0
2004-06-01,Global USD,100.1609803975
2004-06-01,Organismos Multilaterais,30.27217258600067
2004-06-01,Reestruturada ²,47.95669155610803
2004-07-01,Clube de Paris,12.34764535318104
2004-07-01,Credores Privados/Ag. Gov.,9.640191333677128
2004-07-01,DPF EM PODER DO PÚBLICO,985.2038535908315
2004-07-01,DPFe ¹,226.00869785299548
2004-07-01,DPMFi,759.195155737836
2004-07-01,DPMFi EM PODER DO BANCO CENTRAL,299.32854
2004-07-01,Demais,4.6279968742
2004-07-01,Dívida Contratual,50.56300257402711
2004-07-01,Dívida Mobiliária,175.44569527896837
2004-07-01,Euro,24.381227442371998
2004-07-01,Global BRL,0.0
2004-07-01,Global USD,99.8299569484
2004-07-01,Organismos Multilaterais,28.57516588716894
2004-07-01,Reestruturada ²,46.60651401399638
2004-08-01,Clube de Paris,12.08836458054237
2004-08-01,Credores Privados/Ag. Gov.,9.324579289941337
2004-08-01,DPF EM PODER DO PÚBLICO,981.370870895388
2004-08-01,DPFe ¹,219.60227817661084
2004-08-01,DPMFi,761.7685927187771
2004-08-01,DPMFi EM PODER DO BANCO CENTRAL,300.05637
2004-08-01,Demais,4.550675856000001
2004-08-01,Dívida Contratual,49.15007057831985
2004-08-01,Dívida Mobiliária,170.45220759829098
2004-08-01,Euro,23.964397306755583
2004-08-01,Global BRL,0.0
2004-08-01,Global USD,96.76262973940001
2004-08-01,Organismos Multilaterais,27.73712670783614
2004-08-01,Reestruturada ²,45.17450469613539
2004-09-01,Clube de Paris,11.902570762379673
2004-09-01,Credores Privados/Ag. Gov.,9.06789218865971
2004-09-01,DPF EM PODER DO PÚBLICO,987.4311946402221
2004-09-01,DPFe ¹,216.1284413199444
2004-09-01,DPMFi,771.3027533202777
2004-09-01,DPMFi EM PODER DO BANCO CENTRAL,299.54937
2004-09-01,Demais,4.4100265385
2004-09-01,Dívida Contratual,47.82240466211069
2004-09-01,Dívida Mobiliária,168.3060366578337
2004-09-01,Euro,25.64131290933503
2004-09-01,Global BRL,0.0
2004-09-01,Global USD,94.28238236179999
2004-09-01,Organismos Multilaterais,26.851941711071305
2004-09-01,Reestruturada ²,43.97231484819867
2004-10-01,Clube de Paris,12.136039262469259
2004-10-01,Credores Privados/Ag. Gov.,9.05899654466254
2004-10-01,DPF EM PODER DO PÚBLICO,993.7264635591533
2004-10-01,DPFe ¹,217.22377007872782
2004-10-01,DPMFi,776.5026934804255
2004-10-01,DPMFi EM PODER DO BANCO CENTRAL,300.00381
2004-10-01,Demais,4.5382101015
2004-10-01,Dívida Contratual,48.12560001260465
2004-10-01,Dívida Mobiliária,169.09817006612317
2004-10-01,Euro,26.211758923344746
2004-10-01,Global BRL,0.0
2004-10-01,Global USD,97.0696201345
2004-10-01,Organismos Multilaterais,26.930564205472848
2004-10-01,Reestruturada ²,41.27858090677843
2004-11-01,Clube de Paris,11.989184894808808
2004-11-01,Credores Privados/Ag. Gov.,8.665152466444978
2004-11-01,DPF EM PODER DO PÚBLICO,994.4331500282844
2004-11-01,DPFe ¹,209.496899619778
2004-11-01,DPMFi,784.9362504085065
2004-11-01,DPMFi EM PODER DO BANCO CENTRAL,299.04497
2004-11-01,Demais,4.491187833321001
2004-11-01,Dívida Contratual,46.55468084774337
2004-11-01,Dívida Mobiliária,162.9422187720346
2004-11-01,Euro,26.195672078773445
2004-11-01,Global BRL,0.0
2004-11-01,Global USD,92.79468289910001
2004-11-01,Organismos Multilaterais,25.900343486489582
2004-11-01,Reestruturada ²,39.460675960840135
2004-12-01,Clube de Paris,9.702981231876574
2004-12-01,Credores Privados/Ag. Gov.,8.415120096893663
2004-12-01,DPF EM PODER DO PÚBLICO,1014.207818654297
2004-12-01,DPFe ¹,203.9434974825387
2004-12-01,DPMFi,810.2643211717582
2004-12-01,DPMFi EM PODER DO BANCO CENTRAL,302.85463
2004-12-01,Demais,4.3925767704
2004-12-01,Dívida Contratual,43.5742146182785
2004-12-01,Dívida Mobiliária,160.36928286426019
2004-12-01,Euro,26.08956741226752
2004-12-01,Global BRL,0.0
2004-12-01,Global USD,91.5290553072
2004-12-01,Organismos Multilaterais,25.456113289508266
2004-12-01,Reestruturada ²,38.35808337439266
2005-01-01,Clube de Paris,9.344158036256506
2005-01-01,Credores Privados/Ag. Gov.,8.309012945163385
2005-01-01,DPF EM PODER DO PÚBLICO,1026.0718562422367
2005-01-01,DPFe ¹,199.36848685063586
2005-01-01,DPMFi,826.7033693916009
2005-01-01,DPMFi EM PODER DO BANCO CENTRAL,301.1347
2005-01-01,Demais,4.2817679952
2005-01-01,Dívida Contratual,41.96051391023215
2005-01-01,Dívida Mobiliária,157.4079729404037
2005-01-01,Euro,24.68747618863181
2005-01-01,Global BRL,0.0
2005-01-01,Global USD,90.5083877224
2005-01-01,Organismos Multilaterais,24.30734292881226
2005-01-01,Reestruturada ²,37.9303410341719
2005-02-01,Clube de Paris,9.308993724526498
2005-02-01,Credores Privados/Ag. Gov.,8.192665604054552
2005-02-01,DPF EM PODER DO PÚBLICO,1047.8531117096077
2005-02-01,DPFe ¹,202.45944608158666
2005-02-01,DPMFi,845.393665628021
2005-02-01,DPMFi EM PODER DO BANCO CENTRAL,295.01385999999997
2005-02-01,Demais,4.2178430517750005
2005-02-01,Dívida Contratual,41.4988328199818
2005-02-01,Dívida Mobiliária,160.96061326160486
2005-02-01,Euro,26.518487931826204
2005-02-01,Global BRL,0.0
2005-02-01,Global USD,92.72457373499999
2005-02-01,Organismos Multilaterais,23.99717349140075
2005-02-01,Reestruturada ²,37.499708543003685
2005-03-01,Clube de Paris,9.402613288749038
2005-03-01,Credores Privados/Ag. Gov.,8.397503343562988
2005-03-01,DPF EM PODER DO PÚBLICO,1082.971560860062
2005-03-01,DPFe ¹,209.36518712328552
2005-03-01,DPMFi,873.6063737367765
2005-03-01,DPMFi EM PODER DO BANCO CENTRAL,296.53126000000003
2005-03-01,Demais,4.232452644478999
2005-03-01,Dívida Contratual,42.03802280729934
2005-03-01,Dívida Mobiliária,167.32716431598618
2005-03-01,Euro,26.672501143898163
2005-03-01,Global BRL,0.0
2005-03-01,Global USD,97.93489306059999
2005-03-01,Organismos Multilaterais,24.237906174987312
2005-03-01,Reestruturada ²,38.48731746700905
2005-04-01,Clube de Paris,8.948318051861177
2005-04-01,Credores Privados/Ag. Gov.,7.968441211410966
2005-04-01,DPF EM PODER DO PÚBLICO,1070.0963647037256
2005-04-01,DPFe ¹,196.2652058763042
2005-04-01,DPMFi,873.8311588274215
2005-04-01,DPMFi EM PODER DO BANCO CENTRAL,296.13414
2005-04-01,Demais,4.1024082992499995
2005-04-01,Dívida Contratual,39.843644323580186
2005-04-01,Dívida Mobiliária,156.42156155272403
2005-04-01,Euro,25.153022925623944
2005-04-01,Global BRL,0.0
2005-04-01,Global USD,92.9797445069
2005-04-01,Organismos Multilaterais,22.92688506030804
2005-04-01,Reestruturada ²,34.18638582095008
2005-05-01,Clube de Paris,8.217350648934396
2005-05-01,Credores Privados/Ag. Gov.,7.558933639437544
2005-05-01,DPF EM PODER DO PÚBLICO,1073.6824032230434
2005-05-01,DPFe ¹,185.75214096689962
2005-05-01,DPMFi,887.9302622561438
2005-05-01,DPMFi EM PODER DO BANCO CENTRAL,300.77858000000003
2005-05-01,Demais,3.750328304814
2005-05-01,Dívida Contratual,37.20763144477661
2005-05-01,Dívida Mobiliária,148.544509522123
2005-05-01,Euro,22.831429448618618
2005-05-01,Global BRL,0.0
2005-05-01,Global USD,89.4983128494
2005-05-01,Organismos Multilaterais,21.431347156404666
2005-05-01,Reestruturada ²,32.4644389192904
2005-06-01,Clube de Paris,6.105849117343871
2005-06-01,Credores Privados/Ag. Gov.,7.380248170324016
2005-06-01,DPF EM PODER DO PÚBLICO,1087.4955959177894
2005-06-01,DPFe ¹,181.9865007465115
2005-06-01,DPMFi,905.5090951712779
2005-06-01,DPMFi EM PODER DO BANCO CENTRAL,304.40448
2005-06-01,Demais,3.5980205248
2005-06-01,Dívida Contratual,34.61350634070516
2005-06-01,Dívida Mobiliária,147.37299440580634
2005-06-01,Euro,21.936163485337506
2005-06-01,Global BRL,0.0
2005-06-01,Global USD,90.09556335520001
2005-06-01,Organismos Multilaterais,21.12740905303727
2005-06-01,Reestruturada ²,31.743247040468813
2005-07-01,Clube de Paris,6.185067369950806
2005-07-01,Credores Privados/Ag. Gov.,7.5010955760694795
2005-07-01,DPF EM PODER DO PÚBLICO,1093.6434033114447
2005-07-01,DPFe ¹,177.97176407392126
2005-07-01,DPMFi,915.6716392375233
2005-07-01,DPMFi EM PODER DO BANCO CENTRAL,304.90396000000004
2005-07-01,Demais,3.606528226
2005-07-01,Dívida Contratual,35.240406415660765
2005-07-01,Dívida Mobiliária,142.7313576582605
2005-07-01,Euro,17.7633997723875
2005-07-01,Global BRL,0.0
2005-07-01,Global USD,89.24217707649998
2005-07-01,Organismos Multilaterais,21.554243469640475
2005-07-01,Reestruturada ²,32.119252583373004
2005-08-01,Clube de Paris,6.203624349904439
2005-08-01,Credores Privados/Ag. Gov.,7.411120893897
2005-08-01,DPF EM PODER DO PÚBLICO,1098.3741116766494
2005-08-01,DPFe ¹,177.57980422074078
2005-08-01,DPMFi,920.7943074559086
2005-08-01,DPMFi EM PODER DO BANCO CENTRAL,307.52639
2005-08-01,Demais,3.628312662711
2005-08-01,Dívida Contratual,35.094340988210895
2005-08-01,Dívida Mobiliária,142.4854632325299
2005-08-01,Euro,18.859747705846257
2005-08-01,Global BRL,0.0
2005-08-01,Global USD,98.89858840080001
2005-08-01,Organismos Multilaterais,21.47959574440946
2005-08-01,Reestruturada ²,21.098814463172605
2005-09-01,Clube de Paris,5.72201957356539
2005-09-01,Credores Privados/Ag. Gov.,6.955008661462322
2005-09-01,DPF EM PODER DO PÚBLICO,1104.9032967396774
2005-09-01,DPFe ¹,171.6819673854385
2005-09-01,DPMFi,933.2213293542388
2005-09-01,DPMFi EM PODER DO BANCO CENTRAL,311.51274
2005-09-01,Demais,3.3278800875330004
2005-09-01,Dívida Contratual,32.66593549488954
2005-09-01,Dívida Mobiliária,139.01603189054896
2005-09-01,Euro,17.286455901556764
2005-09-01,Global BRL,3.3999999996600003
2005-09-01,Global USD,95.2003457648
2005-09-01,Organismos Multilaterais,19.988907259861826
2005-09-01,Reestruturada ²,19.80135013699918
2005-10-01,Clube de Paris,5.764620554251119
2005-10-01,Credores Privados/Ag. Gov.,6.9353058562678545
2005-10-01,DPF EM PODER DO PÚBLICO,1107.2606256731153
2005-10-01,DPFe ¹,169.9216562211602
2005-10-01,DPMFi,937.3389694519552
2005-10-01,DPMFi EM PODER DO BANCO CENTRAL,310.32741999999996
2005-10-01,Demais,3.309515287
2005-10-01,Dívida Contratual,32.93199868642828
2005-10-01,Dívida Mobiliária,136.98965753473192
2005-10-01,Euro,17.482196317721385
2005-10-01,Global BRL,3.3999999996600003
2005-10-01,Global USD,96.5755285112
2005-10-01,Organismos Multilaterais,20.23207227590931
2005-10-01,Reestruturada ²,16.222417419150517
2005-11-01,Clube de Paris,5.55659433464035
2005-11-01,Credores Privados/Ag. Gov.,6.784848978642939
2005-11-01,DPF EM PODER DO PÚBLICO,1126.4434195106796
2005-11-01,DPFe ¹,166.94292735917935
2005-11-01,DPMFi,959.5004921515002
2005-11-01,DPMFi EM PODER DO BANCO CENTRAL,312.13590999999997
2005-11-01,Demais,3.153015134105
2005-11-01,Dívida Contratual,32.01684728881596
2005-11-01,Dívida Mobiliária,134.92608007036338
2005-11-01,Euro,16.838359438955877
2005-11-01,Global BRL,3.3999999996600003
2005-11-01,Global USD,95.652668888
2005-11-01,Organismos Multilaterais,19.675403975532667
2005-11-01,Reestruturada ²,15.88203660964253
2005-12-01,Clube de Paris,4.051868533489137
2005-12-01,Credores Privados/Ag. Gov.,7.190381103606058
2005-12-01,DPF EM PODER DO PÚBLICO,1157.2910227315783
2005-12-01,DPFe ¹,177.62856087849718
2005-12-01,DPMFi,979.6624618530811
2005-12-01,DPMFi EM PODER DO BANCO CENTRAL,279.66296
2005-12-01,Demais,3.3780538018104997
2005-12-01,Dívida Contratual,33.472706152174766
2005-12-01,Dívida Mobiliária,144.15585472632242
2005-12-01,Euro,17.915976000369927
2005-12-01,Global BRL,3.3999999996600003
2005-12-01,Global USD,102.61765496879997
2005-12-01,Organismos Multilaterais,22.230456515079574
2005-12-01,Reestruturada ²,16.844169955682045
2006-01-01,Banco Central,6.514633567906259
2006-01-01,Clube de Paris,3.9116751000989614
2006-01-01,Credores Privados/Ag. Gov.,6.806103517716161
2006-01-01,DPF EM PODER DO PÚBLICO,1151.1996148222177
2006-01-01,DPFe ¹,166.27248225711324
2006-01-01,DPMFi,984.9271325651043
2006-01-01,DPMFi EM PODER DO BANCO CENTRAL,291.06185288075363
2006-01-01,Demais,30.56377674462061
2006-01-01,Demais,3.2471890080000003
2006-01-01,Demais,23.596860772670247
2006-01-01,Dívida Contratual,31.888823350920006
2006-01-01,Dívida Mobiliária,134.3836589061932
2006-01-01,Dívida Securitizada,17.754704530360144
2006-01-01,Euro,17.4618958843048
2006-01-01,Global BRL,3.4
2006-01-01,Global USD,94.478459744
2006-01-01,LFT,484.80732604486474
2006-01-01,LFT,121.39036890856241
2006-01-01,LTN,253.2576471488483
2006-01-01,LTN,134.178851987921
2006-01-01,NBC-E,6.514633567906259
2006-01-01,NTN-B,109.33968703748295
2006-01-01,NTN-B,9.318345985
2006-01-01,NTN-C,64.65961369467142
2006-01-01,NTN-D,4.84821149694854
2006-01-01,NTN-F,9.749619249261455
2006-01-01,NTN-F,2.5774252266
2006-01-01,Organismos Multilaterais,21.171044733104885
2006-01-01,Reestruturada ²,15.79611455548842
2006-01-01,TDA,3.43191305014
2006-01-01,Tesouro Nacional,978.4124989971981
2006-02-01,Banco Central,6.326383117990551
2006-02-01,Clube de Paris,2.1891306450189445
2006-02-01,Credores Privados/Ag. Gov.,6.55157030587806
2006-02-01,DPF EM PODER DO PÚBLICO,1165.9624657798483
2006-02-01,DPFe ¹,155.76355025567406
2006-02-01,DPMFi,1010.1989155241744
2006-02-01,DPMFi EM PODER DO BANCO CENTRAL,293.6671074431423
2006-02-01,Demais,29.68610535644666
2006-02-01,Demais,3.114135649065
2006-02-01,Demais,18.962086373875586
2006-02-01,Dívida Contratual,29.14532480698799
2006-02-01,Dívida Mobiliária,126.61822544868606
2006-02-01,Dívida Securitizada,17.843098672770875
2006-02-01,Euro,16.755698702726907
2006-02-01,Global BRL,3.3999999996600003
2006-02-01,Global USD,88.51360488799999
2006-02-01,LFT,474.19735622856757
2006-02-01,LFT,121.57637726108676
2006-02-01,LTN,269.4979427613066
2006-02-01,LTN,141.30713354827998
2006-02-01,NBC-E,6.326383117990551
2006-02-01,NTN-B,128.15471275942232
2006-02-01,NTN-B,9.207226763
2006-02-01,NTN-C,64.3997015702288
2006-02-01,NTN-D,4.507883822675113
2006-02-01,NTN-F,12.160240358355988
2006-02-01,NTN-F,2.6142834968999997
2006-02-01,Organismos Multilaterais,20.404623856090986
2006-02-01,Reestruturada ²,14.834786209234164
2006-02-01,TDA,3.425490876410001
2006-02-01,Tesouro Nacional,1003.8725324061838
2006-03-01,Banco Central,6.510275117231908
2006-03-01,Clube de Paris,1.6989361181358682
2006-03-01,Credores Privados/Ag. Gov.,6.655918321021784
2006-03-01,DPF EM PODER DO PÚBLICO,1176.2818301465434
2006-03-01,DPFe ¹,155.06125462587698
2006-03-01,DPMFi,1021.2205755206664
2006-03-01,DPMFi EM PODER DO BANCO CENTRAL,297.739729088468
2006-03-01,Demais,29.866884602535414
2006-03-01,Demais,1.7947329306600002
2006-03-01,Demais,19.460860583604934
2006-03-01,Dívida Contratual,28.9951637051226
2006-03-01,Dívida Mobiliária,126.0660909207544
2006-03-01,Dívida Securitizada,17.904854868858827
2006-03-01,Euro,17.156647674279956
2006-03-01,Global BRL,3.399999387048
2006-03-01,Global USD,89.17952043239998
2006-03-01,LFT,463.4840102322716
2006-03-01,LFT,122.81935342602654
2006-03-01,LTN,280.826285452909
2006-03-01,LTN,143.47995202823657
2006-03-01,NBC-E,6.510275117231908
2006-03-01,NTN-B,139.21813384366283
2006-03-01,NTN-B,9.326891039
2006-03-01,NTN-C,63.56286481660156
2006-03-01,NTN-D,3.706957533720092
2006-03-01,NTN-F,12.733793110495286
2006-03-01,NTN-F,2.6526720116
2006-03-01,Organismos Multilaterais,20.64030926596495
2006-03-01,Reestruturada ²,14.535190496366468
2006-03-01,TDA,3.40651594238
2006-03-01,Tesouro Nacional,1014.7103004034345
2006-04-01,Banco Central,6.113083882448448
2006-04-01,Clube de Paris,1.42863177838944
2006-04-01,Credores Privados/Ag. Gov.,6.394338321961848
2006-04-01,DPF EM PODER DO PÚBLICO,1138.8178638938434
2006-04-01,DPFe ¹,136.03340419490007
2006-04-01,DPMFi,1002.7844596989432
2006-04-01,DPMFi EM PODER DO BANCO CENTRAL,285.67642304120704
2006-04-01,Demais,28.65792866239609
2006-04-01,Demais,1.7551499357159999
2006-04-01,Demais,18.88444808767543
2006-04-01,Dívida Contratual,27.855709584395864
2006-04-01,Dívida Mobiliária,108.1776946105042
2006-04-01,Dívida Securitizada,17.93641515669881
2006-04-01,Euro,16.7732238252947
2006-04-01,Global BRL,3.3999998888879994
2006-04-01,Global USD,85.7640646692
2006-04-01,LFT,459.8092582918577
2006-04-01,LFT,117.29665854990355
2006-04-01,LTN,262.2933955989624
2006-04-01,LTN,137.37918519372806
2006-04-01,NBC-E,6.113083882448448
2006-04-01,NTN-B,143.90399306521192
2006-04-01,NTN-B,9.431621692
2006-04-01,NTN-C,62.47785409936592
2006-04-01,NTN-D,3.60259274686181
2006-04-01,NTN-F,14.59192446378017
2006-04-01,NTN-F,2.6845095179
2006-04-01,Organismos Multilaterais,20.032739484044576
2006-04-01,Reestruturada ²,0.485256291405492
2006-04-01,TDA,3.3980137313600003
2006-04-01,Tesouro Nacional,996.6713758164948
2006-05-01,Banco Central,6.625904162775079
2006-05-01,Clube de Paris,0.005026969620965
2006-05-01,Credores Privados/Ag. Gov.,7.045316354318715
2006-05-01,DPF EM PODER DO PÚBLICO,1151.1630896182933
2006-05-01,DPFe ¹,152.06728100448868
2006-05-01,DPMFi,999.0958086138047
2006-05-01,DPMFi EM PODER DO BANCO CENTRAL,266.19165231049743
2006-05-01,Demais,29.916923071998877
2006-05-01,Demais,2.0050005909600004
2006-05-01,Demais,19.394019641921616
2006-05-01,Dívida Contratual,32.47953361728968
2006-05-01,Dívida Mobiliária,119.587747387199
2006-05-01,Dívida Securitizada,16.894714052203565
2006-05-01,Euro,19.21023928832074
2006-05-01,Global BRL,3.39999991177
2006-05-01,Global USD,94.43817287549999
2006-05-01,LFT,437.6316512101434
2006-05-01,LFT,89.99176755227218
2006-05-01,LTN,279.42148591944965
2006-05-01,LTN,144.60082750580364
2006-05-01,NBC-E,6.625904162775079
2006-05-01,NTN-B,141.95705514968517
2006-05-01,NTN-B,9.483829652
2006-05-01,NTN-C,63.18329366643442
2006-05-01,NTN-D,4.008805399874878
2006-05-01,NTN-F,15.783613449789645
2006-05-01,NTN-F,2.7212079585
2006-05-01,Organismos Multilaterais,25.42919029335
2006-05-01,Reestruturada ²,0.5343347206482549
2006-05-01,TDA,3.6723625314500006
2006-05-01,Tesouro Nacional,992.4699044510296
2006-06-01,Banco Central,6.29376425300668
2006-06-01,Clube de Paris,0.0
2006-06-01,Credores Privados/Ag. Gov.,7.40660707603
2006-06-01,DPF EM PODER DO PÚBLICO,1156.3417290864568
2006-06-01,DPFe ¹,140.24140481656593
2006-06-01,DPMFi,1016.100324269891
2006-06-01,DPMFi EM PODER DO BANCO CENTRAL,294.2229692361255
2006-06-01,Demais,29.265423269818317
2006-06-01,Demais,1.832294973205
2006-06-01,Demais,18.01310119412894
2006-06-01,Dívida Contratual,31.33517799935
2006-06-01,Dívida Mobiliária,108.90622681721592
2006-06-01,Dívida Securitizada,16.71329055226615
2006-06-01,Euro,17.630690323300122
2006-06-01,Global BRL,3.3999995965219996
2006-06-01,Global USD,85.5405422346
2006-06-01,LFT,429.6641285933978
2006-06-01,LFT,94.01821817489139
2006-06-01,LTN,302.54067887959553
2006-06-01,LTN,162.45604731090512
2006-06-01,NBC-E,6.29376425300668
2006-06-01,NTN-B,143.00138774116684
2006-06-01,NTN-B,16.9788946638
2006-06-01,NTN-C,64.08740954847212
2006-06-01,NTN-D,3.815395307651336
2006-06-01,NTN-F,17.050841356826233
2006-06-01,NTN-F,2.7567078924
2006-06-01,Organismos Multilaterais,23.92857092332
2006-06-01,Reestruturada ²,0.502699689588793
2006-06-01,TDA,3.66800476769
2006-06-01,Tesouro Nacional,1009.8065600168843
2006-07-01,Banco Central,6.3894285489458635
2006-07-01,Clube de Paris,0.0
2006-07-01,Credores Privados/Ag. Gov.,7.431046201800001
2006-07-01,DPF EM PODER DO PÚBLICO,1154.8948774827236
2006-07-01,DPFe ¹,140.96070032271436
2006-07-01,DPMFi,1013.9341771600092
2006-07-01,DPMFi EM PODER DO BANCO CENTRAL,287.32200246347605
2006-07-01,Demais,29.470723451625183
2006-07-01,Demais,1.8468423690210003
2006-07-01,Demais,18.053717251877575
2006-07-01,Dívida Contratual,31.5017724294
2006-07-01,Dívida Mobiliária,109.45892789331437
2006-07-01,Dívida Securitizada,18.886929088773233
2006-07-01,Euro,17.69575153297349
2006-07-01,Global BRL,3.3999993448200003
2006-07-01,Global USD,86.01087095640001
2006-07-01,LFT,435.39961988829737
2006-07-01,LFT,97.11136133460718
2006-07-01,LTN,290.0042519672952
2006-07-01,LTN,149.8484227774913
2006-07-01,NBC-E,6.3894285489458635
2006-07-01,NTN-B,145.17655165727405
2006-07-01,NTN-B,17.0746761994
2006-07-01,NTN-C,63.298034659821276
2006-07-01,NTN-D,3.797767098585387
2006-07-01,NTN-F,17.79019568536155
2006-07-01,NTN-F,5.233824900099999
2006-07-01,Organismos Multilaterais,24.0707262276
2006-07-01,Reestruturada ²,0.505463690099862
2006-07-01,TDA,3.7206751140300005
2006-07-01,Tesouro Nacional,1007.5447486110634
2006-08-01,Banco Central,6.340210656290078
2006-08-01,Clube de Paris,0.0
2006-08-01,Credores Privados/Ag. Gov.,6.241414078
2006-08-01,DPF EM PODER DO PÚBLICO,1174.9726557697818
2006-08-01,DPFe ¹,135.95933045989787
2006-08-01,DPMFi,1039.0133253098838
2006-08-01,DPMFi EM PODER DO BANCO CENTRAL,282.4473592893057
2006-08-01,Demais,29.203582565464124
2006-08-01,Demais,1.7609457733843037
2006-08-01,Demais,17.72081976598994
2006-08-01,Dívida Contratual,29.962119536083385
2006-08-01,Dívida Mobiliária,105.99721092381448
2006-08-01,Dívida Securitizada,19.146417217904645
2006-08-01,Euro,16.732015413223383
2006-08-01,Global BRL,3.399999285456
2006-08-01,Global USD,83.60747362040001
2006-08-01,LFT,439.09289242656075
2006-08-01,LFT,89.5754453628973
2006-08-01,LTN,307.30322663669585
2006-08-01,LTN,154.45649196120442
2006-08-01,NBC-E,6.340210656290078
2006-08-01,NTN-B,146.83736054698429
2006-08-01,NTN-B,15.37531080306411
2006-08-01,NTN-C,63.57057464865015
2006-08-01,NTN-D,3.7732383170352866
2006-08-01,NTN-F,19.928707877328772
2006-08-01,NTN-F,5.31929139615
2006-08-01,Organismos Multilaterais,23.720705458083387
2006-08-01,Reestruturada ²,0.49677683135078793
2006-08-01,TDA,3.817114416969999
2006-08-01,Tesouro Nacional,1032.6731146535938
2006-09-01,Banco Central,6.505255963290469
2006-09-01,Clube de Paris,0.0
2006-09-01,Credores Privados/Ag. Gov.,6.2963375286
2006-09-01,DPF EM PODER DO PÚBLICO,1201.120888164499
2006-09-01,DPFe ¹,139.25654538738357
2006-09-01,DPMFi,1061.8643427771156
2006-09-01,DPMFi EM PODER DO BANCO CENTRAL,294.7599735945334
2006-09-01,Demais,29.370501316607776
2006-09-01,Demais,1.771899098942
2006-09-01,Demais,17.8218280918491
2006-09-01,Dívida Contratual,30.183016241
2006-09-01,Dívida Mobiliária,109.07352914638358
2006-09-01,Dívida Securitizada,19.612271337152578
2006-09-01,Euro,16.839009174368584
2006-09-01,Global BRL,4.9999990432
2006-09-01,Global USD,84.99128910859999
2006-09-01,LFT,437.78340315143686
2006-09-01,LFT,84.99690716392375
2006-09-01,LTN,325.7488899066692
2006-09-01,LTN,163.63262496241902
2006-09-01,NBC-E,6.505255963290469
2006-09-01,NTN-B,150.79096399844354
2006-09-01,NTN-B,22.905300596491482
2006-09-01,NTN-C,64.00208233922984
2006-09-01,NTN-D,1.2865765209338331
2006-09-01,NTN-F,22.871446195091522
2006-09-01,NTN-F,5.403312779849999
2006-09-01,Organismos Multilaterais,23.886678712400002
2006-09-01,Reestruturada ²,0.47133272127300796
2006-09-01,TDA,3.8929520482599997
2006-09-01,Tesouro Nacional,1055.3590868138251
2006-10-01,Banco Central,2.772702283407969
2006-10-01,Clube de Paris,0.0
2006-10-01,Credores Privados/Ag. Gov.,6.042818541999999
2006-10-01,DPF EM PODER DO PÚBLICO,1204.4679337652597
2006-10-01,DPFe ¹,141.441443801
2006-10-01,DPMFi,1063.0264899642596
2006-10-01,DPMFi EM PODER DO BANCO CENTRAL,292.97788490135775
2006-10-01,Demais,28.891866956725476
2006-10-01,Demais,1.7873391479999998
2006-10-01,Demais,17.725259850834522
2006-10-01,Dívida Contratual,30.177100243999995
2006-10-01,Dívida Mobiliária,111.26434355699999
2006-10-01,Dívida Securitizada,19.218519578627372
2006-10-01,Euro,17.593839272999997
2006-10-01,Global BRL,5.824444698999999
2006-10-01,Global USD,85.59051136799998
2006-10-01,LFT,435.9221355139093
2006-10-01,LFT,87.93952652885338
2006-10-01,LTN,323.0541558333447
2006-10-01,LTN,153.179531520881
2006-10-01,NBC-E,2.772702283407969
2006-10-01,NTN-B,157.7956705311496
2006-10-01,NTN-B,27.376737630338862
2006-10-01,NTN-C,63.83793725156478
2006-10-01,NTN-D,1.2816266679300001
2006-10-01,NTN-F,26.112800326550254
2006-10-01,NTN-F,6.75682937045
2006-10-01,Organismos Multilaterais,24.134281701999996
2006-10-01,Reestruturada ²,0.468209069
2006-10-01,TDA,4.13907502105
2006-10-01,Tesouro Nacional,1060.2537876808515
2006-11-01,Banco Central,0.0
2006-11-01,Clube de Paris,0.0
2006-11-01,Credores Privados/Ag. Gov.,6.1577227468
2006-11-01,DPF EM PODER DO PÚBLICO,1225.7831599754782
2006-11-01,DPFe ¹,144.12651287829016
2006-11-01,DPMFi,1081.656647097188
2006-11-01,DPMFi EM PODER DO BANCO CENTRAL,292.78023885624896
2006-11-01,Demais,29.074355574635426
2006-11-01,Demais,1.7920025340998238
2006-11-01,Demais,17.878491621989415
2006-11-01,Dívida Contratual,31.157306628974055
2006-11-01,Dívida Mobiliária,112.9692062493161
2006-11-01,Dívida Securitizada,19.261393192833143
2006-11-01,Euro,16.050030074154304
2006-11-01,Global BRL,5.8832983632931395
2006-11-01,Global USD,88.76811857557985
2006-11-01,LFT,418.9070245816302
2006-11-01,LFT,79.0775017648886
2006-11-01,LTN,341.7887331675421
2006-11-01,LTN,157.59097197597004
2006-11-01,NBC-E,0.0
2006-11-01,NTN-B,162.55096316392132
2006-11-01,NTN-B,27.49895835075084
2006-11-01,NTN-C,66.12087298117531
2006-11-01,NTN-D,1.310147697015
2006-11-01,NTN-F,38.52893134020545
2006-11-01,NTN-F,10.734315142649999
2006-11-01,Organismos Multilaterais,24.999583882174058
2006-11-01,Reestruturada ²,0.475756702188948
2006-11-01,TDA,4.114225398229999
2006-11-01,Tesouro Nacional,1081.656647097188
2006-12-01,Banco Central,0.0
2006-12-01,Clube de Paris,0.0
2006-12-01,Credores Privados/Ag. Gov.,5.8659995223847705
2006-12-01,DPF EM PODER DO PÚBLICO,1236.950165054663
2006-12-01,DPFe ¹,143.454868161776
2006-12-01,DPMFi,1093.4952968928872
2006-12-01,DPMFi EM PODER DO BANCO CENTRAL,297.1984883010799
2006-12-01,Demais,28.930791459410166
2006-12-01,Demais,1.7426315668640797
2006-12-01,Demais,13.81861563246698
2006-12-01,Dívida Contratual,30.542290817745194
2006-12-01,Dívida Mobiliária,112.91257734403081
2006-12-01,Dívida Securitizada,19.095122314751606
2006-12-01,Euro,15.862347885014517
2006-12-01,Global BRL,6.720277740093921
2006-12-01,Global USD,88.11549229051977
2006-12-01,LFT,412.03409814136603
2006-12-01,LFT,72.73695770416003
2006-12-01,LTN,346.98418600003623
2006-12-01,LTN,164.9892576253022
2006-12-01,NBC-E,0.0
2006-12-01,NTN-B,167.2261920769039
2006-12-01,NTN-B,30.101221041000752
2006-12-01,NTN-C,65.65015683866753
2006-12-01,NTN-D,1.307464904932334
2006-12-01,NTN-F,48.05410832310954
2006-12-01,NTN-F,15.552436298149999
2006-12-01,Organismos Multilaterais,24.676291295360425
2006-12-01,Reestruturada ²,0.4718278615385
2006-12-01,TDA,4.21317683371
2006-12-01,Tesouro Nacional,1093.4952968928872
2007-01-01,Credores Privados/Ag. Gov.,5.80097499920052
2007-01-01,DPF EM PODER DO PÚBLICO,1228.4248164575226
2007-01-01,DPFe ¹,140.52957071428287
2007-01-01,DPMFi,1087.8952457432397
2007-01-01,DPMFi EM PODER DO BANCO CENTRAL,298.6384130435175
2007-01-01,Demais,29.044957307006644
2007-01-01,Demais,1.7229699404698637
2007-01-01,Demais,13.648298301645571
2007-01-01,Dívida Contratual,30.219414461959737
2007-01-01,Dívida Mobiliária,110.31015625232313
2007-01-01,Dívida Securitizada,19.028827845174003
2007-01-01,Euro,15.333991807342294
2007-01-01,Global BRL,6.457776747259172
2007-01-01,Global USD,86.3241452489691
2007-01-01,LFT,421.5287658851647
2007-01-01,LFT,82.9915188616758
2007-01-01,LTN,314.7477241114954
2007-01-01,LTN,144.3259580615498
2007-01-01,NTN-B,172.28891259189749
2007-01-01,NTN-B,40.45920123349626
2007-01-01,NTN-C,64.96311110940553
2007-01-01,NTN-D,1.2373359857549955
2007-01-01,NTN-F,60.84859638782108
2007-01-01,NTN-F,17.21343658515
2007-01-01,Organismos Multilaterais,24.418439462759217
2007-01-01,Reestruturada ²,0.47127250828268297
2007-01-01,TDA,4.207014519519984
2007-01-01,Tesouro Nacional,1087.8952457432397
2007-02-01,Credores Privados/Ag. Gov.,5.804
2007-02-01,DPF EM PODER DO PÚBLICO,1260.3924358603947
2007-02-01,DPFe ¹,140.344
2007-02-01,DPMFi,1120.0484358603946
2007-02-01,DPMFi EM PODER DO BANCO CENTRAL,309.5927759140626
2007-02-01,Demais,29.05144593155497
2007-02-01,Demais,1.752
2007-02-01,Demais,13.549789627283037
2007-02-01,Dívida Contratual,30.342
2007-02-01,Dívida Mobiliária,110.00199999999998
2007-02-01,Dívida Securitizada,20.934996621550436
2007-02-01,Euro,13.911
2007-02-01,Global BRL,8.032
2007-02-01,Global USD,85.835
2007-02-01,LFT,428.734809908123
2007-02-01,LFT,83.7252745387109
2007-02-01,LTN,328.8381653700504
2007-02-01,LTN,150.24343007990376
2007-02-01,NTN-B,174.5344874142318
2007-02-01,NTN-B,40.51136108056491
2007-02-01,NTN-C,65.00451442371217
2007-02-01,NTN-D,1.247151637811167
2007-02-01,NTN-F,67.49337796505084
2007-02-01,NTN-F,21.562920587599997
2007-02-01,Organismos Multilaterais,24.538
2007-02-01,Reestruturada ²,0.472
2007-02-01,TDA,4.20948658831
2007-02-01,Tesouro Nacional,1120.0484358603946
2007-03-01,Credores Privados/Ag. Gov.,5.288971785790791
2007-03-01,DPF EM PODER DO PÚBLICO,1278.2746948130543
2007-03-01,DPFe ¹,135.62389159982834
2007-03-01,DPMFi,1142.650803213226
2007-03-01,DPMFi EM PODER DO BANCO CENTRAL,305.7983788022235
2007-03-01,Demais,28.713195489647784
2007-03-01,Demais,1.71054290623744
2007-03-01,Demais,13.246798315973937
2007-03-01,Dívida Contratual,28.86717142094517
2007-03-01,Dívida Mobiliária,106.75672017888317
2007-03-01,Dívida Securitizada,21.451731802324854
2007-03-01,Euro,13.6909404225821
2007-03-01,Global BRL,8.871220516111975
2007-03-01,Global USD,82.07010151766279
2007-03-01,LFT,415.74561705685795
2007-03-01,LFT,69.35146111090022
2007-03-01,LTN,348.32333210472376
2007-03-01,LTN,154.72682524964162
2007-03-01,NTN-B,180.27208943340085
2007-03-01,NTN-B,42.293653036657766
2007-03-01,NTN-C,65.10932077381419
2007-03-01,NTN-D,1.220989732398833
2007-03-01,NTN-F,77.47383760516765
2007-03-01,NTN-F,26.179641089049998
2007-03-01,Organismos Multilaterais,23.578199635154377
2007-03-01,Reestruturada ²,0.41391481628886395
2007-03-01,TDA,4.340689214889999
2007-03-01,Tesouro Nacional,1142.650803213226
2007-04-01,Credores Privados/Ag. Gov.,4.856986691641468
2007-04-01,DPF EM PODER DO PÚBLICO,1285.939277775041
2007-04-01,DPFe ¹,134.47269809842737
2007-04-01,DPMFi,1151.4665796766137
2007-04-01,DPMFi EM PODER DO BANCO CENTRAL,299.07881232111544
2007-04-01,Demais,28.363127673446034
2007-04-01,Demais,0.6159069790384389
2007-04-01,Demais,13.266736640328602
2007-04-01,Dívida Contratual,28.284451037488434
2007-04-01,Dívida Mobiliária,106.18824706093893
2007-04-01,Dívida Securitizada,21.24661558085922
2007-04-01,Euro,13.832602614996528
2007-04-01,Global BRL,8.957105286451574
2007-04-01,Global USD,82.37000110411886
2007-04-01,LFT,424.630395315545
2007-04-01,LFT,76.1772765658242
2007-04-01,LTN,327.40784186732935
2007-04-01,LTN,139.04388357282392
2007-04-01,NTN-B,192.46488731573652
2007-04-01,NTN-B,43.02607404023873
2007-04-01,NTN-C,62.55020626425598
2007-04-01,NTN-D,1.224518902455
2007-04-01,NTN-F,89.13288150047656
2007-04-01,NTN-F,27.564841501900002
2007-04-01,Organismos Multilaterais,23.427464345846968
2007-04-01,Reestruturada ²,0.4126310763335201
2007-04-01,TDA,4.44610525651
2007-04-01,Tesouro Nacional,1151.4665796766137
2007-05-01,Credores Privados/Ag. Gov.,4.565416824248165
2007-05-01,DPF EM PODER DO PÚBLICO,1299.2883985753424
2007-05-01,DPFe ¹,125.37982637166735
2007-05-01,DPMFi,1173.908572203675
2007-05-01,DPMFi EM PODER DO BANCO CENTRAL,312.5266674317936
2007-05-01,Demais,27.752939645667336
2007-05-01,Demais,0.5827502524178451
2007-05-01,Demais,9.373552283494087
2007-05-01,Dívida Contratual,26.5689466386479
2007-05-01,Dívida Mobiliária,98.81087973301945
2007-05-01,Dívida Securitizada,21.25714746711689
2007-05-01,Euro,13.027010171400024
2007-05-01,Global BRL,9.854481484240772
2007-05-01,Global USD,74.95330265718692
2007-05-01,LFT,428.8576194567061
2007-05-01,LFT,80.08165620525
2007-05-01,LTN,334.6801055022186
2007-05-01,LTN,143.99726052051784
2007-05-01,NTN-B,193.04081714836008
2007-05-01,NTN-B,49.573250214931726
2007-05-01,NTN-C,62.800572953382314
2007-05-01,NTN-D,1.173679274673833
2007-05-01,NTN-F,99.91633380628974
2007-05-01,NTN-F,29.500948207600004
2007-05-01,Organismos Multilaterais,22.003529814399737
2007-05-01,Reestruturada ²,0.39333516777390104
2007-05-01,TDA,4.42935694926
2007-05-01,Tesouro Nacional,1173.908572203675
2007-06-01,Credores Privados/Ag. Gov.,4.469010564305405
2007-06-01,DPF EM PODER DO PÚBLICO,1325.3425130327796
2007-06-01,DPFe ¹,126.43895342984666
2007-06-01,DPMFi,1198.903559602933
2007-06-01,DPMFi EM PODER DO BANCO CENTRAL,312.78115407255586
2007-06-01,Demais,27.82225899300108
2007-06-01,Demais,0.5946110828628339
2007-06-01,Demais,9.277412804839976
2007-06-01,Dívida Contratual,26.362318577579927
2007-06-01,Dívida Mobiliária,100.07663485226674
2007-06-01,Dívida Securitizada,21.49838904286982
2007-06-01,Euro,13.069388981064522
2007-06-01,Global BRL,10.726348717654933
2007-06-01,Global USD,75.29156275873711
2007-06-01,LFT,406.96631601357234
2007-06-01,LFT,74.57587934751018
2007-06-01,LTN,349.89462650958126
2007-06-01,LTN,146.81221303985268
2007-06-01,NTN-B,209.63942653093596
2007-06-01,NTN-B,51.67465627250306
2007-06-01,NTN-C,63.26431425700426
2007-06-01,NTN-D,1.185393486255
2007-06-01,NTN-F,114.16057560809317
2007-06-01,NTN-F,30.44099260785
2007-06-01,Organismos Multilaterais,21.893308013274524
2007-06-01,Reestruturada ²,0.394723311947326
2007-06-01,TDA,4.472259161619999
2007-06-01,Tesouro Nacional,1198.903559602933
2007-07-01,Credores Privados/Ag. Gov.,4.3929111263656
2007-07-01,DPF EM PODER DO PÚBLICO,1289.3948723081567
2007-07-01,DPFe ¹,118.27663343692582
2007-07-01,DPMFi,1171.118238871231
2007-07-01,DPMFi EM PODER DO BANCO CENTRAL,310.3799210630869
2007-07-01,Demais,27.55993252746343
2007-07-01,Demais,0.0
2007-07-01,Demais,5.815406789771156
2007-07-01,Dívida Contratual,25.890398947816234
2007-07-01,Dívida Mobiliária,92.38623448910958
2007-07-01,Dívida Securitizada,21.68878586069675
2007-07-01,Euro,12.973856894204511
2007-07-01,Global BRL,10.26792403784336
2007-07-01,Global USD,68.75773672036895
2007-07-01,LFT,412.630087535234
2007-07-01,LFT,75.30389887057632
2007-07-01,LTN,309.81118434652905
2007-07-01,LTN,139.25689686343205
2007-07-01,NTN-B,216.17387351314667
2007-07-01,NTN-B,53.924659187807386
2007-07-01,NTN-C,62.12550762514354
2007-07-01,NTN-D,1.1007780388761672
2007-07-01,NTN-F,115.52246545920153
2007-07-01,NTN-F,36.0790593515
2007-07-01,Organismos Multilaterais,21.497487821450633
2007-07-01,Reestruturada ²,0.38671683669275203
2007-07-01,TDA,4.50562396494
2007-07-01,Tesouro Nacional,1171.118238871231
2007-08-01,Credores Privados/Ag. Gov.,4.625435520479519
2007-08-01,DPF EM PODER DO PÚBLICO,1312.2736633374445
2007-08-01,DPFe ¹,123.18700563812394
2007-08-01,DPMFi,1189.0866576993205
2007-08-01,DPMFi EM PODER DO BANCO CENTRAL,315.772222557
2007-08-01,Demais,28.083235490473847
2007-08-01,Demais,0.0
2007-08-01,Demais,5.96534830689
2007-08-01,Dívida Contratual,27.116423082334258
2007-08-01,Dívida Mobiliária,96.07058255578968
2007-08-01,Dívida Securitizada,21.740533479436156
2007-08-01,Euro,13.60536641989056
2007-08-01,Global BRL,10.36694059262388
2007-08-01,Global USD,71.69213481889302
2007-08-01,LFT,418.4679152151091
2007-08-01,LFT,76.05425852764
2007-08-01,LTN,314.40835674180084
2007-08-01,LTN,143.06984180651
2007-08-01,NTN-B,218.7934625654926
2007-08-01,NTN-B,53.83393541596
2007-08-01,NTN-C,63.152773695818546
2007-08-01,NTN-D,1.163793748395
2007-08-01,NTN-F,118.80889722310441
2007-08-01,NTN-F,36.8488385
2007-08-01,Organismos Multilaterais,22.49098756185474
2007-08-01,Reestruturada ²,0.40614072438222
2007-08-01,TDA,4.46768953969
2007-08-01,Tesouro Nacional,1189.0866576993205
2007-09-01,Credores Privados/Ag. Gov.,4.4056689984869175
2007-09-01,DPF EM PODER DO PÚBLICO,1315.916014703509
2007-09-01,DPFe ¹,115.08337492988787
2007-09-01,DPMFi,1200.8326397736212
2007-09-01,DPMFi EM PODER DO BANCO CENTRAL,318.2662021204417
2007-09-01,Demais,27.524854891264127
2007-09-01,Demais,0.0
2007-09-01,Demais,5.6421576724852915
2007-09-01,Dívida Contratual,25.35448155815173
2007-09-01,Dívida Mobiliária,89.72889337173613
2007-09-01,Dívida Securitizada,21.28070945386845
2007-09-01,Euro,13.216419723418912
2007-09-01,Global BRL,10.465959845069575
2007-09-01,Global USD,65.70278650268858
2007-09-01,LFT,409.5821400871937
2007-09-01,LFT,76.59148412281925
2007-09-01,LTN,320.3631603090932
2007-09-01,LTN,144.41444476049062
2007-09-01,NTN-B,230.5105359860373
2007-09-01,NTN-B,54.45922125764657
2007-09-01,NTN-C,63.91829289727014
2007-09-01,NTN-D,1.1019972714299997
2007-09-01,NTN-F,122.05576495643425
2007-09-01,NTN-F,37.158894307
2007-09-01,Organismos Multilaterais,20.948812559664812
2007-09-01,Reestruturada ²,0.34372730055906897
2007-09-01,TDA,4.495183921030001
2007-09-01,Tesouro Nacional,1200.8326397736212
2007-10-01,Credores Privados/Ag. Gov.,3.9778529915913596
2007-10-01,DPF EM PODER DO PÚBLICO,1307.1423345920457
2007-10-01,DPFe ¹,108.11182141128978
2007-10-01,DPMFi,1199.0305131807559
2007-10-01,DPMFi EM PODER DO BANCO CENTRAL,351.7136415842043
2007-10-01,Demais,26.230193128961616
2007-10-01,Demais,0.0
2007-10-01,Demais,5.403284434749466
2007-10-01,Dívida Contratual,23.955140434650083
2007-10-01,Dívida Mobiliária,84.1566809766397
2007-10-01,Dívida Securitizada,21.03524617855032
2007-10-01,Euro,11.108420004614718
2007-10-01,Global BRL,10.56497772507968
2007-10-01,Global USD,62.155606336087054
2007-10-01,LFT,424.7149140176417
2007-10-01,LFT,77.30620829393028
2007-10-01,LTN,295.25961777838376
2007-10-01,LTN,151.26596623270956
2007-10-01,NTN-B,235.6420412679966
2007-10-01,NTN-B,69.28597089539618
2007-10-01,NTN-C,63.956892508548385
2007-10-01,NTN-D,1.056651809741167
2007-10-01,NTN-F,126.5803707009323
2007-10-01,NTN-F,48.4522117274188
2007-10-01,Organismos Multilaterais,19.977287443058724
2007-10-01,Reestruturada ²,0.32767691085823997
2007-10-01,TDA,4.554585789999999
2007-10-01,Tesouro Nacional,1199.0305131807559
2007-11-01,Credores Privados/Ag. Gov.,4.127169656905739
2007-11-01,DPF EM PODER DO PÚBLICO,1329.9539958733762
2007-11-01,DPFe ¹,110.22764082323921
2007-11-01,DPMFi,1219.726355050137
2007-11-01,DPMFi EM PODER DO BANCO CENTRAL,353.8238266738552
2007-11-01,Demais,26.4429287594264
2007-11-01,Demais,0.0
2007-11-01,Demais,5.583305364775226
2007-11-01,Dívida Contratual,24.612841563169066
2007-11-01,Dívida Mobiliária,85.61479926007014
2007-11-01,Dívida Securitizada,20.120944020172605
2007-11-01,Euro,11.63086414972662
2007-11-01,Global BRL,10.66399617739815
2007-11-01,Global USD,62.98315936932569
2007-11-01,LFT,424.50566061608043
2007-11-01,LFT,77.96168460556719
2007-11-01,LTN,312.4892588435957
2007-11-01,LTN,152.74244072294212
2007-11-01,NTN-B,238.01662982833653
2007-11-01,NTN-B,68.59480670995674
2007-11-01,NTN-C,64.61292857128089
2007-11-01,NTN-D,1.09342221519
2007-11-01,NTN-F,127.95104468563422
2007-11-01,NTN-F,48.941589270613896
2007-11-01,Organismos Multilaterais,20.485671906263327
2007-11-01,Reestruturada ²,0.336779563619686
2007-11-01,TDA,4.49353751042
2007-11-01,Tesouro Nacional,1219.726355050137
2007-12-01,Credores Privados/Ag. Gov.,4.03180946309566
2007-12-01,DPF EM PODER DO PÚBLICO,1333.7546766242872
2007-12-01,DPFe ¹,108.88409721396961
2007-12-01,DPMFi,1224.8705794103175
2007-12-01,DPMFi EM PODER DO BANCO CENTRAL,359.0008577062602
2007-12-01,Demais,23.648254732875955
2007-12-01,Demais,0.0
2007-12-01,Demais,2.7290996752348633
2007-12-01,Dívida Contratual,24.316101996763383
2007-12-01,Dívida Mobiliária,84.56799521720623
2007-12-01,Dívida Securitizada,20.776509563748274
2007-12-01,Euro,11.661218811902947
2007-12-01,Global BRL,10.763016328163301
2007-12-01,Global USD,61.80767444306332
2007-12-01,LFT,409.02412892211703
2007-12-01,LFT,78.95534946840135
2007-12-01,LTN,325.1488174457784
2007-12-01,LTN,158.74772675059
2007-12-01,NTN-B,242.26762413132718
2007-12-01,NTN-B,69.24574229474588
2007-12-01,NTN-C,66.22480176062541
2007-12-01,NTN-D,1.0973941763550001
2007-12-01,NTN-F,131.82389620129013
2007-12-01,NTN-F,49.3229395172881
2007-12-01,Organismos Multilaterais,20.284292533667724
2007-12-01,Reestruturada ²,0.33608563407666703
2007-12-01,TDA,4.8591524762
2007-12-01,Tesouro Nacional,1224.8705794103175
2008-01-01,Credores Privados/Ag. Gov.,4.084092556664667
2008-01-01,DPF EM PODER DO PÚBLICO,1311.341588825574
2008-01-01,DPFe ¹,107.37992261634
2008-01-01,DPMFi,1203.961666209234
2008-01-01,DPMFi EM PODER DO BANCO CENTRAL,354.25058171621146
2008-01-01,Demais,23.61520236074666
2008-01-01,Demais,0.0
2008-01-01,Demais,2.737752899008877
2008-01-01,Dívida Contratual,24.29319012213879
2008-01-01,Dívida Mobiliária,83.0867324942012
2008-01-01,Dívida Securitizada,20.741743726193636
2008-01-01,Euro,11.524888239896244
2008-01-01,Global BRL,10.267922528341431
2008-01-01,Global USD,60.95824413880196
2008-01-01,LFT,418.671337580338
2008-01-01,LFT,91.40747697457651
2008-01-01,LTN,294.3574536684445
2008-01-01,LTN,139.5267153515213
2008-01-01,NTN-B,249.56752143065538
2008-01-01,NTN-B,74.99630501689451
2008-01-01,NTN-C,65.18083361923088
2008-01-01,NTN-D,1.0393691008200001
2008-01-01,NTN-F,126.01445460009491
2008-01-01,NTN-F,45.58233147421035
2008-01-01,Organismos Multilaterais,20.20909756547412
2008-01-01,Reestruturada ²,0.33567758716157203
2008-01-01,TDA,4.773750122709999
2008-01-01,Tesouro Nacional,1203.961666209234
2008-02-01,Credores Privados/Ag. Gov.,3.9147516480763076
2008-02-01,DPF EM PODER DO PÚBLICO,1345.3765481112966
2008-02-01,DPFe ¹,103.21255552094287
2008-02-01,DPMFi,1242.1639925903537
2008-02-01,DPMFi EM PODER DO BANCO CENTRAL,356.22145847786066
2008-02-01,Demais,23.20251589111177
2008-02-01,Demais,0.0
2008-02-01,Demais,0.0077500334180070005
2008-02-01,Dívida Contratual,23.278158948910303
2008-02-01,Dívida Mobiliária,79.93439657203257
2008-02-01,Dívida Securitizada,20.913290924715973
2008-02-01,Euro,11.07940423175944
2008-02-01,Global BRL,10.366941326944316
2008-02-01,Global USD,58.165545543305214
2008-02-01,LFT,427.5282895692398
2008-02-01,LFT,92.14563751544193
2008-02-01,LTN,311.5024513946242
2008-02-01,LTN,140.73494156309533
2008-02-01,NTN-B,255.44151287249207
2008-02-01,NTN-B,75.06065358813524
2008-02-01,NTN-C,65.99274611505204
2008-02-01,NTN-D,1.0056007361138328
2008-02-01,NTN-F,131.81055539616415
2008-02-01,NTN-F,48.2724757777702
2008-02-01,Organismos Multilaterais,19.363407300833995
2008-02-01,Reestruturada ²,0.32250547002360597
2008-02-01,TDA,4.76702969084
2008-02-01,Tesouro Nacional,1242.1639925903537
2008-03-01,Credores Privados/Ag. Gov.,4.112391270977587
2008-03-01,DPF EM PODER DO PÚBLICO,1356.272235257076
2008-03-01,DPFe ¹,106.24535907432629
2008-03-01,DPMFi,1250.02687618275
2008-03-01,DPMFi EM PODER DO BANCO CENTRAL,362.9988776915585
2008-03-01,Demais,23.462229837972142
2008-03-01,Demais,0.0
2008-03-01,Demais,0.007789182270437001
2008-03-01,Dívida Contratual,24.474590566688263
2008-03-01,Dívida Mobiliária,81.77076850763802
2008-03-01,Dívida Securitizada,21.054310080276228
2008-03-01,Euro,12.05006478517316
2008-03-01,Global BRL,10.46596100987711
2008-03-01,Global USD,58.95498277664728
2008-03-01,LFT,416.87424018247765
2008-03-01,LFT,96.33365999658784
2008-03-01,LTN,318.1958439617261
2008-03-01,LTN,142.04037565628283
2008-03-01,NTN-B,262.8129435875131
2008-03-01,NTN-B,75.90029324361188
2008-03-01,NTN-C,66.7131885950561
2008-03-01,NTN-D,1.0556613475988328
2008-03-01,NTN-F,135.08690308423957
2008-03-01,NTN-F,48.71675961280554
2008-03-01,Organismos Multilaterais,20.362199295710678
2008-03-01,Reestruturada ²,0.29975993594049105
2008-03-01,TDA,4.771555505890001
2008-03-01,Tesouro Nacional,1250.02687618275
2008-04-01,Credores Privados/Ag. Gov.,3.7054015830147353
2008-04-01,DPF EM PODER DO PÚBLICO,1318.3234363298357
2008-04-01,DPFe ¹,99.60961199092952
2008-04-01,DPMFi,1218.713824338906
2008-04-01,DPMFi EM PODER DO BANCO CENTRAL,362.2530406558373
2008-04-01,Demais,23.043312711862622
2008-04-01,Demais,0.0
2008-04-01,Demais,0.007835238316193
2008-04-01,Dívida Contratual,23.12458932914712
2008-04-01,Dívida Mobiliária,76.48502266178241
2008-04-01,Dívida Securitizada,21.108576648710972
2008-04-01,Euro,10.578630667452217
2008-04-01,Global BRL,10.564978393695911
2008-04-01,Global USD,55.050824925105815
2008-04-01,LFT,430.65515156921185
2008-04-01,LFT,100.64190020101003
2008-04-01,LTN,275.46200265298677
2008-04-01,LTN,135.66654717685196
2008-04-01,NTN-B,268.8955354453109
2008-04-01,NTN-B,76.76681761998196
2008-04-01,NTN-C,54.81998280277129
2008-04-01,NTN-D,1.0299091595099998
2008-04-01,NTN-F,138.85323424682164
2008-04-01,NTN-F,49.169940419677104
2008-04-01,Organismos Multilaterais,19.419187746132383
2008-04-01,Reestruturada ²,0.29058867552847206
2008-04-01,TDA,4.84611910172
2008-04-01,Tesouro Nacional,1218.713824338906
2008-05-01,Credores Privados/Ag. Gov.,3.4828576134997005
2008-05-01,DPF EM PODER DO PÚBLICO,1337.1836402616184
2008-05-01,DPFe ¹,97.57565809701757
2008-05-01,DPMFi,1239.6079821646008
2008-05-01,DPMFi EM PODER DO BANCO CENTRAL,367.3446799572967
2008-05-01,Demais,22.903684028609412
2008-05-01,Demais,0.0
2008-05-01,Demais,0.007879847714535001
2008-05-01,Dívida Contratual,22.43900532001372
2008-05-01,Dívida Mobiliária,75.13665277700385
2008-05-01,Dívida Securitizada,20.51171262621103
2008-05-01,Euro,10.251907679355062
2008-05-01,Global BRL,10.663997209786906
2008-05-01,Global USD,53.93868654264565
2008-05-01,LFT,439.05585763991
2008-05-01,LFT,102.91258801637706
2008-05-01,LTN,282.70193050256654
2008-05-01,LTN,138.80095828298374
2008-05-01,NTN-B,269.9888903721857
2008-05-01,NTN-B,76.02377243827908
2008-05-01,NTN-C,56.08791027411851
2008-05-01,NTN-D,1.00559650242
2008-05-01,NTN-F,142.5447868762097
2008-05-01,NTN-F,49.599481371942275
2008-05-01,Organismos Multilaterais,18.95614770651402
2008-05-01,Reestruturada ²,0.282061345216228
2008-05-01,TDA,4.807613342370001
2008-05-01,Tesouro Nacional,1239.6079821646008
2008-06-01,Credores Privados/Ag. Gov.,3.5059367188881323
2008-06-01,DPF EM PODER DO PÚBLICO,1343.4018993914885
2008-06-01,DPFe ¹,96.11213368450156
2008-06-01,DPMFi,1247.289765706987
2008-06-01,DPMFi EM PODER DO BANCO CENTRAL,423.66473996690064
2008-06-01,Demais,22.833557711662785
2008-06-01,Demais,0.0
2008-06-01,Demais,0.007925531708224999
2008-06-01,Dívida Contratual,21.96757121672952
2008-06-01,Dívida Mobiliária,74.14456246777203
2008-06-01,Dívida Securitizada,20.61020144248056
2008-06-01,Euro,10.103738181512123
2008-06-01,Global BRL,10.763015359169211
2008-06-01,Global USD,53.00090354818368
2008-06-01,LFT,429.7550836346656
2008-06-01,LFT,121.69174202474287
2008-06-01,LTN,287.882025174902
2008-06-01,LTN,150.94656020115
2008-06-01,NTN-B,276.9417084856482
2008-06-01,NTN-B,95.1474494465547
2008-06-01,NTN-C,57.65395021523566
2008-06-01,NTN-D,0.992925855555
2008-06-01,NTN-F,145.77012501342108
2008-06-01,NTN-F,55.871062762744906
2008-06-01,Organismos Multilaterais,18.461634497841388
2008-06-01,Reestruturada ²,0.27690537890702005
2008-06-01,TDA,4.8501881734164
2008-06-01,Tesouro Nacional,1247.289765706987
2008-07-01,Credores Privados/Ag. Gov.,3.44968417113369
2008-07-01,DPF EM PODER DO PÚBLICO,1297.9197187041245
2008-07-01,DPFe ¹,93.51492423885881
2008-07-01,DPMFi,1204.4047944652657
2008-07-01,DPMFi EM PODER DO BANCO CENTRAL,398.5818935837938
2008-07-01,Demais,22.91598987182978
2008-07-01,Demais,0.0
2008-07-01,Demais,0.00798010584746
2008-07-01,Dívida Contratual,21.591073642976923
2008-07-01,Dívida Mobiliária,71.92385059588189
2008-07-01,Dívida Securitizada,19.793008852838646
2008-07-01,Euro,9.925141459083312
2008-07-01,Global BRL,10.267923509239031
2008-07-01,Global USD,51.4569063517131
2008-07-01,LFT,443.45426115692715
2008-07-01,LFT,122.99522450549304
2008-07-01,LTN,226.62965286047307
2008-07-01,LTN,125.4430853915
2008-07-01,NTN-B,283.9944819777733
2008-07-01,NTN-B,96.5276256541259
2008-07-01,NTN-C,57.39621843013648
2008-07-01,NTN-D,0.0
2008-07-01,NTN-F,145.3232318127982
2008-07-01,NTN-F,53.60797792682743
2008-07-01,Organismos Multilaterais,18.141389471843233
2008-07-01,Reestruturada ²,0.27387927584644195
2008-07-01,TDA,4.8979495024888005
2008-07-01,Tesouro Nacional,1204.4047944652657
2008-08-01,Credores Privados/Ag. Gov.,3.578262396946056
2008-08-01,DPF EM PODER DO PÚBLICO,1319.5157214127398
2008-08-01,DPFe ¹,96.32077913779041
2008-08-01,DPMFi,1223.1949422749494
2008-08-01,DPMFi EM PODER DO BANCO CENTRAL,402.3569792708951
2008-08-01,Demais,23.307822873640614
2008-08-01,Demais,0.0
2008-08-01,Demais,0.008032313635927
2008-08-01,Dívida Contratual,22.297876257553913
2008-08-01,Dívida Mobiliária,74.0229028802365
2008-08-01,Dívida Securitizada,16.295183427984906
2008-08-01,Euro,9.812399883396983
2008-08-01,Global BRL,10.36694211158477
2008-08-01,Global USD,53.55646226939794
2008-08-01,LFT,451.29485702739765
2008-08-01,LFT,125.74929037556237
2008-08-01,LTN,232.31423992053632
2008-08-01,LTN,126.635608445
2008-08-01,NTN-B,285.5617334379876
2008-08-01,NTN-B,95.8678657219267
2008-08-01,NTN-C,57.180968751063126
2008-08-01,NTN-D,0.0
2008-08-01,NTN-F,152.3253164073493
2008-08-01,NTN-F,54.09618241477012
2008-08-01,Organismos Multilaterais,18.719613860607858
2008-08-01,Reestruturada ²,0.287098615856808
2008-08-01,TDA,4.914820428989999
2008-08-01,Tesouro Nacional,1223.1949422749494
2008-09-01,Credores Privados/Ag. Gov.,4.201581476296224
2008-09-01,DPF EM PODER DO PÚBLICO,1335.0994053182137
2008-09-01,DPFe ¹,110.3643523490197
2008-09-01,DPMFi,1224.735052969194
2008-09-01,DPMFi EM PODER DO BANCO CENTRAL,406.31471419687017
2008-09-01,Demais,24.83460176608683
2008-09-01,Demais,0.0
2008-09-01,Demais,0.008086813700589002
2008-09-01,Dívida Contratual,25.767516667172902
2008-09-01,Dívida Mobiliária,84.5968356818468
2008-09-01,Dívida Securitizada,13.236580439841578
2008-09-01,Euro,10.86931130838074
2008-09-01,Global BRL,10.46595978502921
2008-09-01,Global USD,62.963422365405485
2008-09-01,LFT,437.68079912614246
2008-09-01,LFT,127.13610470262883
2008-09-01,LTN,238.95278144133377
2008-09-01,LTN,127.86691448985
2008-09-01,NTN-B,289.5196533575522
2008-09-01,NTN-B,96.7852216616779
2008-09-01,NTN-C,57.57870876617136
2008-09-01,NTN-D,0.0
2008-09-01,NTN-F,158.09840546370586
2008-09-01,NTN-F,54.51838652901288
2008-09-01,Organismos Multilaterais,21.56593519087668
2008-09-01,Reestruturada ²,0.29814222303135895
2008-09-01,TDA,4.83352260836
2008-09-01,Tesouro Nacional,1224.735052969194
2008-10-01,Credores Privados/Ag. Gov.,4.535058099600404
2008-10-01,DPF EM PODER DO PÚBLICO,1345.356804651101
2008-10-01,DPFe ¹,119.08464647940158
2008-10-01,DPMFi,1226.2721581716994
2008-10-01,DPMFi EM PODER DO BANCO CENTRAL,410.1491715470991
2008-10-01,Demais,25.922377338570335
2008-10-01,Demais,0.0
2008-10-01,Demais,0.008149845846803
2008-10-01,Dívida Contratual,28.20146561320324
2008-10-01,Dívida Mobiliária,90.88318086619834
2008-10-01,Dívida Securitizada,13.399924277145603
2008-10-01,Euro,10.945181632246719
2008-10-01,Global BRL,10.564977637703311
2008-10-01,Global USD,69.04198038333422
2008-10-01,LFT,444.70024833665
2008-10-01,LFT,139.58790326413222
2008-10-01,LTN,223.7395334444679
2008-10-01,LTN,116.89170711074999
2008-10-01,NTN-B,293.0542905621381
2008-10-01,NTN-B,97.70406625438606
2008-10-01,NTN-C,58.042002381563925
2008-10-01,NTN-D,0.0
2008-10-01,NTN-F,162.57294179856333
2008-10-01,NTN-F,55.957345071984015
2008-10-01,Organismos Multilaterais,23.666407513602838
2008-10-01,Reestruturada ²,0.33104121291410393
2008-10-01,TDA,4.8408400326
2008-10-01,Tesouro Nacional,1226.2721581716994
2008-11-01,Credores Privados/Ag. Gov.,5.084100742879619
2008-11-01,DPF EM PODER DO PÚBLICO,1374.377869138079
2008-11-01,DPFe ¹,129.98419923321808
2008-11-01,DPMFi,1244.3936699048609
2008-11-01,DPMFi EM PODER DO BANCO CENTRAL,412.0057758157995
2008-11-01,Demais,27.341444717118726
2008-11-01,Demais,0.0
2008-11-01,Demais,0.008199632705261
2008-11-01,Dívida Contratual,30.94872364712044
2008-11-01,Dívida Mobiliária,99.03547558609765
2008-11-01,Dívida Securitizada,13.91273645952093
2008-11-01,Euro,12.13291490331505
2008-11-01,Global BRL,10.6639957135714
2008-11-01,Global USD,75.8716821634143
2008-11-01,LFT,455.9795520661644
2008-11-01,LFT,141.0132773470007
2008-11-01,LTN,229.18498424994732
2008-11-01,LTN,117.97187744889999
2008-11-01,NTN-B,290.26048808032084
2008-11-01,NTN-B,96.53000316546715
2008-11-01,NTN-C,58.70514153612
2008-11-01,NTN-D,0.0
2008-11-01,NTN-F,164.18916646249897
2008-11-01,NTN-F,56.48241822172633
2008-11-01,Organismos Multilaterais,25.864622904240818
2008-11-01,Reestruturada ²,0.36688280579689203
2008-11-01,TDA,4.82015633317
2008-11-01,Tesouro Nacional,1244.3936699048609
2008-12-01,Credores Privados/Ag. Gov.,5.073206488025581
2008-12-01,DPF EM PODER DO PÚBLICO,1397.335524657662
2008-12-01,DPFe ¹,132.51224984316656
2008-12-01,DPMFi,1264.8232748144956
2008-12-01,DPMFi EM PODER DO BANCO CENTRAL,494.310914372896
2008-12-01,Demais,26.69013551446058
2008-12-01,Demais,0.0
2008-12-01,Demais,0.008259285452923001
2008-12-01,Dívida Contratual,31.587399329795037
2008-12-01,Dívida Mobiliária,100.92485051337152
2008-12-01,Dívida Securitizada,15.089323751541047
2008-12-01,Euro,13.359265828671209
2008-12-01,Global BRL,10.763016024288662
2008-12-01,Global USD,76.433278394243
2008-12-01,LFT,453.13143794121464
2008-12-01,LFT,187.34551003016605
2008-12-01,LTN,239.14301524643562
2008-12-01,LTN,131.14856551510272
2008-12-01,NTN-B,298.888317457631
2008-12-01,NTN-B,108.51957215550519
2008-12-01,NTN-C,59.11674476675689
2008-12-01,NTN-D,0.0
2008-12-01,NTN-F,168.02149919652572
2008-12-01,NTN-F,67.28900738666908
2008-12-01,Organismos Multilaterais,26.514192841769457
2008-12-01,Reestruturada ²,0.36929026616865007
2008-12-01,TDA,4.7428009399299995
2008-12-01,Tesouro Nacional,1264.8232748144956
2009-01-01,Credores Privados/Ag. Gov.,5.0463106760229754
2009-01-01,DPF EM PODER DO PÚBLICO,1352.2406715146033
2009-01-01,DPFe ¹,131.14367288021526
2009-01-01,DPMFi,1221.096998634388
2009-01-01,DPMFi EM PODER DO BANCO CENTRAL,462.3663140955585
2009-01-01,Demais,26.357723680428503
2009-01-01,Demais,0.0
2009-01-01,Demais,0.008315498234710998
2009-01-01,Dívida Contratual,31.113018625122233
2009-01-01,Dívida Mobiliária,100.03065425509304
2009-01-01,Dívida Securitizada,14.959938940157734
2009-01-01,Euro,12.055833126418774
2009-01-01,Global BRL,10.267922984738593
2009-01-01,Global USD,77.33905102347539
2009-01-01,LFT,470.62430547440647
2009-01-01,LFT,189.30924943806883
2009-01-01,LTN,178.14751149955487
2009-01-01,LTN,98.92705035177148
2009-01-01,NTN-B,304.53836095343235
2009-01-01,NTN-B,109.54592773812942
2009-01-01,NTN-C,57.53354516954955
2009-01-01,NTN-D,0.0
2009-01-01,NTN-F,164.26400821711826
2009-01-01,NTN-F,64.57577106935406
2009-01-01,Organismos Multilaterais,26.066707949099257
2009-01-01,Reestruturada ²,0.36784712046027795
2009-01-01,TDA,4.67160469974
2009-01-01,Tesouro Nacional,1221.096998634388
2009-02-01,Credores Privados/Ag. Gov.,5.050737171772895
2009-02-01,DPF EM PODER DO PÚBLICO,1380.9982126808816
2009-02-01,DPFe ¹,133.59952943241225
2009-02-01,DPMFi,1247.3986832484693
2009-02-01,DPMFi EM PODER DO BANCO CENTRAL,465.5163799695242
2009-02-01,Demais,26.838197206574694
2009-02-01,Demais,0.0
2009-02-01,Demais,0.008356711813081
2009-02-01,Dívida Contratual,31.56240038207494
2009-02-01,Dívida Mobiliária,102.03712905033731
2009-02-01,Dívida Securitizada,14.90229984369657
2009-02-01,Euro,12.038343728666522
2009-02-01,Global BRL,10.366941972277823
2009-02-01,Global USD,79.25240685656166
2009-02-01,LFT,482.26903649853693
2009-02-01,LFT,190.9289565355542
2009-02-01,LTN,188.1182654266178
2009-02-01,LTN,99.80181589267009
2009-02-01,NTN-B,306.45524497102167
2009-02-01,NTN-B,109.65595221305456
2009-02-01,NTN-C,58.07436012199683
2009-02-01,NTN-D,0.0
2009-02-01,NTN-F,166.11036938424485
2009-02-01,NTN-F,65.12129861643236
2009-02-01,Organismos Multilaterais,26.511663210302046
2009-02-01,Reestruturada ²,0.37943649283130404
2009-02-01,TDA,4.630909795779999
2009-02-01,Tesouro Nacional,1247.3986832484693
2009-03-01,Credores Privados/Ag. Gov.,4.839035423010305
2009-03-01,DPF EM PODER DO PÚBLICO,1398.2440139526052
2009-03-01,DPFe ¹,130.45013039077878
2009-03-01,DPMFi,1267.7938835618265
2009-03-01,DPMFi EM PODER DO BANCO CENTRAL,482.1120291236524
2009-03-01,Demais,26.058604136025863
2009-03-01,Demais,0.0
2009-03-01,Demais,0.008408899186429
2009-03-01,Dívida Contratual,30.302330421613217
2009-03-01,Dívida Mobiliária,100.14779996916556
2009-03-01,Dívida Securitizada,14.766277965869087
2009-03-01,Euro,12.357912879235055
2009-03-01,Global BRL,10.465960355295888
2009-03-01,Global USD,76.99948868367572
2009-03-01,LFT,471.3680665622704
2009-03-01,LFT,198.92379093342043
2009-03-01,LTN,212.31464369969666
2009-03-01,LTN,106.362512187235
2009-03-01,NTN-B,311.2497706820269
2009-03-01,NTN-B,111.01203439171238
2009-03-01,NTN-C,57.985381110697006
2009-03-01,NTN-D,0.0
2009-03-01,NTN-F,169.1725670978108
2009-03-01,NTN-F,65.80528271209825
2009-03-01,Organismos Multilaterais,25.463294998602912
2009-03-01,Reestruturada ²,0.324438050958896
2009-03-01,TDA,4.87857230743
2009-03-01,Tesouro Nacional,1267.7938835618265
2009-04-01,Credores Privados/Ag. Gov.,4.345311080601075
2009-04-01,DPF EM PODER DO PÚBLICO,1384.0349651618087
2009-04-01,DPFe ¹,122.24788271216929
2009-04-01,DPMFi,1261.7870824496395
2009-04-01,DPMFi EM PODER DO BANCO CENTRAL,474.24320296899265
2009-04-01,Demais,24.973191138190984
2009-04-01,Demais,0.0
2009-04-01,Demais,0.008457006616758
2009-04-01,Dívida Contratual,28.243037534860807
2009-04-01,Dívida Mobiliária,94.00484517730848
2009-04-01,Dívida Securitizada,14.709829942215327
2009-04-01,Euro,10.808085000692355
2009-04-01,Global BRL,10.564977423490125
2009-04-01,Global USD,72.32498914542903
2009-04-01,LFT,483.89769870987004
2009-04-01,LFT,200.59476694957502
2009-04-01,LTN,187.2460941808971
2009-04-01,LTN,95.27114403899932
2009-04-01,NTN-B,315.8883590813329
2009-04-01,NTN-B,111.9377548406265
2009-04-01,NTN-C,57.71690876491978
2009-04-01,NTN-D,0.0
2009-04-01,NTN-F,172.54163031763338
2009-04-01,NTN-F,66.43108013317502
2009-04-01,Organismos Multilaterais,23.897726454259733
2009-04-01,Reestruturada ²,0.30679360769697606
2009-04-01,TDA,4.813370314579999
2009-04-01,Tesouro Nacional,1261.7870824496395
2009-05-01,Credores Privados/Ag. Gov.,3.98987470560378
2009-05-01,DPF EM PODER DO PÚBLICO,1388.3131253299998
2009-05-01,DPFe ¹,114.0579396487324
2009-05-01,DPMFi,1274.2551856812674
2009-05-01,DPMFi EM PODER DO BANCO CENTRAL,475.56526254483595
2009-05-01,Demais,23.78039239724549
2009-05-01,Demais,0.0
2009-05-01,Demais,0.008498726957737
2009-05-01,Dívida Contratual,25.54023254344336
2009-05-01,Dívida Mobiliária,88.51770710528905
2009-05-01,Dívida Securitizada,14.829846921117491
2009-05-01,Euro,10.534942829395208
2009-05-01,Global BRL,10.66399643753972
2009-05-01,Global USD,67.03940094837797
2009-05-01,LFT,500.76790763029294
2009-05-01,LFT,206.04093182646298
2009-05-01,LTN,199.82547256797739
2009-05-01,LTN,99.95119870820699
2009-05-01,NTN-B,291.85072161096764
2009-05-01,NTN-B,102.47907036230035
2009-05-01,NTN-C,58.07854083705544
2009-05-01,NTN-D,0.0
2009-05-01,NTN-F,180.324891608241
2009-05-01,NTN-F,67.08556292090786
2009-05-01,Organismos Multilaterais,21.55035783783958
2009-05-01,Reestruturada ²,0.27936688997614006
2009-05-01,TDA,4.797412108370001
2009-05-01,Tesouro Nacional,1274.2551856812674
2009-06-01,Credores Privados/Ag. Gov.,3.80523202699416
2009-06-01,DPF EM PODER DO PÚBLICO,1434.603644096597
2009-06-01,DPFe ¹,112.7280478283416
2009-06-01,DPMFi,1321.8755962682553
2009-06-01,DPMFi EM PODER DO BANCO CENTRAL,499.64612825809644
2009-06-01,Demais,23.672684966842453
2009-06-01,Demais,0.0
2009-06-01,Demais,0.008545134904142998
2009-06-01,Dívida Contratual,25.19248335842918
2009-06-01,Dívida Mobiliária,87.53556446991243
2009-06-01,Dívida Securitizada,14.822298982350292
2009-06-01,Euro,10.306165289557397
2009-06-01,Global BRL,10.76301470053642
2009-06-01,Global USD,66.18869708064986
2009-06-01,LFT,499.2122024323549
2009-06-01,LFT,215.08873438291943
2009-06-01,LTN,232.02833765261917
2009-06-01,LTN,109.9760798947326
2009-06-01,NTN-B,301.3003619271952
2009-06-01,NTN-B,105.390023511196
2009-06-01,NTN-C,58.48176478567448
2009-06-01,NTN-D,0.0
2009-06-01,NTN-F,187.5420954102289
2009-06-01,NTN-F,69.18274533434425
2009-06-01,Organismos Multilaterais,21.38725133143502
2009-06-01,Reestruturada ²,0.27768739916876006
2009-06-01,TDA,4.815850110989999
2009-06-01,Tesouro Nacional,1321.8755962682553
2009-07-01,Credores Privados/Ag. Gov.,3.6740512821907565
2009-07-01,DPF EM PODER DO PÚBLICO,1457.086519714933
2009-07-01,DPFe ¹,107.201015619171
2009-07-01,DPMFi,1349.8855040957621
2009-07-01,DPMFi EM PODER DO BANCO CENTRAL,490.8014335025754
2009-07-01,Demais,23.21340328363683
2009-07-01,Demais,0.0
2009-07-01,Demais,0.008599244499856001
2009-07-01,Dívida Contratual,24.16166949367066
2009-07-01,Dívida Mobiliária,83.03934612550034
2009-07-01,Dívida Securitizada,14.268334005736873
2009-07-01,Euro,10.121943651229488
2009-07-01,Global BRL,10.267922633166611
2009-07-01,Global USD,62.381672910868424
2009-07-01,LFT,537.9029371780344
2009-07-01,LFT,224.70684304993273
2009-07-01,LTN,217.2230186337191
2009-07-01,LTN,91.98691462750827
2009-07-01,NTN-B,307.0326508049753
2009-07-01,NTN-B,107.61551780588229
2009-07-01,NTN-C,56.91885459558752
2009-07-01,NTN-D,0.0
2009-07-01,NTN-F,188.56156102912206
2009-07-01,NTN-F,66.48355877475223
2009-07-01,Organismos Multilaterais,20.487618211479905
2009-07-01,Reestruturada ²,0.267806930235822
2009-07-01,TDA,4.764744564950001
2009-07-01,Tesouro Nacional,1349.8855040957621
2009-08-01,Credores Privados/Ag. Gov.,3.7806290152826416
2009-08-01,DPF EM PODER DO PÚBLICO,1509.9504252268716
2009-08-01,DPFe ¹,108.96805414607994
2009-08-01,DPMFi,1400.9823710807916
2009-08-01,DPMFi EM PODER DO BANCO CENTRAL,494.09233530825156
2009-08-01,Demais,23.304216826883284
2009-08-01,Demais,0.0
2009-08-01,Demais,0.008640901277096
2009-08-01,Dívida Contratual,24.42649989733416
2009-08-01,Dívida Mobiliária,84.54155424874577
2009-08-01,Dívida Securitizada,12.160638173689014
2009-08-01,Euro,10.307796712819345
2009-08-01,Global BRL,10.242444395457648
2009-08-01,Global USD,63.72019594001248
2009-08-01,LFT,545.2957929963837
2009-08-01,LFT,226.26653619936383
2009-08-01,LTN,237.05253309923145
2009-08-01,LTN,92.86674031073467
2009-08-01,NTN-B,320.3893810499162
2009-08-01,NTN-B,107.7901546082924
2009-08-01,NTN-C,57.16076825585495
2009-08-01,NTN-D,0.0
2009-08-01,NTN-F,200.957744966793
2009-08-01,NTN-F,67.1602632885836
2009-08-01,Organismos Multilaterais,20.64587088205152
2009-08-01,Reestruturada ²,0.271117200456288
2009-08-01,TDA,4.661295712039999
2009-08-01,Tesouro Nacional,1400.9823710807916
2009-09-01,Credores Privados/Ag. Gov.,3.551267240517141
2009-09-01,DPF EM PODER DO PÚBLICO,1488.9307601286134
2009-09-01,DPFe ¹,103.04192094696809
2009-09-01,DPMFi,1385.8888391816454
2009-09-01,DPMFi EM PODER DO BANCO CENTRAL,530.2029070406957
2009-09-01,Demais,22.712538370996498
2009-09-01,Demais,0.0
2009-09-01,Demais,0.008682380947418
2009-09-01,Dívida Contratual,22.775534184356843
2009-09-01,Dívida Mobiliária,80.26638676261125
2009-09-01,Dívida Securitizada,12.113171061219088
2009-09-01,Euro,9.776600944940636
2009-09-01,Global BRL,10.34041468487997
2009-09-01,Global USD,59.92779809670221
2009-09-01,LFT,511.3641529845433
2009-09-01,LFT,227.83696207374334
2009-09-01,LTN,246.15665674328338
2009-09-01,LTN,103.79244179998945
2009-09-01,NTN-B,324.94656847937614
2009-09-01,NTN-B,130.7481784010335
2009-09-01,NTN-C,57.29926205936661
2009-09-01,NTN-D,0.0
2009-09-01,NTN-F,206.63406484241048
2009-09-01,NTN-F,67.81664238498195
2009-09-01,Organismos Multilaterais,19.2242669438397
2009-09-01,Reestruturada ²,0.22157303608842302
2009-09-01,TDA,4.662424640450001
2009-09-01,Tesouro Nacional,1385.8888391816454
2009-10-01,Credores Privados/Ag. Gov.,3.31516455532304
2009-10-01,DPF EM PODER DO PÚBLICO,1472.4281525434583
2009-10-01,DPFe ¹,101.61514930412577
2009-10-01,DPMFi,1370.8130032393326
2009-10-01,DPMFi EM PODER DO BANCO CENTRAL,547.4587620455579
2009-10-01,Demais,22.318310330075377
2009-10-01,Demais,0.0
2009-10-01,Demais,0.008728157899242
2009-10-01,Dívida Contratual,22.062570238839832
2009-10-01,Dívida Mobiliária,79.55257906528593
2009-10-01,Dívida Securitizada,12.113385703790422
2009-10-01,Euro,9.73125516948416
2009-10-01,Global BRL,10.43838442446256
2009-10-01,Global USD,59.16448170703888
2009-10-01,LFT,516.2234160947444
2009-10-01,LFT,229.4178431365328
2009-10-01,LTN,214.24652453358757
2009-10-01,LTN,96.59244375592249
2009-10-01,NTN-B,330.1456075184276
2009-10-01,NTN-B,145.7510535485658
2009-10-01,NTN-C,57.18639711318125
2009-10-01,NTN-D,0.0
2009-10-01,NTN-F,213.8140386980961
2009-10-01,NTN-F,75.68869344663764
2009-10-01,Organismos Multilaterais,18.747405683516792
2009-10-01,Reestruturada ²,0.21845776430032002
2009-10-01,TDA,4.765323247430001
2009-10-01,Tesouro Nacional,1370.8130032393326
2009-11-01,Credores Privados/Ag. Gov.,3.361227383360925
2009-11-01,DPF EM PODER DO PÚBLICO,1491.8438363709217
2009-11-01,DPFe ¹,101.97623618589374
2009-11-01,DPMFi,1389.867600185028
2009-11-01,DPMFi EM PODER DO BANCO CENTRAL,549.1082976422512
2009-11-01,Demais,22.309925200704093
2009-11-01,Demais,0.0
2009-11-01,Demais,0.008767280464504002
2009-11-01,Dívida Contratual,21.89535109976236
2009-11-01,Dívida Mobiliária,80.08088508613137
2009-11-01,Dívida Securitizada,12.068613886664489
2009-11-01,Euro,10.01471933905299
2009-11-01,Global BRL,10.536355463425291
2009-11-01,Global USD,59.30945707416361
2009-11-01,LFT,519.6762779988221
2009-11-01,LFT,230.93364178479214
2009-11-01,LTN,232.5893698019446
2009-11-01,LTN,100.4865717988355
2009-11-01,NTN-B,322.13450229342305
2009-11-01,NTN-B,139.31408504000194
2009-11-01,NTN-C,57.67753111509763
2009-11-01,NTN-D,0.0
2009-11-01,NTN-F,218.76391707544207
2009-11-01,NTN-F,78.36523173815705
2009-11-01,Organismos Multilaterais,18.534123716401435
2009-11-01,Reestruturada ²,0.22035320948947498
2009-11-01,TDA,4.647462812930001
2009-11-01,Tesouro Nacional,1389.867600185028
2009-12-01,Credores Privados/Ag. Gov.,3.2144885627106854
2009-12-01,DPF EM PODER DO PÚBLICO,1497.389878739879
2009-12-01,DPFe ¹,98.97438509203951
2009-12-01,DPMFi,1398.4154936478394
2009-12-01,DPMFi EM PODER DO BANCO CENTRAL,637.8150480406058
2009-12-01,Demais,22.138272649080427
2009-12-01,Demais,0.0
2009-12-01,Demais,0.008819574135198
2009-12-01,Dívida Contratual,20.06970976316088
2009-12-01,Dívida Mobiliária,78.90467532887864
2009-12-01,Dívida Securitizada,12.058107460122589
2009-12-01,Euro,9.382034893989577
2009-12-01,Global BRL,10.634325539518512
2009-12-01,Global USD,58.66804913795378
2009-12-01,LFT,500.2241802490938
2009-12-01,LFT,242.85629074054174
2009-12-01,LTN,247.26951882406493
2009-12-01,LTN,132.1907009523935
2009-12-01,NTN-B,329.99685528778906
2009-12-01,NTN-B,162.04163764171795
2009-12-01,NTN-C,58.006319060506414
2009-12-01,NTN-D,0.0
2009-12-01,NTN-F,224.20611614855247
2009-12-01,NTN-F,100.71759913181748
2009-12-01,Organismos Multilaterais,16.855221200450195
2009-12-01,Reestruturada ²,0.220265757416772
2009-12-01,TDA,4.5161239686300005
2009-12-01,Tesouro Nacional,1398.4154936478394
2010-01-01,Credores Privados/Ag. Gov.,3.578520130834844
2010-01-01,DPF EM PODER DO PÚBLICO,1457.6558784552924
2010-01-01,DPFe ¹,101.9278059165187
2010-01-01,DPMFi,1355.7280725387736
2010-01-01,DPMFi EM PODER DO BANCO CENTRAL,600.7257438841971
2010-01-01,Demais,22.720439688195086
2010-01-01,Demais,0.0
2010-01-01,Demais,0.008859112023504997
2010-01-01,Dívida Contratual,21.541896407072773
2010-01-01,Dívida Mobiliária,80.38590950944592
2010-01-01,Dívida Securitizada,11.944973722502581
2010-01-01,Euro,9.61889140323767
2010-01-01,Global BRL,10.443170559238236
2010-01-01,Global USD,60.08516490313782
2010-01-01,LFT,517.1957890427001
2010-01-01,LFT,244.45978880016037
2010-01-01,LTN,214.56321846530523
2010-01-01,LTN,103.06870087230298
2010-01-01,NTN-B,341.4590640514776
2010-01-01,NTN-B,165.18803436493835
2010-01-01,NTN-C,56.88247828628149
2010-01-01,NTN-D,0.0
2010-01-01,NTN-F,186.49979644905167
2010-01-01,NTN-F,88.00036073477175
2010-01-01,Organismos Multilaterais,17.96337627623793
2010-01-01,Reestruturada ²,0.23868264383218538
2010-01-01,TDA,4.4623128332599995
2010-01-01,Tesouro Nacional,1355.7280725387736
2010-02-01,Credores Privados/Ag. Gov.,3.4504912897095497
2010-02-01,DPF EM PODER DO PÚBLICO,1494.9697679213048
2010-02-01,DPFe ¹,97.30697713001142
2010-02-01,DPMFi,1397.6627907912934
2010-02-01,DPMFi EM PODER DO BANCO CENTRAL,603.7390648146662
2010-02-01,Demais,22.413262253916514
2010-02-01,Demais,0.0
2010-02-01,Demais,0.008898722919670001
2010-02-01,Dívida Contratual,20.7285909493432
2010-02-01,Dívida Mobiliária,76.57838618066822
2010-02-01,Dívida Securitizada,11.89613420771709
2010-02-01,Euro,7.865304664477872
2010-02-01,Global BRL,10.538834838712427
2010-02-01,Global USD,57.94267496740147
2010-02-01,LFT,526.4033287202144
2010-02-01,LFT,245.9119859222906
2010-02-01,LTN,229.2298927921542
2010-02-01,LTN,103.8626688564183
2010-02-01,NTN-B,351.5793790408437
2010-02-01,NTN-B,165.15983732327612
2010-02-01,NTN-C,57.943207022630524
2010-02-01,NTN-D,0.0
2010-02-01,NTN-F,193.7790121059471
2010-02-01,NTN-F,88.79567398976157
2010-02-01,Organismos Multilaterais,17.27809965963365
2010-02-01,Reestruturada ²,0.23157171007643082
2010-02-01,TDA,4.41857464787
2010-02-01,Tesouro Nacional,1397.6627907912934
2010-03-01,Credores Privados/Ag. Gov.,3.302160216159479
2010-03-01,DPF EM PODER DO PÚBLICO,1495.121946490997
2010-03-01,DPFe ¹,94.74009126056924
2010-03-01,DPMFi,1400.3818552304278
2010-03-01,DPMFi EM PODER DO BANCO CENTRAL,665.2762899280892
2010-03-01,Demais,22.22691010309103
2010-03-01,Demais,0.0
2010-03-01,Demais,0.008949937927069
2010-03-01,Dívida Contratual,20.10460672910859
2010-03-01,Dívida Mobiliária,74.63548453146065
2010-03-01,Dívida Securitizada,11.856281502133346
2010-03-01,Euro,7.342124382791515
2010-03-01,Global BRL,10.635386631051578
2010-03-01,Global USD,56.46342701168237
2010-03-01,LFT,500.4578880097217
2010-03-01,LFT,247.7801629198363
2010-03-01,LTN,240.95729800788845
2010-03-01,LTN,120.42887714922108
2010-03-01,NTN-B,361.0800075329452
2010-03-01,NTN-B,191.63456818962766
2010-03-01,NTN-C,58.654853397820816
2010-03-01,NTN-D,0.0
2010-03-01,NTN-F,200.6346121508674
2010-03-01,NTN-F,105.42373173147726
2010-03-01,Organismos Multilaterais,16.80244651294911
2010-03-01,Reestruturada ²,0.1945465059351824
2010-03-01,TDA,4.514004525959999
2010-03-01,Tesouro Nacional,1400.3818552304278
2010-04-01,Credores Privados/Ag. Gov.,3.042902675132396
2010-04-01,DPF EM PODER DO PÚBLICO,1585.0711979822088
2010-04-01,DPFe ¹,92.15817320311187
2010-04-01,DPMFi,1492.913024779097
2010-04-01,DPMFi EM PODER DO BANCO CENTRAL,661.2101468822527
2010-04-01,Demais,21.84045432804797
2010-04-01,Demais,0.0
2010-04-01,Demais,0.0089956734551
2010-04-01,Dívida Contratual,19.245068434164978
2010-04-01,Dívida Mobiliária,72.9131047689469
2010-04-01,Dívida Securitizada,11.305977618406404
2010-04-01,Euro,7.080135048677048
2010-04-01,Global BRL,10.74840170340594
2010-04-01,Global USD,54.89487794922043
2010-04-01,LFT,536.7049375009922
2010-04-01,LFT,249.42747883245997
2010-04-01,LTN,272.0713179392116
2010-04-01,LTN,107.55186002386192
2010-04-01,NTN-B,368.0963105948648
2010-04-01,NTN-B,196.44752555598518
2010-04-01,NTN-C,58.93704243652159
2010-04-01,NTN-D,0.0
2010-04-01,NTN-F,219.51927563301237
2010-04-01,NTN-F,107.77428679649063
2010-04-01,Organismos Multilaterais,16.20216575903258
2010-04-01,Reestruturada ²,0.18969006764346868
2010-04-01,TDA,4.43770872804
2010-04-01,Tesouro Nacional,1492.913024779097
2010-05-01,Credores Privados/Ag. Gov.,3.1914345757338016
2010-05-01,DPF EM PODER DO PÚBLICO,1614.4156433566895
2010-05-01,DPFe ¹,94.85305970780385
2010-05-01,DPMFi,1519.5625836488857
2010-05-01,DPMFi EM PODER DO BANCO CENTRAL,673.4346819303719
2010-05-01,Demais,22.403332603111785
2010-05-01,Demais,0.0
2010-05-01,Demais,0.009042069707542998
2010-05-01,Dívida Contratual,19.84212245517871
2010-05-01,Dívida Mobiliária,75.01093725262514
2010-05-01,Dívida Securitizada,11.29435499362746
2010-05-01,Euro,6.850468315200215
2010-05-01,Global BRL,10.846716267648022
2010-05-01,Global USD,57.11366431947234
2010-05-01,LFT,542.559455902051
2010-05-01,LFT,251.3004083544513
2010-05-01,LTN,282.2212570471182
2010-05-01,LTN,108.52242632161985
2010-05-01,NTN-B,367.40266973527986
2010-05-01,NTN-B,204.75683119942244
2010-05-01,NTN-C,60.10900833579686
2010-05-01,NTN-D,0.0
2010-05-01,NTN-F,229.09065007752073
2010-05-01,NTN-F,108.84597398517077
2010-05-01,Organismos Multilaterais,16.65068787944491
2010-05-01,Reestruturada ²,0.20008835030455982
2010-05-01,TDA,4.48185495438
2010-05-01,Tesouro Nacional,1519.5625836488857
2010-06-01,Credores Privados/Ag. Gov.,3.12440584645503
2010-06-01,DPF EM PODER DO PÚBLICO,1612.4052830184837
2010-06-01,DPFe ¹,95.90406552297368
2010-06-01,DPMFi,1516.50121749551
2010-06-01,DPMFi EM PODER DO BANCO CENTRAL,679.6346395161057
2010-06-01,Demais,22.387835456611064
2010-06-01,Demais,0.0
2010-06-01,Demais,0.009090817540272002
2010-06-01,Dívida Contratual,21.076594219921787
2010-06-01,Dívida Mobiliária,74.8274713030519
2010-06-01,Dívida Securitizada,11.25417295300661
2010-06-01,Euro,6.7065228648772415
2010-06-01,Global BRL,10.945941871358956
2010-06-01,Global USD,56.97561943223459
2010-06-01,LFT,509.0855065637241
2010-06-01,LFT,253.28919016911783
2010-06-01,LTN,299.01553313656467
2010-06-01,LTN,109.50707875805765
2010-06-01,NTN-B,373.4678940656128
2010-06-01,NTN-B,206.84197462509522
2010-06-01,NTN-C,61.100991340017686
2010-06-01,NTN-D,0.0
2010-06-01,NTN-F,235.78146713933285
2010-06-01,NTN-F,109.98730514629487
2010-06-01,Organismos Multilaterais,17.952188373466758
2010-06-01,Reestruturada ²,0.1993871345811084
2010-06-01,TDA,4.40781684064
2010-07-01,Credores Privados/Ag. Gov.,3.0587864785072285
2010-07-01,DPF EM PODER DO PÚBLICO,1601.3754531891461
2010-07-01,DPFe ¹,92.25728242620585
2010-07-01,DPMFi,1509.1181707629403
2010-07-01,DPMFi EM PODER DO BANCO CENTRAL,677.2268511737728
2010-07-01,Demais,22.135560807942902
2010-07-01,Demais,0.0
2010-07-01,Demais,0.009147849449499
2010-07-01,Dívida Contratual,20.562046773662228
2010-07-01,Dívida Mobiliária,71.69523565254362
2010-07-01,Dívida Securitizada,11.322124427798679
2010-07-01,Euro,6.842783261116534
2010-07-01,Global BRL,10.453796079552642
2010-07-01,Global USD,54.20315189161862
2010-07-01,LFT,516.7730550694266
2010-07-01,LFT,259.7804943932062
2010-07-01,LTN,296.01134723323844
2010-07-01,LTN,105.59504662408318
2010-07-01,NTN-B,379.42603966093185
2010-07-01,NTN-B,213.7950338714847
2010-07-01,NTN-C,59.84919156247192
2010-07-01,NTN-D,0.0
2010-07-01,NTN-F,219.05047601047985
2010-07-01,NTN-F,98.04712843554924
2010-07-01,Organismos Multilaterais,17.503260295155
2010-07-01,Reestruturada ²,0.19550442025581105
2010-07-01,TDA,4.55037599065
2010-08-01,Credores Privados/Ag. Gov.,3.06247472973948
2010-08-01,DPF EM PODER DO PÚBLICO,1618.1082569923096
2010-08-01,DPFe ¹,93.5026779235837
2010-08-01,DPMFi,1524.605579068726
2010-08-01,DPMFi EM PODER DO BANCO CENTRAL,668.9643003322121
2010-08-01,Demais,22.34282411239564
2010-08-01,Demais,0.0
2010-08-01,Demais,0.009200169957869
2010-08-01,Dívida Contratual,20.49366023491156
2010-08-01,Dívida Mobiliária,73.00901768867215
2010-08-01,Dívida Securitizada,10.290004261988654
2010-08-01,Euro,6.686951006306089
2010-08-01,Global BRL,10.549383158975731
2010-08-01,Global USD,55.576333231145476
2010-08-01,LFT,523.5886712363852
2010-08-01,LFT,262.08674998977204
2010-08-01,LTN,318.2174752296915
2010-08-01,LTN,108.39817365793645
2010-08-01,NTN-B,353.42519855534437
2010-08-01,NTN-B,197.33107048089332
2010-08-01,NTN-C,60.81037993683242
2010-08-01,NTN-D,0.0
2010-08-01,NTN-F,231.43944940195846
2010-08-01,NTN-F,101.13910603365244
2010-08-01,Organismos Multilaterais,17.431185505172078
2010-08-01,Reestruturada ²,0.19635029224484912
2010-08-01,TDA,4.491576334129999
2010-09-01,Credores Privados/Ag. Gov.,2.922432603427215
2010-09-01,DPF EM PODER DO PÚBLICO,1626.1683445739664
2010-09-01,DPFe ¹,91.76371808113169
2010-09-01,DPMFi,1534.4046264928347
2010-09-01,DPMFi EM PODER DO BANCO CENTRAL,684.8984623458423
2010-09-01,Demais,22.085075690060357
2010-09-01,Demais,0.0
2010-09-01,Demais,0.00019456215278523814
2010-09-01,Dívida Contratual,19.67279988889591
2010-09-01,Dívida Mobiliária,72.09091819223578
2010-09-01,Dívida Securitizada,10.276642369685868
2010-09-01,Euro,6.797101373092762
2010-09-01,Global BRL,10.64585572525061
2010-09-01,Global USD,54.48952337820813
2010-09-01,LFT,502.6097335956962
2010-09-01,LFT,264.29779816352385
2010-09-01,LTN,336.9257642236487
2010-09-01,LTN,109.37226853878074
2010-09-01,NTN-B,357.2359146558016
2010-09-01,NTN-B,198.594057737393
2010-09-01,NTN-C,61.84034558421735
2010-09-01,NTN-D,0.0
2010-09-01,NTN-F,239.01160833554476
2010-09-01,NTN-F,112.63414334399185
2010-09-01,Organismos Multilaterais,16.750367285468695
2010-09-01,Reestruturada ²,0.15843771568427387
2010-09-01,TDA,4.41954203818
2010-10-01,Credores Privados/Ag. Gov.,2.8337338215382992
2010-10-01,DPF EM PODER DO PÚBLICO,1644.9306558413
2010-10-01,DPFe ¹,92.2090953629073
2010-10-01,DPMFi,1552.7215604783928
2010-10-01,DPMFi EM PODER DO BANCO CENTRAL,691.0739980421112
2010-10-01,Demais,22.016309492758317
2010-10-01,Demais,0.0
2010-10-01,Demais,0.00019556823315399998
2010-10-01,Dívida Contratual,19.59961275996783
2010-10-01,Dívida Mobiliária,72.60948260293948
2010-10-01,Dívida Securitizada,10.624106863439254
2010-10-01,Euro,7.012329564318268
2010-10-01,Global BRL,12.031289355979272
2010-10-01,Global USD,53.405933208119315
2010-10-01,LFT,517.4400758668132
2010-10-01,LFT,266.43035068816494
2010-10-01,LTN,323.7207477206092
2010-10-01,LTN,110.30742774312083
2010-10-01,NTN-B,365.71496902080094
2010-10-01,NTN-B,200.61068981337016
2010-10-01,NTN-C,62.29115854099554
2010-10-01,NTN-D,0.0
2010-10-01,NTN-F,246.59037540757603
2010-10-01,NTN-F,113.72533422922207
2010-10-01,Organismos Multilaterais,16.76587893842953
2010-10-01,Reestruturada ²,0.15993047452262285
2010-10-01,TDA,4.323817565400001
2010-11-01,Credores Privados/Ag. Gov.,2.7975251208508114
2010-11-01,DPF EM PODER DO PÚBLICO,1666.3517827704811
2010-11-01,DPFe ¹,91.42942725113403
2010-11-01,DPMFi,1574.922355519347
2010-11-01,DPMFi EM PODER DO BANCO CENTRAL,694.817211812971
2010-11-01,Demais,22.202366936454077
2010-11-01,Demais,0.0
2010-11-01,Demais,0.000196500603466
2010-11-01,Dívida Contratual,19.40564282844607
2010-11-01,Dívida Mobiliária,72.02378442268797
2010-11-01,Dívida Securitizada,9.434191283188838
2010-11-01,Euro,6.643096330131607
2010-11-01,Global BRL,12.13871478678658
2010-11-01,Global USD,53.07988728519828
2010-11-01,LFT,521.000658112807
2010-11-01,LFT,268.58010492916384
2010-11-01,LTN,338.4513193710479
2010-11-01,LTN,111.2490208739068
2010-11-01,NTN-B,366.00762917758396
2010-11-01,NTN-B,200.19581491123066
2010-11-01,NTN-C,63.669669547193095
2010-11-01,NTN-D,0.0
2010-11-01,NTN-F,249.91455606564227
2010-11-01,NTN-F,114.79207459806628
2010-11-01,Organismos Multilaterais,16.60811770759526
2010-11-01,Reestruturada ²,0.1620860205714902
2010-11-01,TDA,4.241965025430001
2010-12-01,Credores Privados/Ag. Gov.,3.832659884634275
2010-12-01,DPF EM PODER DO PÚBLICO,1694.036742908458
2010-12-01,DPFe ¹,90.09669746861694
2010-12-01,DPMFi,1603.9400454398412
2010-12-01,DPMFi EM PODER DO BANCO CENTRAL,703.2029516682338
2010-12-01,Demais,21.935829455105072
2010-12-01,Demais,0.0
2010-12-01,Demais,0.000197815539065
2010-12-01,Dívida Contratual,20.702988222245562
2010-12-01,Dívida Mobiliária,69.39370924637137
2010-12-01,Dívida Securitizada,9.096269636094702
2010-12-01,Euro,6.6338858883538485
2010-12-01,Global BRL,12.247115483242855
2010-12-01,Global USD,50.35455763979315
2010-12-01,LFT,521.7053293055355
2010-12-01,LFT,271.0740780614741
2010-12-01,LTN,354.73135433296363
2010-12-01,LTN,112.34094282471213
2010-12-01,NTN-B,374.0557566912733
2010-12-01,NTN-B,203.76678485896787
2010-12-01,NTN-C,64.66747212046144
2010-12-01,NTN-D,0.0
2010-12-01,NTN-F,253.62322995795736
2010-12-01,NTN-F,116.02094810754066
2010-12-01,Organismos Multilaterais,16.870328337611287
2010-12-01,Reestruturada ²,0.1581502349815202
2010-12-01,TDA,4.1248039404500005
2011-01-01,Credores Privados/Ag. Gov.,3.5848894556529176
2011-01-01,DPF EM PODER DO PÚBLICO,1628.9946234377014
2011-01-01,DPFe ¹,86.49186006966121
2011-01-01,DPMFi,1542.5027633680402
2011-01-01,DPMFi EM PODER DO BANCO CENTRAL,698.9625425343069
2011-01-01,Demais,22.158495246813814
2011-01-01,Demais,0.0
2011-01-01,Demais,0.000198874413225
2011-01-01,Dívida Contratual,20.433397327958865
2011-01-01,Dívida Mobiliária,66.05846274170236
2011-01-01,Dívida Securitizada,8.98065608878184
2011-01-01,Euro,4.7347454529907855
2011-01-01,Global BRL,11.491789183604691
2011-01-01,Global USD,49.672294287786855
2011-01-01,LFT,533.0374073919116
2011-01-01,LFT,273.41091501576136
2011-01-01,LTN,291.5432801820526
2011-01-01,LTN,108.57328332942735
2011-01-01,NTN-B,382.8803260002872
2011-01-01,NTN-B,216.42840913574685
2011-01-01,NTN-C,63.73356407800872
2011-01-01,NTN-D,0.0
2011-01-01,NTN-F,236.14183070819442
2011-01-01,NTN-F,100.54973617895811
2011-01-01,Organismos Multilaterais,16.848507872305948
2011-01-01,Reestruturada ²,0.15963381732002174
2011-01-01,TDA,4.027203671989992
2011-02-01,Credores Privados/Ag. Gov.,3.5549999528497613
2011-02-01,DPF EM PODER DO PÚBLICO,1671.78475753284
2011-02-01,DPFe ¹,85.78877078057926
2011-02-01,DPMFi,1585.995986752261
2011-02-01,DPMFi EM PODER DO BANCO CENTRAL,704.5004012833783
2011-02-01,Demais,22.191986632118713
2011-02-01,Demais,0.0
2011-02-01,Demais,0.000199959227541
2011-02-01,Dívida Contratual,20.099760197387056
2011-02-01,Dívida Mobiliária,65.6890105831922
2011-02-01,Dívida Securitizada,8.947766792010318
2011-02-01,Euro,4.6367564533302135
2011-02-01,Global BRL,11.597175852924789
2011-02-01,Global USD,49.295872271053035
2011-02-01,LFT,543.9765066830872
2011-02-01,LFT,275.71759784183706
2011-02-01,LTN,309.2954285318173
2011-02-01,LTN,111.369323447249
2011-02-01,NTN-B,391.34568725739535
2011-02-01,NTN-B,215.92025614509495
2011-02-01,NTN-C,64.8429112321335
2011-02-01,NTN-D,0.0
2011-02-01,NTN-F,241.4095689666885
2011-02-01,NTN-F,101.49302388996978
2011-02-01,Organismos Multilaterais,16.544760244537294
2011-02-01,Reestruturada ²,0.15920600588415995
2011-02-01,TDA,3.9861306570100026
2011-03-01,Credores Privados/Ag. Gov.,3.4695628999201
2011-03-01,DPF EM PODER DO PÚBLICO,1695.0476696705819
2011-03-01,DPFe ¹,83.53481981510517
2011-03-01,DPMFi,1611.5128498554766
2011-03-01,DPMFi EM PODER DO BANCO CENTRAL,706.3650700165081
2011-03-01,Demais,22.03456008805827
2011-03-01,Demais,0.0
2011-03-01,Demais,0.000201050726847
2011-03-01,Dívida Contratual,19.553260476248635
2011-03-01,Dívida Mobiliária,63.981559338856535
2011-03-01,Dívida Securitizada,8.986928731908163
2011-03-01,Euro,4.569632652769347
2011-03-01,Global BRL,11.703546341543454
2011-03-01,Global USD,47.58195099438976
2011-03-01,LFT,535.0401708698869
2011-03-01,LFT,251.00270168973591
2011-03-01,LTN,328.8849302270109
2011-03-01,LTN,129.8466838312118
2011-03-01,NTN-B,406.5502942838871
2011-03-01,NTN-B,221.26080059103052
2011-03-01,NTN-C,60.95290945595551
2011-03-01,NTN-D,0.0
2011-03-01,NTN-F,245.16383030119974
2011-03-01,NTN-F,104.25468285380289
2011-03-01,Organismos Multilaterais,16.083697576328536
2011-03-01,Reestruturada ²,0.12642935015397636
2011-03-01,TDA,3.8992258975700023
2011-04-01,Credores Privados/Ag. Gov.,3.503034800124857
2011-04-01,DPF EM PODER DO PÚBLICO,1734.6793945454265
2011-04-01,DPFe ¹,81.60084105902455
2011-04-01,DPMFi,1653.078553486402
2011-04-01,DPMFi EM PODER DO BANCO CENTRAL,718.8420907037703
2011-04-01,Demais,20.980506299036183
2011-04-01,Demais,0.0
2011-04-01,Demais,0.00020221916806700002
2011-04-01,Dívida Contratual,18.98821553021289
2011-04-01,Dívida Mobiliária,62.612625528811655
2011-04-01,Dívida Securitizada,9.030750667436948
2011-04-01,Euro,4.638891996683555
2011-04-01,Global BRL,11.810912614236399
2011-04-01,Global USD,46.04008889584413
2011-04-01,LFT,544.1868996481829
2011-04-01,LFT,253.11074291983724
2011-04-01,LTN,341.5102891891923
2011-04-01,LTN,136.42969991804043
2011-04-01,NTN-B,421.9608742030647
2011-04-01,NTN-B,224.12682411017877
2011-04-01,NTN-C,60.98643495945912
2011-04-01,NTN-D,0.0
2011-04-01,NTN-F,250.5712353705596
2011-04-01,NTN-F,105.1746215365458
2011-04-01,Organismos Multilaterais,15.485180730088034
2011-04-01,Reestruturada ²,0.12273202204757173
2011-04-01,TDA,3.851563149469998
2011-05-01,Credores Privados/Ag. Gov.,3.571111580960735
2011-05-01,DPF EM PODER DO PÚBLICO,1746.2876570812766
2011-05-01,DPFe ¹,81.07577126545104
2011-05-01,DPMFi,1665.2118858158256
2011-05-01,DPMFi EM PODER DO BANCO CENTRAL,717.204208762425
2011-05-01,Demais,21.05952602635664
2011-05-01,Demais,0.0
2011-05-01,Demais,0.00020336736933000002
2011-05-01,Dívida Contratual,18.964472794390655
2011-05-01,Dívida Mobiliária,62.11129847106038
2011-05-01,Dívida Securitizada,9.673789340823228
2011-05-01,Euro,4.108093725270151
2011-05-01,Global BRL,11.919284160821883
2011-05-01,Global USD,45.96004469112756
2011-05-01,LFT,553.8087372898766
2011-05-01,LFT,255.6105443228928
2011-05-01,LTN,368.3531849999066
2011-05-01,LTN,142.8641744112148
2011-05-01,NTN-B,391.7403737500144
2011-05-01,NTN-B,212.46336688868013
2011-05-01,NTN-C,61.7586357865928
2011-05-01,NTN-D,0.0
2011-05-01,NTN-F,254.94419578442518
2011-05-01,NTN-F,106.26591977226809
2011-05-01,Organismos Multilaterais,15.393361213429921
2011-05-01,Reestruturada ²,0.1238758938407895
2011-05-01,TDA,3.8734428378300025
2011-06-01,Credores Privados/Ag. Gov.,3.841286791766226
2011-06-01,DPF EM PODER DO PÚBLICO,1805.433913044641
2011-06-01,DPFe ¹,75.97267634249876
2011-06-01,DPMFi,1729.4612367021423
2011-06-01,DPMFi EM PODER DO BANCO CENTRAL,713.6455816701537
2011-06-01,Demais,20.75637277109685
2011-06-01,Demais,0.0
2011-06-01,Demais,0.000204637221727
2011-06-01,Dívida Contratual,14.106105536176415
2011-06-01,Dívida Mobiliária,61.86657080632234
2011-06-01,Dívida Securitizada,9.06344759816742
2011-06-01,Euro,4.044207073570027
2011-06-01,Global BRL,12.028670562927552
2011-06-01,Global USD,45.670686839215556
2011-06-01,LFT,544.9476917192501
2011-06-01,LFT,243.08152039074665
2011-06-01,LTN,416.1062566419078
2011-06-01,LTN,144.2518363373861
2011-06-01,NTN-B,412.3260038934078
2011-06-01,NTN-B,218.98918185646937
2011-06-01,NTN-C,62.1343432772129
2011-06-01,NTN-D,0.0
2011-06-01,NTN-F,260.18819445831963
2011-06-01,NTN-F,107.32283844832979
2011-06-01,Organismos Multilaterais,10.264818744410189
2011-06-01,Reestruturada ²,0.1230063306092086
2011-06-01,TDA,3.938926342780007
2011-07-01,Credores Privados/Ag. Gov.,3.8687186493996215
2011-07-01,DPF EM PODER DO PÚBLICO,1734.4460982277615
2011-07-01,DPFe ¹,74.63903171946568
2011-07-01,DPMFi,1659.8070665082957
2011-07-01,DPMFi EM PODER DO BANCO CENTRAL,701.1725617624766
2011-07-01,Demais,20.03615708482345
2011-07-01,Demais,0.0
2011-07-01,Demais,0.000205888199107
2011-07-01,Dívida Contratual,14.035553580382878
2011-07-01,Dívida Mobiliária,60.6034781390828
2011-07-01,Dívida Securitizada,9.032801194691878
2011-07-01,Euro,3.9661011749203405
2011-07-01,Global BRL,11.490194558658938
2011-07-01,Global USD,45.02392843674658
2011-07-01,LFT,552.533950917625
2011-07-01,LFT,245.43343083706142
2011-07-01,LTN,333.9172191711052
2011-07-01,LTN,127.84270946063951
2011-07-01,NTN-B,427.0189238534904
2011-07-01,NTN-B,220.45483495421075
2011-07-01,NTN-C,60.54712172482109
2011-07-01,NTN-D,0.0
2011-07-01,NTN-F,252.7592489310987
2011-07-01,NTN-F,107.44138062236577
2011-07-01,Organismos Multilaterais,10.166834930983256
2011-07-01,Reestruturada ²,0.12325396875695174
2011-07-01,TDA,3.961643630640007
2011-08-01,Credores Privados/Ag. Gov.,4.039048129041408
2011-08-01,DPF EM PODER DO PÚBLICO,1768.3920413496508
2011-08-01,DPFe ¹,75.434529127549
2011-08-01,DPMFi,1692.9575122221017
2011-08-01,DPMFi EM PODER DO BANCO CENTRAL,711.3188779025675
2011-08-01,Demais,20.166198753976367
2011-08-01,Demais,0.0
2011-08-01,Demais,0.000207269680006
2011-08-01,Dívida Contratual,14.40970902461235
2011-08-01,Dívida Mobiliária,61.024820102936644
2011-08-01,Dívida Securitizada,10.08641241668447
2011-08-01,Euro,4.077192079028584
2011-08-01,Global BRL,11.5955755996777
2011-08-01,Global USD,45.22570973837393
2011-08-01,LFT,560.4373139276566
2011-08-01,LFT,248.06861132692697
2011-08-01,LTN,347.77503562895515
2011-08-01,LTN,133.12542307814797
2011-08-01,NTN-B,432.7930532888831
2011-08-01,NTN-B,218.36390771040138
2011-08-01,NTN-C,61.341703990438276
2011-08-01,NTN-F,256.3281747978476
2011-08-01,NTN-F,111.76072851741118
2011-08-01,Organismos Multilaterais,10.370660895570943
2011-08-01,Reestruturada ²,0.12634268585643146
2011-08-01,TDA,4.029619417660009
2011-09-01,Credores Privados/Ag. Gov.,4.573185621275279
2011-09-01,DPF EM PODER DO PÚBLICO,1808.739621918511
2011-09-01,DPFe ¹,84.82131921731768
2011-09-01,DPMFi,1723.9183027011932
2011-09-01,DPMFi EM PODER DO BANCO CENTRAL,723.1908226844882
2011-09-01,Demais,21.6751354849506
2011-09-01,Demais,0.0
2011-09-01,Demais,0.00020875912679200003
2011-09-01,Dívida Contratual,16.620087367272287
2011-09-01,Dívida Mobiliária,68.20123185004539
2011-09-01,Dívida Securitizada,8.982465898895484
2011-09-01,Euro,4.236114188327068
2011-09-01,Global BRL,11.701943091863104
2011-09-01,Global USD,52.148033097774565
2011-09-01,LFT,560.6108795247613
2011-09-01,LFT,250.4039677283382
2011-09-01,LTN,365.59342234746947
2011-09-01,LTN,139.43585353733278
2011-09-01,NTN-B,441.2753449137668
2011-09-01,NTN-B,220.46749904430894
2011-09-01,NTN-C,61.66780994994935
2011-09-01,NTN-F,260.1775697434
2011-09-01,NTN-F,112.88329361538158
2011-09-01,Organismos Multilaterais,12.046901745997008
2011-09-01,Reestruturada ²,0.11514147208064504
2011-09-01,TDA,3.9356748380000006
2011-10-01,Credores Privados/Ag. Gov.,4.125010295356884
2011-10-01,DPF EM PODER DO PÚBLICO,1806.5619197988137
2011-10-01,DPFe ¹,73.9371195643678
2011-10-01,DPMFi,1732.624800234446
2011-10-01,DPMFi EM PODER DO BANCO CENTRAL,739.45563516453
2011-10-01,Demais,20.65165623878517
2011-10-01,Demais,0.0
2011-10-01,Demais,0.00020980184588400002
2011-10-01,Dívida Contratual,10.437140436591328
2011-10-01,Dívida Mobiliária,63.49997912777647
2011-10-01,Dívida Securitizada,9.009791964217914
2011-10-01,Euro,4.0382378696460615
2011-10-01,Global BRL,11.809306435494896
2011-10-01,Global USD,47.54705916953725
2011-10-01,LFT,565.1600518086219
2011-10-01,LFT,252.61159452596786
2011-10-01,LTN,357.67592430726944
2011-10-01,LTN,128.2855044196499
2011-10-01,NTN-B,451.14635769938053
2011-10-01,NTN-B,244.6016737532733
2011-10-01,NTN-C,61.63223641407877
2011-10-01,NTN-F,263.37261501449234
2011-10-01,NTN-F,113.95665266379298
2011-10-01,Organismos Multilaterais,6.312130141234443
2011-10-01,Reestruturada ²,0.10537565309826137
2011-10-01,TDA,3.9761667875999955
2011-11-01,Credores Privados/Ag. Gov.,4.815150559619342
2011-11-01,DPF EM PODER DO PÚBLICO,1833.5385512056298
2011-11-01,DPFe ¹,80.9251635666007
2011-11-01,DPMFi,1752.613387639029
2011-11-01,DPMFi EM PODER DO BANCO CENTRAL,749.061113289694
2011-11-01,Demais,21.364803373062585
2011-11-01,Demais,0.0
2011-11-01,Demais,0.00021099514777800002
2011-11-01,Dívida Contratual,11.541573311826316
2011-11-01,Dívida Mobiliária,69.38359025477439
2011-11-01,Dívida Securitizada,8.989641379533893
2011-11-01,Euro,4.198398686099778
2011-11-01,Global BRL,11.917675121794739
2011-11-01,Global USD,53.15394393778314
2011-11-01,LFT,564.7285811170964
2011-11-01,LFT,254.78443056439062
2011-11-01,LTN,380.99378044152786
2011-11-01,LTN,134.44792982127996
2011-11-01,NTN-B,443.6059500497273
2011-11-01,NTN-B,244.781359734145
2011-11-01,NTN-C,62.14391250778272
2011-11-01,NTN-F,266.9266511218982
2011-11-01,NTN-F,115.04718217473066
2011-11-01,Organismos Multilaterais,6.7264227522069735
2011-11-01,Reestruturada ²,0.11357250909672954
2011-11-01,TDA,3.860067648399992
2011-12-01,Credores Privados/Ag. Gov.,4.657110546130988
2011-12-01,DPF EM PODER DO PÚBLICO,1866.353261995475
2011-12-01,DPFe ¹,83.29262631613835
2011-12-01,DPMFi,1783.0606356793364
2011-12-01,DPMFi EM PODER DO BANCO CENTRAL,751.8371699273379
2011-12-01,Demais,22.068721156302743
2011-12-01,Demais,0.0
2011-12-01,Demais,0.00021229103874100002
2011-12-01,Dívida Contratual,11.570092914591546
2011-12-01,Dívida Mobiliária,71.72253340154681
2011-12-01,Dívida Securitizada,9.718619323302718
2011-12-01,Euro,4.214515228918605
2011-12-01,Global BRL,12.027058733823884
2011-12-01,Global USD,55.36271624854571
2011-12-01,LFT,548.6640604506334
2011-12-01,LFT,226.9601027302104
2011-12-01,LTN,402.37602424523016
2011-12-01,LTN,148.8767710764493
2011-12-01,NTN-B,453.5288125254348
2011-12-01,NTN-B,259.6108896987582
2011-12-01,NTN-C,62.443065665357125
2011-12-01,NTN-F,280.2531148178958
2011-12-01,NTN-F,116.38919413088117
2011-12-01,Organismos Multilaterais,6.9129823684605585
2011-12-01,Reestruturada ²,0.11824319025861521
2011-12-01,TDA,4.008217495180013
2012-01-01,Credores Privados/Ag. Gov.,4.186113434741568
2012-01-01,DPF EM PODER DO PÚBLICO,1801.1146486982618
2012-01-01,DPFe ¹,76.79418168146805
2012-01-01,DPMFi,1724.3204670167938
2012-01-01,DPMFi EM PODER DO BANCO CENTRAL,791.3401360248477
2012-01-01,Demais,21.116461386955194
2012-01-01,Demais,0.0
2012-01-01,Demais,0.000213584938635
2012-01-01,Dívida Contratual,10.582607625090798
2012-01-01,Dívida Mobiliária,66.21157405637724
2012-01-01,Dívida Securitizada,9.55730801987552
2012-01-01,Euro,3.9840476623056316
2012-01-01,Global BRL,11.488580011138197
2012-01-01,Global USD,50.62876073809649
2012-01-01,LFT,556.0269654565401
2012-01-01,LFT,228.98142071246448
2012-01-01,LTN,426.5798545697428
2012-01-01,LTN,184.21888835696015
2012-01-01,NTN-B,466.2631431389669
2012-01-01,NTN-B,262.51748728097715
2012-01-01,NTN-C,60.893737065538794
2012-01-01,NTN-F,179.92965922146436
2012-01-01,NTN-F,115.6221260895072
2012-01-01,Organismos Multilaterais,6.396494190349231
2012-01-01,Reestruturada ²,0.11018564483693724
2012-01-01,TDA,3.9533381577100055
2012-02-01,Credores Privados/Ag. Gov.,4.11155878162818
2012-02-01,DPF EM PODER DO PÚBLICO,1836.0377759238681
2012-02-01,DPFe ¹,75.8512085239491
2012-02-01,DPMFi,1760.186567399919
2012-02-01,DPMFi EM PODER DO BANCO CENTRAL,854.291849164358
2012-02-01,Demais,20.834038488304348
2012-02-01,Demais,0.0
2012-02-01,Demais,0.000214555752224
2012-02-01,Dívida Contratual,10.4136429421247
2012-02-01,Dívida Mobiliária,65.4375655818244
2012-02-01,Dívida Securitizada,9.562495114104964
2012-02-01,Euro,3.9270172674011947
2012-02-01,Global BRL,11.593958406879347
2012-02-01,Global USD,49.807781722494596
2012-02-01,LFT,497.75038783570614
2012-02-01,LFT,230.69515956634874
2012-02-01,LTN,470.8729351886551
2012-02-01,LTN,200.20614035507054
2012-02-01,NTN-B,503.1079056815788
2012-02-01,NTN-B,306.5806370129561
2012-02-01,NTN-C,61.103071769156685
2012-02-01,NTN-F,193.0414849474832
2012-02-01,NTN-F,116.80969767423035
2012-02-01,Organismos Multilaterais,6.30208416049652
2012-02-01,Reestruturada ²,0.10880818504926096
2012-02-01,TDA,3.914248374929999
2012-03-01,Credores Privados/Ag. Gov.,4.383593289069959
2012-03-01,DPF EM PODER DO PÚBLICO,1855.933781624283
2012-03-01,DPFe ¹,80.03256356911007
2012-03-01,DPMFi,1775.9012180551729
2012-03-01,DPMFi EM PODER DO BANCO CENTRAL,807.5702621262487
2012-03-01,Demais,21.432712012506336
2012-03-01,Demais,0.0
2012-03-01,Demais,0.000215864762854
2012-03-01,Dívida Contratual,11.022223823255217
2012-03-01,Dívida Mobiliária,69.01033974585485
2012-03-01,Dívida Securitizada,9.642655048818504
2012-03-01,Euro,4.202195387200744
2012-03-01,Global BRL,11.700399198304341
2012-03-01,Global USD,53.022879173546656
2012-03-01,LFT,475.49633283465005
2012-03-01,LFT,177.3561485900748
2012-03-01,LTN,491.03023933758533
2012-03-01,LTN,202.30281376166204
2012-03-01,NTN-B,514.4586147926736
2012-03-01,NTN-B,309.92016444854715
2012-03-01,NTN-C,61.848203421793556
2012-03-01,NTN-F,198.19045566170558
2012-03-01,NTN-F,117.9909194612019
2012-03-01,Organismos Multilaterais,6.638630534185258
2012-03-01,Reestruturada ²,0.08486598680310646
2012-03-01,TDA,3.802004945439989
2012-04-01,Credores Privados/Ag. Gov.,4.42201979941047
2012-04-01,DPF EM PODER DO PÚBLICO,1880.4412985159627
2012-04-01,DPFe ¹,85.7331672629371
2012-04-01,DPMFi,1794.7081312530256
2012-04-01,DPMFi EM PODER DO BANCO CENTRAL,842.8983336352123
2012-04-01,Demais,21.782337721356733
2012-04-01,Demais,0.0
2012-04-01,Demais,0.00021698380695900002
2012-04-01,Dívida Contratual,11.23215932480537
2012-04-01,Dívida Mobiliária,74.50100793813174
2012-04-01,Dívida Securitizada,9.601874448207397
2012-04-01,Euro,4.356611594600436
2012-04-01,Global BRL,14.937591365273263
2012-04-01,Global USD,55.11825749623033
2012-04-01,LFT,477.9001542175135
2012-04-01,LFT,178.61796590868155
2012-04-01,LTN,489.53883260898033
2012-04-01,LTN,217.4402950286731
2012-04-01,NTN-B,527.4595302156695
2012-04-01,NTN-B,312.4271762831106
2012-04-01,NTN-C,62.153702372966045
2012-04-01,NTN-F,202.3777242333723
2012-04-01,NTN-F,134.41267943094024
2012-04-01,Organismos Multilaterais,6.810139525394899
2012-04-01,Reestruturada ²,0.08854748202771034
2012-04-01,TDA,3.893975434959997
2012-05-01,Credores Privados/Ag. Gov.,4.8538920607317
2012-05-01,DPF EM PODER DO PÚBLICO,1922.026882953736
2012-05-01,DPFe ¹,88.906626689177
2012-05-01,DPMFi,1833.120256264559
2012-05-01,DPMFi EM PODER DO BANCO CENTRAL,848.7949463549578
2012-05-01,Demais,22.66735484445746
2012-05-01,Demais,0.0
2012-05-01,Demais,0.00021815557568299998
2012-05-01,Dívida Contratual,12.145007307017025
2012-05-01,Dívida Mobiliária,76.76161938215998
2012-05-01,Dívida Securitizada,9.561907728446188
2012-05-01,Euro,4.382768671399219
2012-05-01,Global BRL,13.6715642877722
2012-05-01,Global USD,58.612147674967716
2012-05-01,LFT,482.1710395705109
2012-05-01,LFT,179.94735893868142
2012-05-01,LTN,512.0758105591328
2012-05-01,LTN,219.7188855063952
2012-05-01,NTN-B,532.3332368456986
2012-05-01,NTN-B,313.27885841557827
2012-05-01,NTN-C,63.310975368836466
2012-05-01,NTN-F,207.1751581412466
2012-05-01,NTN-F,135.84962533872726
2012-05-01,Organismos Multilaterais,7.291115246285325
2012-05-01,Reestruturada ²,0.09513874802084066
2012-05-01,TDA,3.8247732062300077
2012-06-01,Credores Privados/Ag. Gov.,4.638810982951828
2012-06-01,DPF EM PODER DO PÚBLICO,1970.7016178956253
2012-06-01,DPFe ¹,89.04962961892261
2012-06-01,DPMFi,1881.6519882767027
2012-06-01,DPMFi EM PODER DO BANCO CENTRAL,857.6579708122068
2012-06-01,Demais,22.75775227124193
2012-06-01,Demais,0.0
2012-06-01,Demais,0.00021918859779000003
2012-06-01,Dívida Contratual,11.85645816945669
2012-06-01,Dívida Mobiliária,77.19317144946592
2012-06-01,Dívida Securitizada,9.517703284480948
2012-06-01,Euro,4.414774372291775
2012-06-01,Global BRL,13.78886556419454
2012-06-01,Global USD,58.89397018780259
2012-06-01,LFT,447.4038931442996
2012-06-01,LFT,181.1009773878959
2012-06-01,LTN,541.6234579494275
2012-06-01,LTN,221.99419131016978
2012-06-01,NTN-B,570.3050312826927
2012-06-01,NTN-B,317.06264136622997
2012-06-01,NTN-C,64.21060992981312
2012-06-01,NTN-F,222.04694005441684
2012-06-01,NTN-F,137.49994155931336
2012-06-01,Organismos Multilaterais,7.217647186504863
2012-06-01,Reestruturada ²,0.0955613251770112
2012-06-01,TDA,3.786600360330003
2012-07-01,Credores Privados/Ag. Gov.,4.846235845046106
2012-07-01,DPF EM PODER DO PÚBLICO,1876.8124479865323
2012-07-01,DPFe ¹,88.41184185972864
2012-07-01,DPMFi,1788.4006061268037
2012-07-01,DPMFi EM PODER DO BANCO CENTRAL,841.195207966397
2012-07-01,Demais,23.09874724716103
2012-07-01,Demais,0.0
2012-07-01,Demais,0.00022032740658
2012-07-01,Dívida Contratual,12.198976785613857
2012-07-01,Dívida Mobiliária,76.21286507411479
2012-07-01,Dívida Securitizada,9.482430201241595
2012-07-01,Euro,4.382031565835531
2012-07-01,Global BRL,13.291431159391461
2012-07-01,Global USD,58.44199428339463
2012-07-01,LFT,448.27028568474464
2012-07-01,LFT,182.33157147203877
2012-07-01,LTN,443.43945404124844
2012-07-01,LTN,207.47341345918107
2012-07-01,NTN-B,580.6406680515082
2012-07-01,NTN-B,319.2518983158279
2012-07-01,NTN-C,63.5172378066976
2012-07-01,NTN-F,216.2243669857722
2012-07-01,NTN-F,132.1381043919426
2012-07-01,Organismos Multilaterais,7.352740940567751
2012-07-01,Reestruturada ²,0.09740806549316351
2012-07-01,TDA,3.72741610842999
2012-08-01,Credores Privados/Ag. Gov.,4.9248254261232844
2012-08-01,DPF EM PODER DO PÚBLICO,1867.3046492126944
2012-08-01,DPFe ¹,88.42785594632639
2012-08-01,DPMFi,1778.876793266368
2012-08-01,DPMFi EM PODER DO BANCO CENTRAL,858.5270096137076
2012-08-01,Demais,22.391086082038576
2012-08-01,Demais,0.0
2012-08-01,Demais,0.000221521581994
2012-08-01,Dívida Contratual,12.301290122563772
2012-08-01,Dívida Mobiliária,76.12656582376262
2012-08-01,Dívida Securitizada,8.364519406775768
2012-08-01,Euro,4.4781077123428155
2012-08-01,Global BRL,13.405248312874042
2012-08-01,Global USD,58.14591115945869
2012-08-01,LFT,449.05130931352176
2012-08-01,LFT,183.59208800904003
2012-08-01,LTN,464.6475802565523
2012-08-01,LTN,239.37578989655978
2012-08-01,NTN-B,546.0438003913468
2012-08-01,NTN-B,302.0036797494909
2012-08-01,NTN-C,64.98405001596545
2012-08-01,NTN-F,219.73780164406722
2012-08-01,NTN-F,133.55523043703482
2012-08-01,Organismos Multilaterais,7.376464696440488
2012-08-01,Reestruturada ²,0.09729863908707027
2012-08-01,TDA,3.6566461561000008
2012-09-01,Credores Privados/Ag. Gov.,5.018898693038802
2012-09-01,DPF EM PODER DO PÚBLICO,1904.956831864781
2012-09-01,DPFe ¹,88.93094811198762
2012-09-01,DPMFi,1816.0258837527933
2012-09-01,DPMFi EM PODER DO BANCO CENTRAL,866.5069013468253
2012-09-01,Demais,22.605716972026784
2012-09-01,Demais,0.0
2012-09-01,Demais,0.000222500274217
2012-09-01,Dívida Contratual,12.327922781876417
2012-09-01,Dívida Mobiliária,76.6030253301112
2012-09-01,Dívida Securitizada,8.326964802911897
2012-09-01,Euro,2.2233402799576387
2012-09-01,Global BRL,13.520067801408928
2012-09-01,Global USD,60.79657574831547
2012-09-01,LFT,422.43029650931663
2012-09-01,LFT,184.63448552856826
2012-09-01,LTN,500.37063506433753
2012-09-01,LTN,241.5741279794894
2012-09-01,NTN-B,568.0335356610613
2012-09-01,NTN-B,305.475099942851
2012-09-01,NTN-C,66.0824993202099
2012-09-01,NTN-F,224.5972561862893
2012-09-01,NTN-F,134.82296539564257
2012-09-01,Organismos Multilaterais,7.3090240888376155
2012-09-01,Reestruturada ²,0.06304150042916665
2012-09-01,TDA,3.578979236640001
2012-10-01,Credores Privados/Ag. Gov.,5.126043363621506
2012-10-01,DPF EM PODER DO PÚBLICO,1943.84463585693
2012-10-01,DPFe ¹,89.27838214366163
2012-10-01,DPMFi,1854.5662537132682
2012-10-01,DPMFi EM PODER DO BANCO CENTRAL,863.5812006946475
2012-10-01,Demais,22.352448755181094
2012-10-01,Demais,0.0
2012-10-01,Demais,0.000223638112497
2012-10-01,Dívida Contratual,12.432002750187282
2012-10-01,Dívida Mobiliária,76.84637939347435
2012-10-01,Dívida Securitizada,8.285544494136296
2012-10-01,Euro,2.258813555882323
2012-10-01,Global BRL,13.635898625646727
2012-10-01,Global USD,60.88828212605853
2012-10-01,LFT,434.77083924727015
2012-10-01,LFT,185.76238309072562
2012-10-01,LTN,506.5963378912604
2012-10-01,LTN,232.23676606317105
2012-10-01,NTN-B,580.093713911966
2012-10-01,NTN-B,309.1335099448039
2012-10-01,NTN-C,65.85826533410633
2012-10-01,NTN-F,233.00631591194232
2012-10-01,NTN-F,136.44831795783443
2012-10-01,Organismos Multilaterais,7.3059593865657755
2012-10-01,Reestruturada ²,0.06338508588677326
2012-10-01,TDA,3.60278816740562
2012-11-01,Credores Privados/Ag. Gov.,5.61273034204838
2012-11-01,DPF EM PODER DO PÚBLICO,1965.217350350066
2012-11-01,DPFe ¹,92.99051250322863
2012-11-01,DPMFi,1872.2268378468373
2012-11-01,DPMFi EM PODER DO BANCO CENTRAL,886.3699029814538
2012-11-01,Demais,22.891545562069016
2012-11-01,Demais,0.0
2012-11-01,Demais,0.00022467988783599999
2012-11-01,Dívida Contratual,13.1714241288142
2012-11-01,Dívida Mobiliária,79.81908837441443
2012-11-01,Dívida Securitizada,8.257675915939565
2012-11-01,Euro,2.3504375911484714
2012-11-01,Global BRL,13.752736995320122
2012-11-01,Global USD,63.649830505378304
2012-11-01,LFT,422.37358566482135
2012-11-01,LFT,186.72696748545314
2012-11-01,LTN,526.7763739743192
2012-11-01,LTN,249.4336847694641
2012-11-01,NTN-B,585.2795360230077
2012-11-01,NTN-B,312.4622373490114
2012-11-01,NTN-C,66.18642634663838
2012-11-01,NTN-F,236.92756835241647
2012-11-01,NTN-F,137.7467886976374
2012-11-01,Organismos Multilaterais,7.55869378676582
2012-11-01,Reestruturada ²,0.0660832825675365
2012-11-01,TDA,3.534126007625184
2012-12-01,Credores Privados/Ag. Gov.,5.700165892734545
2012-12-01,DPF EM PODER DO PÚBLICO,2007.984987066796
2012-12-01,DPFe ¹,91.27571077937827
2012-12-01,DPMFi,1916.7092762874179
2012-12-01,DPMFi EM PODER DO BANCO CENTRAL,906.6270020545782
2012-12-01,Demais,22.759041539973296
2012-12-01,Demais,0.0
2012-12-01,Demais,0.000225725298274
2012-12-01,Dívida Contratual,13.081069581297324
2012-12-01,Dívida Mobiliária,78.19464119808094
2012-12-01,Dívida Securitizada,8.21728084458681
2012-12-01,Euro,2.328334894394966
2012-12-01,Global BRL,13.870618153791805
2012-12-01,Global USD,61.93128158520309
2012-12-01,LFT,424.94863346704
2012-12-01,LFT,187.75347279469776
2012-12-01,LTN,552.029900111921
2012-12-01,LTN,262.5379293693201
2012-12-01,NTN-B,602.139164285179
2012-12-01,NTN-B,317.13522529013113
2012-12-01,NTN-C,65.8857486663159
2012-12-01,NTN-F,237.27390934230098
2012-12-01,NTN-F,139.200148875131
2012-12-01,Organismos Multilaterais,7.380903688562779
2012-12-01,Reestruturada ²,0.0644065646910838
2012-12-01,TDA,3.4555980301005103
2013-01-01,Credores Privados/Ag. Gov.,5.825595581864625
2013-01-01,DPF EM PODER DO PÚBLICO,1925.80523452104
2013-01-01,DPFe ¹,88.03741971821137
2013-01-01,DPMFi,1837.7678148028285
2013-01-01,DPMFi EM PODER DO BANCO CENTRAL,893.194377297814
2013-01-01,Demais,22.54664244131747
2013-01-01,Demais,0.0
2013-01-01,Demais,0.00022687894055
2013-01-01,Dívida Contratual,12.998890869418432
2013-01-01,Dívida Mobiliária,75.03852884879294
2013-01-01,Dívida Securitizada,8.10085702428378
2013-01-01,Euro,2.3469264846277014
2013-01-01,Global BRL,13.289163242778672
2013-01-01,Global USD,59.33945250755314
2013-01-01,LFT,430.029352986977
2013-01-01,LFT,189.04905142494243
2013-01-01,LTN,512.927051512152
2013-01-01,LTN,264.8421891518121
2013-01-01,NTN-B,616.4158837349349
2013-01-01,NTN-B,321.6777703323418
2013-01-01,NTN-C,64.3407044878216
2013-01-01,NTN-F,179.965621159968
2013-01-01,NTN-F,117.62513950977716
2013-01-01,Organismos Multilaterais,7.173295287553807
2013-01-01,Reestruturada ²,0.06298661383341911
2013-01-01,TDA,3.44170145537378
2013-02-01,Credores Privados/Ag. Gov.,5.65786073477184
2013-02-01,DPF EM PODER DO PÚBLICO,1951.58346607704
2013-02-01,DPFe ¹,87.48701562047276
2013-02-01,DPMFi,1864.0964504565673
2013-02-01,DPMFi EM PODER DO BANCO CENTRAL,895.380498032202
2013-02-01,Demais,22.58152557839319
2013-02-01,Demais,0.0
2013-02-01,Demais,0.000227829388022
2013-02-01,Dívida Contratual,12.822480144151454
2013-02-01,Dívida Mobiliária,74.6645354763213
2013-02-01,Dívida Securitizada,8.05905770270385
2013-02-01,Euro,2.1654118797789144
2013-02-01,Global BRL,13.403794669266032
2013-02-01,Global USD,59.032462569500325
2013-02-01,LFT,437.49589260135997
2013-02-01,LFT,189.97988438137276
2013-02-01,LTN,525.353727275692
2013-02-01,LTN,266.7072461741196
2013-02-01,NTN-B,615.994447182827
2013-02-01,NTN-B,320.03687220114153
2013-02-01,NTN-C,64.96657830735221
2013-02-01,NTN-F,186.027633253607
2013-02-01,NTN-F,118.65626744618025
2013-02-01,Organismos Multilaterais,7.164619409379614
2013-02-01,Reestruturada ²,0.0628663577760241
2013-02-01,TDA,3.61758855463221
2013-03-01,Credores Privados/Ag. Gov.,5.698430495117957
2013-03-01,DPF EM PODER DO PÚBLICO,1940.5278714052097
2013-03-01,DPFe ¹,88.70311329449089
2013-03-01,DPMFi,1851.8247581107187
2013-03-01,DPMFi EM PODER DO BANCO CENTRAL,920.1040255862207
2013-03-01,Demais,23.007900073752303
2013-03-01,Demais,0.0
2013-03-01,Demais,0.000228890126519
2013-03-01,Dívida Contratual,12.899751699190897
2013-03-01,Dívida Mobiliária,75.80336159529999
2013-03-01,Dívida Securitizada,8.017347668334459
2013-03-01,Euro,2.18200379761
2013-03-01,Global BRL,13.51861248258
2013-03-01,Global USD,60.07148069488999
2013-03-01,LFT,388.69886912410396
2013-03-01,LFT,171.9128261524574
2013-03-01,LTN,546.701398987972
2013-03-01,LTN,302.3861315191901
2013-03-01,NTN-B,624.62350243807
2013-03-01,NTN-B,323.59876287546746
2013-03-01,NTN-C,65.59198063979281
2013-03-01,NTN-F,191.595128749974
2013-03-01,NTN-F,122.20607614897926
2013-03-01,Organismos Multilaterais,7.201321204072941
2013-03-01,Reestruturada ²,0.03126462022
2013-03-01,TDA,3.58863042871915
2013-04-01,Credores Privados/Ag. Gov.,5.944388714574039
2013-04-01,DPF EM PODER DO PÚBLICO,1940.3144879033757
2013-04-01,DPFe ¹,88.52517554549962
2013-04-01,DPMFi,1851.789312357876
2013-04-01,DPMFi EM PODER DO BANCO CENTRAL,926.6569061292408
2013-04-01,Demais,23.08999744226667
2013-04-01,Demais,0.0
2013-04-01,Demais,0.00023006057940900003
2013-04-01,Dívida Contratual,13.008738365759633
2013-04-01,Dívida Mobiliária,75.51643717974
2013-04-01,Dívida Securitizada,7.98394671983986
2013-04-01,Euro,2.239908218
2013-04-01,Global BRL,13.63444170486
2013-04-01,Global USD,59.61085703914
2013-04-01,LFT,396.080399749225
2013-04-01,LFT,172.9669267892349
2013-04-01,LTN,526.739819395937
2013-04-01,LTN,300.2915255357277
2013-04-01,NTN-B,634.820032175568
2013-04-01,NTN-B,326.9110079009684
2013-04-01,NTN-C,65.49018351792769
2013-04-01,NTN-F,194.098398095319
2013-04-01,NTN-F,126.48721584273044
2013-04-01,Organismos Multilaterais,7.064349651185595
2013-04-01,Reestruturada ²,0.03123021774
2013-04-01,TDA,3.48653526179262
2013-05-01,Credores Privados/Ag. Gov.,5.633215123265187
2013-05-01,DPF EM PODER DO PÚBLICO,1935.1952131053035
2013-05-01,DPFe ¹,94.58996231929989
2013-05-01,DPMFi,1840.6052507860036
2013-05-01,DPMFi EM PODER DO BANCO CENTRAL,922.8247970072234
2013-05-01,Demais,24.0991874967705
2013-05-01,Demais,0.0
2013-05-01,Demais,0.000231185007285
2013-05-01,Dívida Contratual,13.230101032976316
2013-05-01,Dívida Mobiliária,81.35986128632356
2013-05-01,Dívida Securitizada,7.941394164004111
2013-05-01,Euro,2.3674920951500003
2013-05-01,Global BRL,13.751291524340001
2013-05-01,Global USD,65.20764635941356
2013-05-01,LFT,404.041503378353
2013-05-01,LFT,174.00139429151946
2013-05-01,LTN,547.209724704962
2013-05-01,LTN,308.8220394413588
2013-05-01,NTN-B,591.0023040273239
2013-05-01,NTN-B,309.76833082055697
2013-05-01,NTN-C,66.01309412007579
2013-05-01,NTN-F,196.847345430364
2013-05-01,NTN-F,130.23280126878092
2013-05-01,Organismos Multilaterais,7.596885909711129
2013-05-01,Reestruturada ²,0.03343130742
2013-05-01,TDA,3.45069746415034
2013-06-01,Credores Privados/Ag. Gov.,5.437803723387075
2013-06-01,DPF EM PODER DO PÚBLICO,1985.579599281345
2013-06-01,DPFe ¹,90.91642422601669
2013-06-01,DPMFi,1894.6631750553283
2013-06-01,DPMFi EM PODER DO BANCO CENTRAL,919.6572691343646
2013-06-01,Demais,24.548085921361803
2013-06-01,Demais,0.0
2013-06-01,Demais,0.00023225934666299997
2013-06-01,Dívida Contratual,8.062573676916676
2013-06-01,Dívida Mobiliária,82.85385054910002
2013-06-01,Dívida Securitizada,7.9005968956167
2013-06-01,Euro,2.38384465156
2013-06-01,Global BRL,13.869171176239998
2013-06-01,Global USD,66.56591931582001
2013-06-01,LFT,414.75441093538495
2013-06-01,LFT,151.928079657846
2013-06-01,LTN,578.507692308174
2013-06-01,LTN,322.03582485859863
2013-06-01,NTN-B,596.681733001151
2013-06-01,NTN-B,312.29492532074937
2013-06-01,NTN-C,66.86904988346811
2013-06-01,NTN-F,202.005535871345
2013-06-01,NTN-F,133.39820703782382
2013-06-01,Organismos Multilaterais,2.6247699535296003
2013-06-01,Reestruturada ²,0.034915405479999995
2013-06-01,TDA,3.39607023882694
2013-07-01,Credores Privados/Ag. Gov.,6.381469703276051
2013-07-01,DPF EM PODER DO PÚBLICO,1957.0047874819363
2013-07-01,DPFe ¹,92.69815177861751
2013-07-01,DPMFi,1864.3066357033188
2013-07-01,DPMFi EM PODER DO BANCO CENTRAL,914.7138008548736
2013-07-01,Demais,24.9291759518014
2013-07-01,Demais,0.0
2013-07-01,Demais,0.000233528718259
2013-07-01,Dívida Contratual,9.13982095510752
2013-07-01,Dívida Mobiliária,83.55833082350999
2013-07-01,Dívida Securitizada,7.8596617326746
2013-07-01,Euro,2.53527310345
2013-07-01,Global BRL,13.288530880719998
2013-07-01,Global USD,67.69825006901999
2013-07-01,LFT,427.682528071651
2013-07-01,LFT,153.02732620276714
2013-07-01,LTN,530.496923153866
2013-07-01,LTN,312.79083497581274
2013-07-01,NTN-B,609.14210269508
2013-07-01,NTN-B,314.70628740749765
2013-07-01,NTN-C,65.2249387312128
2013-07-01,NTN-F,195.58810407421498
2013-07-01,NTN-F,134.1891187400778
2013-07-01,Organismos Multilaterais,2.75835125183147
2013-07-01,Reestruturada ²,0.03627677032
2013-07-01,TDA,3.3832012928180997
2013-08-01,Credores Privados/Ag. Gov.,6.641237967239525
2013-08-01,DPF EM PODER DO PÚBLICO,1991.6735271933605
2013-08-01,DPFe ¹,95.83841403274546
2013-08-01,DPMFi,1895.835113160615
2013-08-01,DPMFi EM PODER DO BANCO CENTRAL,915.0926098963502
2013-08-01,Demais,24.9291051155064
2013-08-01,Demais,0.0
2013-08-01,Demais,0.000234728661709
2013-08-01,Dívida Contratual,9.540134855805452
2013-08-01,Dívida Mobiliária,86.29827917694001
2013-08-01,Dívida Securitizada,7.81784585914906
2013-08-01,Euro,2.6241979518000003
2013-08-01,Global BRL,13.402344941330002
2013-08-01,Global USD,70.23396576311002
2013-08-01,LFT,440.455142311817
2013-08-01,LFT,154.1134813153774
2013-08-01,LTN,547.744287029384
2013-08-01,LTN,315.23578521658715
2013-08-01,NTN-B,605.7825689398251
2013-08-01,NTN-B,310.3132299910692
2013-08-01,NTN-C,65.86352401717299
2013-08-01,NTN-F,199.94582345266
2013-08-01,NTN-F,135.4298786446548
2013-08-01,Organismos Multilaterais,2.8988968885659254
2013-08-01,Reestruturada ²,0.037770520700000004
2013-08-01,TDA,3.2968164351004696
2013-09-01,Credores Privados/Ag. Gov.,6.352620832928701
2013-09-01,DPF EM PODER DO PÚBLICO,1988.8560552736737
2013-09-01,DPFe ¹,91.34438897809419
2013-09-01,DPMFi,1897.5116662955795
2013-09-01,DPMFi EM PODER DO BANCO CENTRAL,930.3941636756788
2013-09-01,Demais,24.636373384622303
2013-09-01,Demais,0.0
2013-09-01,Demais,0.000235916834185
2013-09-01,Dívida Contratual,9.113667212294201
2013-09-01,Dívida Mobiliária,82.23072176579998
2013-09-01,Dívida Securitizada,7.7502863753053495
2013-09-01,Euro,2.5463743137200003
2013-09-01,Global BRL,13.517161467330002
2013-09-01,Global USD,66.16718598474999
2013-09-01,LFT,387.94135074373
2013-09-01,LFT,163.86017477700176
2013-09-01,LTN,582.550387399761
2013-09-01,LTN,317.5034269019717
2013-09-01,NTN-B,617.3402129240401
2013-09-01,NTN-B,312.4475424226144
2013-09-01,NTN-C,67.38138395550199
2013-09-01,NTN-F,206.68595364355798
2013-09-01,NTN-F,136.58278365725678
2013-09-01,Organismos Multilaterais,2.7610463793655
2013-09-01,Reestruturada ²,0.0
2013-09-01,TDA,3.22571786906063
2013-10-01,Credores Privados/Ag. Gov.,6.309142331117819
2013-10-01,DPF EM PODER DO PÚBLICO,2022.517607508596
2013-10-01,DPFe ¹,88.85485643505001
2013-10-01,DPMFi,1933.6627510735461
2013-10-01,DPMFi EM PODER DO BANCO CENTRAL,938.2723075705837
2013-10-01,Demais,24.590779663189203
2013-10-01,Demais,0.0
2013-10-01,Demais,0.00023731786555900003
2013-10-01,Dívida Contratual,9.17199919853001
2013-10-01,Dívida Mobiliária,79.68285723652
2013-10-01,Dívida Securitizada,7.71859846700325
2013-10-01,Euro,2.5478820158199995
2013-10-01,Global BRL,13.63298952673
2013-10-01,Global USD,63.50198569396999
2013-10-01,LFT,392.85173703640896
2013-10-01,LFT,165.18739871314307
2013-10-01,LTN,593.134178424235
2013-10-01,LTN,320.1571961862829
2013-10-01,NTN-B,627.112444397979
2013-10-01,NTN-B,315.10750178489
2013-10-01,NTN-C,67.819094280116
2013-10-01,NTN-F,217.22652918131698
2013-10-01,NTN-F,137.81997356840225
2013-10-01,Organismos Multilaterais,2.86285686741219
2013-10-01,Reestruturada ²,0.0
2013-10-01,TDA,3.20938962329823
2013-11-01,Credores Privados/Ag. Gov.,6.702819394806702
2013-11-01,DPF EM PODER DO PÚBLICO,2069.4424722165863
2013-11-01,DPFe ¹,97.22000051455515
2013-11-01,DPMFi,1972.2224717020313
2013-11-01,DPMFi EM PODER DO BANCO CENTRAL,950.2259990821573
2013-11-01,Demais,25.0912313205034
2013-11-01,Demais,0.0
2013-11-01,Demais,0.000238518096069
2013-11-01,Dívida Contratual,9.70344911657515
2013-11-01,Dívida Mobiliária,87.51655139798
2013-11-01,Dívida Securitizada,7.67894073886806
2013-11-01,Euro,2.7040507312799997
2013-11-01,Global BRL,13.749838271619998
2013-11-01,Global USD,71.06266239508
2013-11-01,LFT,396.246237617384
2013-11-01,LFT,173.69411911565928
2013-11-01,LTN,615.4676297204779
2013-11-01,LTN,322.505061333068
2013-11-01,NTN-B,630.154221229767
2013-11-01,NTN-B,315.1676085906543
2013-11-01,NTN-C,68.5300094287251
2013-11-01,NTN-F,225.866545270392
2013-11-01,NTN-F,138.85897152467965
2013-11-01,Organismos Multilaterais,3.0006297217684494
2013-11-01,Reestruturada ²,0.0
2013-11-01,TDA,3.18765637591367
2013-12-01,Credores Privados/Ag. Gov.,6.236386367480881
2013-12-01,DPF EM PODER DO PÚBLICO,2122.808668208776
2013-12-01,DPFe ¹,94.6827141711455
2013-12-01,DPMFi,2028.1259540376307
2013-12-01,DPMFi EM PODER DO BANCO CENTRAL,958.0982533243763
2013-12-01,Demais,25.109734329799004
2013-12-01,Demais,0.0
2013-12-01,Demais,0.00023980257934199997
2013-12-01,Dívida Contratual,9.288853257785505
2013-12-01,Dívida Mobiliária,85.39386091336
2013-12-01,Dívida Securitizada,7.64177924371124
2013-12-01,Euro,2.7774364453600002
2013-12-01,Global BRL,13.867716938890002
2013-12-01,Global USD,68.74870752911
2013-12-01,LFT,395.064585495894
2013-12-01,LFT,175.06497860380293
2013-12-01,LTN,645.144766412411
2013-12-01,LTN,325.0036847038507
2013-12-01,NTN-B,649.7224312995511
2013-12-01,NTN-B,318.0464843543614
2013-12-01,NTN-C,69.32611714087899
2013-12-01,NTN-F,232.976991289652
2013-12-01,NTN-F,139.98286585978195
2013-12-01,Organismos Multilaterais,3.0524668903046246
2013-12-01,Reestruturada ²,0.0
2013-12-01,TDA,3.13954882573326
2014-01-01,Credores Privados/Ag. Gov.,6.976638530080286
2014-01-01,DPF EM PODER DO PÚBLICO,2046.3025093657263
2014-01-01,DPFe ¹,96.2658965681292
2014-01-01,DPMFi,1950.0366127975972
2014-01-01,DPMFi EM PODER DO BANCO CENTRAL,957.9557665783727
2014-01-01,Demais,25.7812813263453
2014-01-01,Demais,0.0
2014-01-01,Demais,0.000241242459379
2014-01-01,Dívida Contratual,10.105484593219206
2014-01-01,Dívida Mobiliária,86.16041197490999
2014-01-01,Dívida Securitizada,7.53440099481344
2014-01-01,Euro,2.8363010483499997
2014-01-01,Global BRL,13.28707575031
2014-01-01,Global USD,70.03703517625
2014-01-01,LFT,405.302991704229
2014-01-01,LFT,189.29158253921887
2014-01-01,LTN,586.80028267277
2014-01-01,LTN,316.62821659219173
2014-01-01,NTN-B,662.0855023441029
2014-01-01,NTN-B,322.44939318509716
2014-01-01,NTN-C,68.0016885338554
2014-01-01,NTN-F,191.40927566134198
2014-01-01,NTN-F,129.5863330194055
2014-01-01,Organismos Multilaterais,3.12884606313892
2014-01-01,Reestruturada ²,0.0
2014-01-01,TDA,3.12118956013891
2014-02-01,Credores Privados/Ag. Gov.,7.03070557278289
2014-02-01,DPF EM PODER DO PÚBLICO,2067.279331060925
2014-02-01,DPFe ¹,92.46115471021918
2014-02-01,DPMFi,1974.8181763507057
2014-02-01,DPMFi EM PODER DO BANCO CENTRAL,969.8104175926878
2014-02-01,Demais,25.3330955708781
2014-02-01,Demais,0.0
2014-02-01,Demais,0.000242556663814
2014-02-01,Dívida Contratual,10.05028499707917
2014-02-01,Dívida Mobiliária,82.41086971314
2014-02-01,Dívida Securitizada,7.49708961191136
2014-02-01,Euro,2.69209823692
2014-02-01,Global BRL,13.40088901117
2014-02-01,Global USD,66.31788246505
2014-02-01,LFT,416.234348006692
2014-02-01,LFT,200.687219773549
2014-02-01,LTN,600.075085179076
2014-02-01,LTN,319.004382982919
2014-02-01,NTN-B,659.728948380359
2014-02-01,NTN-B,319.401103971066
2014-02-01,NTN-C,68.6979264717613
2014-02-01,NTN-F,194.11530153047
2014-02-01,NTN-F,130.71746830849
2014-02-01,Organismos Multilaterais,3.01957942429628
2014-02-01,Reestruturada ²,0.0
2014-02-01,TDA,3.13638159955766
2014-03-01,Credores Privados/Ag. Gov.,6.912805458765611
2014-03-01,DPF EM PODER DO PÚBLICO,2080.61065355014
2014-03-01,DPFe ¹,90.50586807224583
2014-03-01,DPMFi,1990.104785477894
2014-03-01,DPMFi EM PODER DO BANCO CENTRAL,978.6598264268695
2014-03-01,Demais,25.3901627925204
2014-03-01,Demais,0.00024366011041399997
2014-03-01,Dívida Contratual,9.850000580835811
2014-03-01,Dívida Mobiliária,80.65586749141002
2014-03-01,Dívida Securitizada,7.46103301808929
2014-03-01,Euro,2.6217424415700004
2014-03-01,Global BRL,13.51570483239
2014-03-01,Global USD,64.51842021745001
2014-03-01,LFT,376.404645822788
2014-03-01,LFT,168.63724936780275
2014-03-01,LTN,632.6161889568981
2014-03-01,LTN,331.2661984329149
2014-03-01,NTN-B,670.954187273773
2014-03-01,NTN-B,347.00073904988045
2014-03-01,NTN-C,70.34447195343141
2014-03-01,NTN-F,203.89068611341
2014-03-01,NTN-F,131.755395916161
2014-03-01,Organismos Multilaterais,2.9371951220702
2014-03-01,Reestruturada ²,0.0
2014-03-01,TDA,3.04340954698387
2014-04-01,Credores Privados/Ag. Gov.,6.736695105007922
2014-04-01,DPF EM PODER DO PÚBLICO,2052.562852065926
2014-04-01,DPFe ¹,92.90211330424134
2014-04-01,DPMFi,1959.6607387616846
2014-04-01,DPMFi EM PODER DO BANCO CENTRAL,986.3935870254135
2014-04-01,Demais,25.230247021122633
2014-04-01,Demais,0.00024487581229300004
2014-04-01,Dívida Contratual,9.656494701771322
2014-04-01,Dívida Mobiliária,83.24561860247002
2014-04-01,Dívida Securitizada,7.42494538716629
2014-04-01,Euro,5.7164178450100005
2014-04-01,Global BRL,13.63153228376
2014-04-01,Global USD,63.897668473700016
2014-04-01,LFT,388.552173137019
2014-04-01,LFT,179.77645027227848
2014-04-01,LTN,571.155945245839
2014-04-01,LTN,321.9315469222945
2014-04-01,NTN-B,684.847319411669
2014-04-01,NTN-B,351.75603420020667
2014-04-01,NTN-C,70.6714297736785
2014-04-01,NTN-F,208.654178593044
2014-04-01,NTN-F,132.92931075482156
2014-04-01,Organismos Multilaterais,2.9197995967634007
2014-04-01,Reestruturada ²,0.0
2014-04-01,TDA,3.12450019214664
2014-05-01,Credores Privados/Ag. Gov.,6.831643685148899
2014-05-01,DPF EM PODER DO PÚBLICO,2122.923094165316
2014-05-01,DPFe ¹,93.22349349112818
2014-05-01,DPMFi,2029.6996006741879
2014-05-01,DPMFi EM PODER DO BANCO CENTRAL,991.964405972014
2014-05-01,Demais,26.093901601986296
2014-05-01,Demais,0.00028080730665300003
2014-05-01,Dívida Contratual,9.741300435458179
2014-05-01,Dívida Mobiliária,83.48219305567
2014-05-01,Dívida Securitizada,7.38567398994613
2014-05-01,Euro,5.654460415379999
2014-05-01,Global BRL,13.748380519099998
2014-05-01,Global USD,64.07935212119
2014-05-01,LFT,401.35709039707
2014-05-01,LFT,181.3312128579271
2014-05-01,LTN,612.5436753305329
2014-05-01,LTN,324.6120850335188
2014-05-01,NTN-B,692.055110462248
2014-05-01,NTN-B,351.81877511143585
2014-05-01,NTN-C,71.1380155330674
2014-05-01,NTN-F,216.06481977187698
2014-05-01,NTN-F,134.20205216182546
2014-05-01,Organismos Multilaterais,2.90965675030928
2014-05-01,Reestruturada ²,0.0
2014-05-01,TDA,3.06131358746019
2014-06-01,Credores Privados/Ag. Gov.,6.073268832547475
2014-06-01,DPF EM PODER DO PÚBLICO,2202.9655142945926
2014-06-01,DPFe ¹,91.71839669092242
2014-06-01,DPMFi,2111.24711760367
2014-06-01,DPMFi EM PODER DO BANCO CENTRAL,1000.4649663164158
2014-06-01,Demais,25.9286531649545
2014-06-01,Demais,0.000282277688999
2014-06-01,Dívida Contratual,8.980958110282426
2014-06-01,Dívida Mobiliária,82.73743858063999
2014-06-01,Dívida Securitizada,7.3428377785470005
2014-06-01,Euro,5.5040059147100004
2014-06-01,Global BRL,13.86625877709
2014-06-01,Global USD,63.36717388883999
2014-06-01,LFT,411.16943973779496
2014-06-01,LFT,182.82404504710524
2014-06-01,LTN,655.614827103563
2014-06-01,LTN,327.201479296726
2014-06-01,NTN-B,709.154103485771
2014-06-01,NTN-B,355.05495868684756
2014-06-01,NTN-C,71.14369131099559
2014-06-01,NTN-F,227.884837422526
2014-06-01,NTN-F,135.38420100804802
2014-06-01,Organismos Multilaterais,2.90768927773495
2014-06-01,Reestruturada ²,0.0
2014-06-01,TDA,3.00872759951804
2014-07-01,Credores Privados/Ag. Gov.,6.189653475610577
2014-07-01,DPF EM PODER DO PÚBLICO,2173.1792163396417
2014-07-01,DPFe ¹,91.2056252776378
2014-07-01,DPMFi,2081.973591062004
2014-07-01,DPMFi EM PODER DO BANCO CENTRAL,970.9005904983629
2014-07-01,Demais,26.240837604457802
2014-07-01,Demais,0.00028404695434599994
2014-07-01,Dívida Contratual,9.1685572650978
2014-07-01,Dívida Mobiliária,82.03706801253999
2014-07-01,Dívida Securitizada,7.27755245871402
2014-07-01,Euro,5.566957336600001
2014-07-01,Global BRL,13.28561728129
2014-07-01,Global USD,63.18449339464999
2014-07-01,LFT,421.41990787517096
2014-07-01,LFT,184.55743144848728
2014-07-01,LTN,613.226671151669
2014-07-01,LTN,284.8111695891387
2014-07-01,NTN-B,720.462153337587
2014-07-01,NTN-B,358.34868443602716
2014-07-01,NTN-C,68.6687384737318
2014-07-01,NTN-F,221.733799156447
2014-07-01,NTN-F,143.18302097775555
2014-07-01,Organismos Multilaterais,2.9789037894872217
2014-07-01,Reestruturada ²,0.0
2014-07-01,TDA,2.94393100422625
2014-08-01,Credores Privados/Ag. Gov.,6.05670643454228
2014-08-01,DPF EM PODER DO PÚBLICO,2169.5385395880885
2014-08-01,DPFe ¹,94.42507383295712
2014-08-01,DPMFi,2075.1134657551315
2014-08-01,DPMFi EM PODER DO BANCO CENTRAL,992.0131322612897
2014-08-01,Demais,25.8931271723549
2014-08-01,Demais,0.00028564696548499997
2014-08-01,Dívida Contratual,9.006470514987132
2014-08-01,Dívida Mobiliária,85.41860331797
2014-08-01,Dívida Securitizada,7.23703885240214
2014-08-01,Euro,5.424489498280001
2014-08-01,Global BRL,13.39943033884
2014-08-01,Global USD,66.59468348085
2014-08-01,LFT,428.472846934921
2014-08-01,LFT,186.15463868315715
2014-08-01,LTN,640.5072234766919
2014-08-01,LTN,324.34655464126064
2014-08-01,NTN-B,671.1782757968541
2014-08-01,NTN-B,333.7894486615608
2014-08-01,NTN-C,69.0301445202521
2014-08-01,NTN-F,229.863260059727
2014-08-01,NTN-F,147.72220462834565
2014-08-01,Organismos Multilaterais,2.9497640804448517
2014-08-01,Reestruturada ²,0.0
2014-08-01,TDA,2.93154894192823
2014-09-01,Credores Privados/Ag. Gov.,6.4280600695593595
2014-09-01,DPF EM PODER DO PÚBLICO,2183.604104817008
2014-09-01,DPFe ¹,104.58426277375978
2014-09-01,DPMFi,2079.0198420432484
2014-09-01,DPMFi EM PODER DO BANCO CENTRAL,992.1389532036552
2014-09-01,Demais,26.9979152083212
2014-09-01,Demais,0.000287344049055
2014-09-01,Dívida Contratual,9.67745038167978
2014-09-01,Dívida Mobiliária,94.90681239208
2014-09-01,Dívida Securitizada,7.19939444575906
2014-09-01,Euro,5.72536060941
2014-09-01,Global BRL,13.51424606251
2014-09-01,Global USD,75.66720572016
2014-09-01,LFT,390.663372445564
2014-09-01,LFT,143.5507009759361
2014-09-01,LTN,667.775431540504
2014-09-01,LTN,358.4834818806164
2014-09-01,NTN-B,681.13547202468
2014-09-01,NTN-B,336.35538115808373
2014-09-01,NTN-C,69.7437205521773
2014-09-01,NTN-F,232.438616739024
2014-09-01,NTN-F,153.74910184496986
2014-09-01,Organismos Multilaterais,3.2493903121204206
2014-09-01,TDA,3.0659190872188202
2014-10-01,Credores Privados/Ag. Gov.,6.348327281264472
2014-10-01,DPF EM PODER DO PÚBLICO,2155.370024237
2014-10-01,DPFe ¹,104.52992460797334
2014-10-01,DPMFi,2050.8400996290266
2014-10-01,DPMFi EM PODER DO BANCO CENTRAL,1002.1172934819201
2014-10-01,Demais,27.379962205103897
2014-10-01,Demais,0.0002891455778960001
2014-10-01,Dívida Contratual,9.60481277776671
2014-10-01,Dívida Mobiliária,94.92511183020663
2014-10-01,Dívida Securitizada,7.1312401362062
2014-10-01,Euro,5.679899589610001
2014-10-01,Global BRL,13.630073523950001
2014-10-01,Global USD,75.61513871664663
2014-10-01,LFT,400.328842264088
2014-10-01,LFT,144.91417915120556
2014-10-01,LTN,611.398120706289
2014-10-01,LTN,361.795122394353
2014-10-01,NTN-B,691.361381234115
2014-10-01,NTN-B,340.08507632473993
2014-10-01,NTN-C,69.79801643445751
2014-10-01,NTN-F,240.486444134166
2014-10-01,NTN-F,155.32262646604377
2014-10-01,Organismos Multilaterais,3.256485496502238
2014-10-01,TDA,2.95609251460083
2014-11-01,Credores Privados/Ag. Gov.,6.639531499118857
2014-11-01,DPF EM PODER DO PÚBLICO,2208.955563122305
2014-11-01,DPFe ¹,108.95169283290414
2014-11-01,DPMFi,2100.003870289401
2014-11-01,DPMFi EM PODER DO BANCO CENTRAL,1036.979218119969
2014-11-01,Demais,28.0178733800987
2014-11-01,Demais,0.0002905292783760001
2014-11-01,Dívida Contratual,10.018699501724159
2014-11-01,Dívida Mobiliária,98.93299333117999
2014-11-01,Dívida Securitizada,7.08704343407683
2014-11-01,Euro,5.95478235233
2014-11-01,Global BRL,13.74692187891
2014-11-01,Global USD,79.23128909993999
2014-11-01,LFT,407.931319433041
2014-11-01,LFT,150.15232712992923
2014-11-01,LTN,643.6451990300981
2014-11-01,LTN,377.8215000198422
2014-11-01,NTN-B,694.69934416308
2014-11-01,NTN-B,339.0341535813518
2014-11-01,NTN-C,71.0138309863771
2014-11-01,NTN-F,244.65727727235802
2014-11-01,NTN-F,169.9709468595674
2014-11-01,Organismos Multilaterais,3.3791680026053017
2014-11-01,TDA,2.95198259027176
2014-12-01,Credores Privados/Ag. Gov.,6.204757158741336
2014-12-01,DPF EM PODER DO PÚBLICO,2295.8981551013276
2014-12-01,DPFe ¹,112.28711479449214
2014-12-01,DPMFi,2183.6110403068355
2014-12-01,DPMFi EM PODER DO BANCO CENTRAL,1117.440235715669
2014-12-01,Demais,28.5808837518071
2014-12-01,Demais,0.00029226695266400005
2014-12-01,Dívida Contratual,9.736467197392152
2014-12-01,Dívida Mobiliária,102.5506475971
2014-12-01,Dívida Securitizada,7.05406276411828
2014-12-01,Euro,6.04802601033
2014-12-01,Global BRL,13.864800367970002
2014-12-01,Global USD,82.63782121879998
2014-12-01,LFT,418.587232314736
2014-12-01,LFT,166.8780078747663
2014-12-01,LTN,686.033264247698
2014-12-01,LTN,406.237195470685
2014-12-01,NTN-B,713.685600926579
2014-12-01,NTN-B,365.87070469051946
2014-12-01,NTN-C,72.04966285467489
2014-12-01,NTN-F,254.758001066742
2014-12-01,NTN-F,178.45403541274567
2014-12-01,Organismos Multilaterais,3.5317100386508162
2014-12-01,TDA,2.8623323804798804
2015-01-01,Credores Privados/Ag. Gov.,6.201291203426758
2015-01-01,DPF EM PODER DO PÚBLICO,2247.882547039974
2015-01-01,DPFe ¹,109.93431673927559
2015-01-01,DPMFi,2137.948230300698
2015-01-01,DPMFi EM PODER DO BANCO CENTRAL,1066.0536263600463
2015-01-01,Demais,28.865524647837404
2015-01-01,Demais,0.00029395248939799993
2015-01-01,Dívida Contratual,9.69705475226559
2015-01-01,Dívida Mobiliária,100.23726198701
2015-01-01,Dívida Securitizada,6.94407409756445
2015-01-01,Euro,5.66595307794
2015-01-01,Global BRL,13.28415921668
2015-01-01,Global USD,81.28714969239
2015-01-01,LFT,435.732274832347
2015-01-01,LFT,168.43784418221605
2015-01-01,LTN,616.444126537945
2015-01-01,LTN,366.58574486184546
2015-01-01,NTN-B,729.0279601835191
2015-01-01,NTN-B,370.5997551418983
2015-01-01,NTN-C,70.871116096867
2015-01-01,NTN-F,247.22768203922098
2015-01-01,NTN-F,160.4299882215973
2015-01-01,Organismos Multilaterais,3.4957635488388314
2015-01-01,TDA,2.8354718653979196
2015-02-01,Credores Privados/Ag. Gov.,6.664421026081964
2015-02-01,DPF EM PODER DO PÚBLICO,2329.6192825548583
2015-02-01,DPFe ¹,116.26456406869127
2015-02-01,DPMFi,2213.354718486167
2015-02-01,DPMFi EM PODER DO BANCO CENTRAL,1084.7965108864876
2015-02-01,Demais,29.815613958646402
2015-02-01,Demais,0.000295311933746
2015-02-01,Dívida Contratual,10.491297677131286
2015-02-01,Dívida Mobiliária,105.77326639155999
2015-02-01,Dívida Securitizada,6.90337395317054
2015-02-01,Euro,4.3731609164
2015-02-01,Global BRL,13.397972734129999
2015-02-01,Global USD,88.00213274103
2015-02-01,LFT,456.502489877321
2015-02-01,LFT,171.951767246811
2015-02-01,LTN,656.252047974615
2015-02-01,LTN,379.0290213445701
2015-02-01,NTN-B,734.0133930247181
2015-02-01,NTN-B,370.71932220345747
2015-02-01,NTN-C,71.5465824935315
2015-02-01,NTN-F,255.514041533134
2015-02-01,NTN-F,163.09610477971515
2015-02-01,Organismos Multilaterais,3.8268766510493206
2015-02-01,TDA,2.80717567103
2015-03-01,Credores Privados/Ag. Gov.,7.1935498876312005
2015-03-01,DPF EM PODER DO PÚBLICO,2441.2026711358126
2015-03-01,DPFe ¹,124.71613861338378
2015-03-01,DPMFi,2316.4865325224287
2015-03-01,DPMFi EM PODER DO BANCO CENTRAL,1124.9091272669225
2015-03-01,Demais,30.9765915620316
2015-03-01,Demais,0.00029714406251400005
2015-03-01,Dívida Contratual,11.476336480873762
2015-03-01,Dívida Mobiliária,113.23980213251001
2015-03-01,Dívida Securitizada,6.87164792046993
2015-03-01,Euro,4.68760302746
2015-03-01,Global BRL,13.5127890351
2015-03-01,Global USD,95.03941006995001
2015-03-01,LFT,457.288844513275
2015-03-01,LFT,166.74276194304605
2015-03-01,LTN,726.854355729606
2015-03-01,LTN,405.48578105664126
2015-03-01,NTN-B,756.398492681216
2015-03-01,NTN-B,377.1424923524038
2015-03-01,NTN-C,72.8498950977379
2015-03-01,NTN-F,262.468315912306
2015-03-01,NTN-F,175.53779477076907
2015-03-01,Organismos Multilaterais,4.2827865932425615
2015-03-01,TDA,2.7783891057863497
2015-04-01,Credores Privados/Ag. Gov.,6.738442875293471
2015-04-01,DPF EM PODER DO PÚBLICO,2451.4727363065117
2015-04-01,DPFe ¹,117.67630133445262
2015-04-01,DPMFi,2333.796434972059
2015-04-01,DPMFi EM PODER DO BANCO CENTRAL,1117.91364810536
2015-04-01,Demais,30.020917585668002
2015-04-01,Demais,0.00029881634097199996
2015-04-01,Dívida Contratual,10.758695259352622
2015-04-01,Dívida Mobiliária,106.9176060751
2015-04-01,Dívida Securitizada,6.83881097926207
2015-04-01,Euro,4.46815933986
2015-04-01,Global BRL,13.628617193299998
2015-04-01,Global USD,88.82082954194
2015-04-01,LFT,482.885342365534
2015-04-01,LFT,168.3290196255348
2015-04-01,LTN,678.7117394447461
2015-04-01,LTN,388.7230485124614
2015-04-01,NTN-B,778.4458202844739
2015-04-01,NTN-B,383.8781218447944
2015-04-01,NTN-C,73.468353326087
2015-04-01,NTN-F,280.695531751697
2015-04-01,NTN-F,176.98315930622826
2015-04-01,Organismos Multilaterais,4.020252384059152
2015-04-01,TDA,2.72991923459103
2015-05-01,Credores Privados/Ag. Gov.,7.072801097746429
2015-05-01,DPF EM PODER DO PÚBLICO,2496.2341214676435
2015-05-01,DPFe ¹,124.18791752250864
2015-05-01,DPMFi,2372.046203945135
2015-05-01,DPMFi EM PODER DO BANCO CENTRAL,1112.021443000915
2015-05-01,Demais,30.695749470649904
2015-05-01,Demais,0.0003005646148960001
2015-05-01,Dívida Contratual,11.276088271038647
2015-05-01,Dívida Mobiliária,112.91182925147
2015-05-01,Dívida Securitizada,6.80504344614058
2015-05-01,Euro,4.69094628317
2015-05-01,Global BRL,13.745466366510001
2015-05-01,Global USD,94.47541660179
2015-05-01,LFT,495.00577089119304
2015-05-01,LFT,169.98706005528283
2015-05-01,LTN,731.811167557482
2015-05-01,LTN,397.005380192134
2015-05-01,NTN-B,729.768977492435
2015-05-01,NTN-B,366.5384923996639
2015-05-01,NTN-C,74.3249923022507
2015-05-01,NTN-F,300.91448407202097
2015-05-01,NTN-F,178.49020978921942
2015-05-01,Organismos Multilaterais,4.203287173292218
2015-05-01,TDA,2.72001871296288
2015-06-01,Credores Privados/Ag. Gov.,6.159486847865153
2015-06-01,DPF EM PODER DO PÚBLICO,2583.69460069454
2015-06-01,DPFe ¹,121.27564120380215
2015-06-01,DPMFi,2462.418959490738
2015-06-01,DPMFi EM PODER DO BANCO CENTRAL,1123.4109473777035
2015-06-01,Demais,31.1391577192298
2015-06-01,Demais,0.00029822574191799996
2015-06-01,Dívida Contratual,10.225111267522152
2015-06-01,Dívida Mobiliária,111.05052993628
2015-06-01,Dívida Securitizada,6.77477596025911
2015-06-01,Euro,4.54572674776
2015-06-01,Global BRL,13.86334579743
2015-06-01,Global USD,92.64145739109
2015-06-01,LFT,511.17846586196003
2015-06-01,LFT,171.79969468947314
2015-06-01,LTN,773.9805082613029
2015-06-01,LTN,400.49656993652485
2015-06-01,NTN-B,750.615683012035
2015-06-01,NTN-B,370.97940625893625
2015-06-01,NTN-C,75.418977086638
2015-06-01,NTN-F,310.62839363352197
2015-06-01,NTN-F,180.13497826702726
2015-06-01,Organismos Multilaterais,4.065624419656998
2015-06-01,TDA,2.68299795579169
2015-07-01,Credores Privados/Ag. Gov.,6.68871181040282
2015-07-01,DPF EM PODER DO PÚBLICO,2603.956783119847
2015-07-01,DPFe ¹,128.7213331865292
2015-07-01,DPMFi,2475.235449933318
2015-07-01,DPMFi EM PODER DO BANCO CENTRAL,1111.486571117636
2015-07-01,Demais,33.7856993425891
2015-07-01,Demais,0.000300469109284
2015-07-01,Dívida Contratual,11.02918235236918
2015-07-01,Dívida Mobiliária,117.69215083416
2015-07-01,Dívida Securitizada,6.74662797732904
2015-07-01,Euro,4.93644884293
2015-07-01,Global BRL,13.2827057137
2015-07-01,Global USD,99.47299627753
2015-07-01,LFT,528.001731179658
2015-07-01,LFT,173.82319761596983
2015-07-01,LTN,762.0640252100189
2015-07-01,LTN,388.94771600098284
2015-07-01,NTN-B,767.1474078585229
2015-07-01,NTN-B,375.8424154807465
2015-07-01,NTN-C,74.1946584812902
2015-07-01,NTN-F,300.62168895631703
2015-07-01,NTN-F,172.87294155082768
2015-07-01,Organismos Multilaterais,4.34047054196636
2015-07-01,TDA,2.67361092759254
2015-08-01,Credores Privados/Ag. Gov.,7.280488773681889
2015-08-01,DPF EM PODER DO PÚBLICO,2686.286487161449
2015-08-01,DPFe ¹,134.31827703493798
2015-08-01,DPMFi,2551.9682101265107
2015-08-01,DPMFi EM PODER DO BANCO CENTRAL,1139.6450787614917
2015-08-01,Demais,35.007110320695205
2015-08-01,Demais,0.0003025225577840001
2015-08-01,Dívida Contratual,11.968429754828016
2015-08-01,Dívida Mobiliária,122.34984728010997
2015-08-01,Dívida Securitizada,6.71632115876263
2015-08-01,Euro,5.40571928512
2015-08-01,Global BRL,13.39652042654
2015-08-01,Global USD,103.54760756844998
2015-08-01,LFT,562.4240681850799
2015-08-01,LFT,188.51224963918256
2015-08-01,LTN,798.201030686385
2015-08-01,LTN,392.3532757161165
2015-08-01,NTN-B,766.528967401253
2015-08-01,NTN-B,384.32334931121557
2015-08-01,NTN-C,74.714514703971
2015-08-01,NTN-F,305.747074895465
2015-08-01,NTN-F,174.45590157241935
2015-08-01,Organismos Multilaterais,4.687940981146127
2015-08-01,TDA,2.62912277489896
2015-09-01,Credores Privados/Ag. Gov.,8.174289755265821
2015-09-01,DPF EM PODER DO PÚBLICO,2734.6275236870633
2015-09-01,DPFe ¹,145.89183828509198
2015-09-01,DPMFi,2588.7356854019713
2015-09-01,DPMFi EM PODER DO BANCO CENTRAL,1213.9270330494687
2015-09-01,Demais,36.6493168116596
2015-09-01,Demais,0.000304548918722
2015-09-01,Dívida Contratual,13.309839373931968
2015-09-01,Dívida Mobiliária,132.58199891116
2015-09-01,Dívida Securitizada,6.68790807404272
2015-09-01,Euro,5.89506491754
2015-09-01,Global BRL,13.511338052949998
2015-09-01,Global USD,113.17559594067001
2015-09-01,LFT,576.41669731742
2015-09-01,LFT,192.54272593032402
2015-09-01,LTN,811.239097367285
2015-09-01,LTN,406.92334633854915
2015-09-01,NTN-B,772.612677206805
2015-09-01,NTN-B,420.8897526878935
2015-09-01,NTN-C,76.020824611749
2015-09-01,NTN-F,306.49710027652895
2015-09-01,NTN-F,193.57090354378332
2015-09-01,Organismos Multilaterais,5.135549618666146
2015-09-01,TDA,2.6120637364805104
2015-10-01,Credores Privados/Ag. Gov.,7.999498316005514
2015-10-01,DPF EM PODER DO PÚBLICO,2646.4767008304952
2015-10-01,DPFe ¹,142.42735452827233
2015-10-01,DPMFi,2504.049346302223
2015-10-01,DPMFi EM PODER DO BANCO CENTRAL,1208.3293080182937
2015-10-01,Demais,36.7389138816178
2015-10-01,Demais,0.00030660161753499996
2015-10-01,Dívida Contratual,13.023993871502302
2015-10-01,Dívida Mobiliária,129.40336065677002
2015-10-01,Dívida Securitizada,9.141455983826619
2015-10-01,Euro,5.69313840876
2015-10-01,Global BRL,13.62716766882
2015-10-01,Global USD,110.08305457919
2015-10-01,LFT,590.364117668131
2015-10-01,LFT,194.6770258637216
2015-10-01,LTN,693.387461792042
2015-10-01,LTN,393.1478266833726
2015-10-01,NTN-B,784.1292271916301
2015-10-01,NTN-B,425.1655340321598
2015-10-01,NTN-C,77.25598393239089
2015-10-01,NTN-F,310.43553503066
2015-10-01,NTN-F,195.33861483742209
2015-10-01,Organismos Multilaterais,5.024495555496789
2015-10-01,TDA,2.59665082192451
2015-11-01,Credores Privados/Ag. Gov.,7.7218173981153395
2015-11-01,DPF EM PODER DO PÚBLICO,2716.918822810985
2015-11-01,DPFe ¹,141.66007446505859
2015-11-01,DPMFi,2575.2587483459265
2015-11-01,DPMFi EM PODER DO BANCO CENTRAL,1219.1424663385417
2015-11-01,Demais,36.709855158643094
2015-11-01,Demais,0.000308517634004
2015-11-01,Dívida Contratual,12.667865583328592
2015-11-01,Dívida Mobiliária,128.99220888173
2015-11-01,Dívida Securitizada,8.86805891272818
2015-11-01,Euro,5.457316272
2015-11-01,Global BRL,13.74401843411
2015-11-01,Global USD,109.79087417561999
2015-11-01,LFT,603.869354199015
2015-11-01,LFT,196.73188865914253
2015-11-01,LTN,734.480946230726
2015-11-01,LTN,396.17820447413544
2015-11-01,NTN-B,792.019082834404
2015-11-01,NTN-B,429.3714866017928
2015-11-01,NTN-C,79.0271545024502
2015-11-01,NTN-F,317.714712760058
2015-11-01,NTN-F,196.86057808583683
2015-11-01,Organismos Multilaterais,4.946048185213253
2015-11-01,TDA,2.56958374790248
2015-12-01,Credores Privados/Ag. Gov.,6.886920182103024
2015-12-01,DPF EM PODER DO PÚBLICO,2793.0053898640012
2015-12-01,DPFe ¹,142.83994445615866
2015-12-01,DPMFi,2650.1654454078425
2015-12-01,DPMFi EM PODER DO BANCO CENTRAL,1286.5153548949345
2015-12-01,Demais,36.592435419656
2015-12-01,Demais,0.00019658346975799998
2015-12-01,Dívida Contratual,11.881362229668671
2015-12-01,Dívida Mobiliária,130.95858222649
2015-12-01,Dívida Securitizada,7.69253335254423
2015-12-01,Euro,5.7170097548
2015-12-01,Global BRL,13.86189959387
2015-12-01,Global USD,111.37967287782
2015-12-01,LFT,626.191599285963
2015-12-01,LFT,213.83501529666506
2015-12-01,LTN,764.4787166753299
2015-12-01,LTN,427.3154809957207
2015-12-01,NTN-B,809.6610342598699
2015-12-01,NTN-B,435.806063708961
2015-12-01,NTN-C,80.07378472844499
2015-12-01,NTN-F,323.003542625429
2015-12-01,NTN-F,209.55859831011833
2015-12-01,Organismos Multilaterais,4.994442047565647
2015-12-01,TDA,2.47179906060565
2016-01-01,Credores Privados/Ag. Gov.,8.434723690480501
2016-01-01,DPF EM PODER DO PÚBLICO,2749.8822549380284
2016-01-01,DPFe ¹,142.90200952123075
2016-01-01,DPMFi,2606.9802454167975
2016-01-01,DPMFi EM PODER DO BANCO CENTRAL,1266.256862745816
2016-01-01,Demais,37.6282181050519
2016-01-01,Demais,0.000197758763555
2016-01-01,Dívida Contratual,13.434669914740741
2016-01-01,Dívida Mobiliária,129.46733960649001
2016-01-01,Dívida Securitizada,7.591186167937519
2016-01-01,Euro,5.91823218233
2016-01-01,Global BRL,10.405541551619999
2016-01-01,Global USD,113.14356587254001
2016-01-01,LFT,671.48376279171
2016-01-01,LFT,236.30384344747992
2016-01-01,LTN,667.6646112346069
2016-01-01,LTN,387.228407830257
2016-01-01,NTN-B,826.914547733502
2016-01-01,NTN-B,442.01144918852754
2016-01-01,NTN-C,79.039289668927
2016-01-01,NTN-F,314.199947505651
2016-01-01,NTN-F,200.71296452078806
2016-01-01,Organismos Multilaterais,4.99994622426024
2016-01-01,TDA,2.45868220941147
2016-02-01,Credores Privados/Ag. Gov.,8.334499913730111
2016-02-01,DPF EM PODER DO PÚBLICO,2819.465316063464
2016-02-01,DPFe ¹,141.24375650830706
2016-02-01,DPMFi,2678.221559555157
2016-02-01,DPMFi EM PODER DO BANCO CENTRAL,1274.4610072255675
2016-02-01,Demais,37.6667711994082
2016-02-01,Demais,0.000198822810458
2016-02-01,Dívida Contratual,13.285544639627034
2016-02-01,Dívida Mobiliária,127.95821186868001
2016-02-01,Dívida Securitizada,7.54482708972167
2016-02-01,Euro,5.86055945907
2016-02-01,Global BRL,10.48958505406
2016-02-01,Global USD,111.60806735555
2016-02-01,LFT,697.6299433734521
2016-02-01,LFT,238.67273839298392
2016-02-01,LTN,698.665603054767
2016-02-01,LTN,390.64483202129117
2016-02-01,NTN-B,831.883197997205
2016-02-01,NTN-B,442.86563541618557
2016-02-01,NTN-C,80.6338609352078
2016-02-01,NTN-F,321.76181071263596
2016-02-01,NTN-F,202.27760257229633
2016-02-01,Organismos Multilaterais,4.951044725896922
2016-02-01,TDA,2.4355451927590996
2016-03-01,Credores Privados/Ag. Gov.,7.74907228662
2016-03-01,DPF EM PODER DO PÚBLICO,2886.6968488032353
2016-03-01,DPFe ¹,133.19379861503998
2016-03-01,DPMFi,2753.503050188195
2016-03-01,DPMFi EM PODER DO BANCO CENTRAL,1289.3532585755468
2016-03-01,Demais,35.9882686686557
2016-03-01,Demais,0.00020027368795900001
2016-03-01,Dívida Contratual,12.18176145303
2016-03-01,Dívida Mobiliária,121.01203716200999
2016-03-01,Dívida Securitizada,7.51278332418965
2016-03-01,Euro,5.51728131115
2016-03-01,Global BRL,10.57432336237
2016-03-01,Global USD,104.92043248849
2016-03-01,LFT,709.639196353005
2016-03-01,LFT,241.44535301548356
2016-03-01,LTN,729.075636079184
2016-03-01,LTN,394.6451268143671
2016-03-01,NTN-B,853.806317115483
2016-03-01,NTN-B,449.1545223809325
2016-03-01,NTN-C,81.72175613758661
2016-03-01,NTN-F,333.355594030975
2016-03-01,NTN-F,204.10805609107544
2016-03-01,Organismos Multilaterais,4.43268916641
2016-03-01,TDA,2.40349847911713
2016-04-01,Credores Privados/Ag. Gov.,7.57180690134
2016-04-01,DPF EM PODER DO PÚBLICO,2799.787590297151
2016-04-01,DPFe ¹,129.59643114649
2016-04-01,DPMFi,2670.191159150661
2016-04-01,DPMFi EM PODER DO BANCO CENTRAL,1297.5628147619782
2016-04-01,Demais,35.8925773076609
2016-04-01,Demais,0.000201467738941
2016-04-01,Dívida Contratual,11.885720341799999
2016-04-01,Dívida Mobiliária,117.71071080469001
2016-04-01,Dívida Securitizada,7.46818184643739
2016-04-01,Euro,5.2808968913
2016-04-01,Global BRL,10.65976236336
2016-04-01,Global USD,101.77005155003
2016-04-01,LFT,722.6148032381981
2016-04-01,LFT,256.35600969473086
2016-04-01,LTN,614.35885019677
2016-04-01,LTN,372.19570902499476
2016-04-01,NTN-B,865.446882604581
2016-04-01,NTN-B,463.1231755495506
2016-04-01,NTN-C,81.7486132946983
2016-04-01,NTN-F,340.25725092320596
2016-04-01,NTN-F,205.88771902496316
2016-04-01,Organismos Multilaterais,4.31391344046
2016-04-01,TDA,2.40399973910982
2016-05-01,Credores Privados/Ag. Gov.,7.84050315879
2016-05-01,DPF EM PODER DO PÚBLICO,2878.8659274543343
2016-05-01,DPFe ¹,134.69903683533002
2016-05-01,DPMFi,2744.1668906190043
2016-05-01,DPMFi EM PODER DO BANCO CENTRAL,1304.522811309744
2016-05-01,Demais,37.749692386486
2016-05-01,Demais,0.000202762325906
2016-05-01,Dívida Contratual,12.28036623326
2016-05-01,Dívida Mobiliária,122.41867060207001
2016-05-01,Dívida Securitizada,7.43068252433005
2016-05-01,Euro,5.37694633335
2016-05-01,Global BRL,10.74590799502
2016-05-01,Global USD,106.2958162737
2016-05-01,LFT,734.129226103929
2016-05-01,LFT,259.1974041945189
2016-05-01,LTN,655.956210596346
2016-05-01,LTN,375.9550639984113
2016-05-01,NTN-B,873.3512349221679
2016-05-01,NTN-B,461.54801893631935
2016-05-01,NTN-C,83.072746809302
2016-05-01,NTN-F,350.080789181831
2016-05-01,NTN-F,207.82212141816862
2016-05-01,Organismos Multilaterais,4.43986307447
2016-05-01,TDA,2.39630809461261
2016-06-01,Credores Privados/Ag. Gov.,6.15851494842
2016-06-01,DPF EM PODER DO PÚBLICO,2958.643676471199
2016-06-01,DPFe ¹,120.77190481567
2016-06-01,DPMFi,2837.871771655529
2016-06-01,DPMFi EM PODER DO BANCO CENTRAL,1319.5279549372237
2016-06-01,Demais,36.9016781998495
2016-06-01,Demais,0.000204216487752
2016-06-01,Dívida Contratual,10.07452402297
2016-06-01,Dívida Mobiliária,110.6973807927
2016-06-01,Dívida Securitizada,11.4586951492432
2016-06-01,Euro,4.65372651603
2016-06-01,Global BRL,10.83276624689
2016-06-01,Global USD,95.21088802978
2016-06-01,LFT,748.108061814141
2016-06-01,LFT,262.207728500997
2016-06-01,LTN,702.893876898424
2016-06-01,LTN,379.88118349414486
2016-06-01,NTN-B,890.633615437579
2016-06-01,NTN-B,467.59374573826494
2016-06-01,NTN-C,85.17864633118809
2016-06-01,NTN-F,360.36712093430896
2016-06-01,NTN-F,209.84509298732928
2016-06-01,Organismos Multilaterais,3.91600907455
2016-06-01,TDA,2.33007689079509
2016-07-01,Credores Privados/Ag. Gov.,6.3036407035
2016-07-01,DPF EM PODER DO PÚBLICO,2956.5148486288454
2016-07-01,DPFe ¹,124.3620897452
2016-07-01,DPMFi,2832.152758883645
2016-07-01,DPMFi EM PODER DO BANCO CENTRAL,1318.9049269753568
2016-07-01,Demais,36.89447948025109
2016-07-01,Demais,0.00020554692533300003
2016-07-01,Dívida Contratual,10.08319036738
2016-07-01,Dívida Mobiliária,114.27889937782
2016-07-01,Dívida Securitizada,8.54559126045683
2016-07-01,Euro,4.77371326947
2016-07-01,Global BRL,10.40051654896
2016-07-01,Global USD,99.10466955939
2016-07-01,LFT,762.792203637879
2016-07-01,LFT,265.114678350252
2016-07-01,LTN,670.3805815409221
2016-07-01,LTN,356.7137979034825
2016-07-01,NTN-B,907.2331355166409
2016-07-01,NTN-B,487.36939580783394
2016-07-01,NTN-C,83.3219829503692
2016-07-01,NTN-F,360.667765435394
2016-07-01,NTN-F,209.70684936686294
2016-07-01,Organismos Multilaterais,3.77954966388
2016-07-01,TDA,2.31701906173291
2016-08-01,Credores Privados/Ag. Gov.,6.44636018816
2016-08-01,DPF EM PODER DO PÚBLICO,2955.1864802398695
2016-08-01,DPFe ¹,125.01528689335998
2016-08-01,DPMFi,2830.1711933465094
2016-08-01,DPMFi EM PODER DO BANCO CENTRAL,1298.9641981493035
2016-08-01,Demais,36.9692780584968
2016-08-01,Demais,0.00020717280616899998
2016-08-01,Dívida Contratual,10.239015102189999
2016-08-01,Dívida Mobiliária,114.77627179116999
2016-08-01,Dívida Securitizada,8.50067830860662
2016-08-01,Euro,4.78392944846
2016-08-01,Global BRL,10.48452573955
2016-08-01,Global USD,99.50781660316
2016-08-01,LFT,785.5449008556301
2016-08-01,LFT,268.3354713803386
2016-08-01,LTN,709.185852977462
2016-08-01,LTN,363.70408041836345
2016-08-01,NTN-B,834.110304158942
2016-08-01,NTN-B,452.10629553442595
2016-08-01,NTN-C,84.17128944769671
2016-08-01,NTN-F,369.404121615693
2016-08-01,NTN-F,214.8181436433693
2016-08-01,Organismos Multilaterais,3.79265491403
2016-08-01,TDA,2.28476792398239
2016-09-01,Credores Privados/Ag. Gov.,6.6837300188
2016-09-01,DPF EM PODER DO PÚBLICO,3046.910802105598
2016-09-01,DPFe ¹,126.02764419408001
2016-09-01,DPMFi,2920.883157911518
2016-09-01,DPMFi EM PODER DO BANCO CENTRAL,1337.9795118958677
2016-09-01,Demais,37.2016452514753
2016-09-01,Demais,0.000208512720782
2016-09-01,Dívida Contratual,10.50416407032
2016-09-01,Dívida Mobiliária,115.52348012376001
2016-09-01,Dívida Securitizada,8.45283666780231
2016-09-01,Euro,4.85129726363
2016-09-01,Global BRL,10.56922950909
2016-09-01,Global USD,100.10295335104
2016-09-01,LFT,797.9537853974371
2016-09-01,LFT,283.08348076924074
2016-09-01,LTN,761.684180400335
2016-09-01,LTN,376.2264810296773
2016-09-01,NTN-B,851.696871356232
2016-09-01,NTN-B,456.452045923052
2016-09-01,NTN-C,85.00766089173871
2016-09-01,NTN-F,376.63856342597103
2016-09-01,NTN-F,222.21729566117676
2016-09-01,Organismos Multilaterais,3.82043405152
2016-09-01,TDA,2.24761452052624
2016-10-01,Credores Privados/Ag. Gov.,6.4020804174
2016-10-01,DPF EM PODER DO PÚBLICO,3032.8912617944848
2016-10-01,DPFe ¹,123.60637832563
2016-10-01,DPMFi,2909.284883468855
2016-10-01,DPMFi EM PODER DO BANCO CENTRAL,1345.915407456509
2016-10-01,Demais,36.53118700963
2016-10-01,Demais,0.00020981836125399998
2016-10-01,Dívida Contratual,10.15618029018
2016-10-01,Dívida Mobiliária,113.45019803545
2016-10-01,Dívida Securitizada,8.40127188372458
2016-10-01,Euro,4.64731378074
2016-10-01,Global BRL,10.65463374299
2016-10-01,Global USD,98.14825051172
2016-10-01,LFT,827.6399508569759
2016-10-01,LFT,302.8593315552534
2016-10-01,LTN,693.170554984483
2016-10-01,LTN,334.87534381103876
2016-10-01,NTN-B,871.082646339443
2016-10-01,NTN-B,474.08704611890226
2016-10-01,NTN-C,84.8959307209153
2016-10-01,NTN-F,385.325586698386
2016-10-01,NTN-F,234.09347615295334
2016-10-01,Organismos Multilaterais,3.75409987278
2016-10-01,TDA,2.23775497529704
2016-11-01,Credores Privados/Ag. Gov.,6.66502060772
2016-11-01,DPF EM PODER DO PÚBLICO,3092.664777400313
2016-11-01,DPFe ¹,131.24250196307
2016-11-01,DPMFi,2961.422275437243
2016-11-01,DPMFi EM PODER DO BANCO CENTRAL,1350.7955603146036
2016-11-01,Demais,37.599249452125704
2016-11-01,Demais,0.000211095477922
2016-11-01,Dívida Contratual,10.64442192435
2016-11-01,Dívida Mobiliária,120.59808003872
2016-11-01,Dívida Securitizada,8.408826084639509
2016-11-01,Euro,4.82492727556
2016-11-01,Global BRL,10.7407443778
2016-11-01,Global USD,105.03240838536
2016-11-01,LFT,849.4959949568159
2016-11-01,LFT,306.0033436869526
2016-11-01,LTN,712.3700611224281
2016-11-01,LTN,338.0800601221188
2016-11-01,NTN-B,877.04977269193
2016-11-01,NTN-B,470.4454351275572
2016-11-01,NTN-C,85.4442475380618
2016-11-01,NTN-F,388.84928788779797
2016-11-01,NTN-F,236.26651028249714
2016-11-01,Organismos Multilaterais,3.97940131663
2016-11-01,TDA,2.20483570344346
2016-12-01,Credores Privados/Ag. Gov.,6.16439578661
2016-12-01,DPF EM PODER DO PÚBLICO,3112.935537125674
2016-12-01,DPFe ¹,126.52102049975
2016-12-01,DPMFi,2986.4145166259236
2016-12-01,DPMFi EM PODER DO BANCO CENTRAL,1522.8478945864904
2016-12-01,Demais,38.9667655301405
2016-12-01,Demais,0.00021256825037300003
2016-12-01,Dívida Contratual,9.95789884327
2016-12-01,Dívida Mobiliária,116.56312165647999
2016-12-01,Dívida Securitizada,8.39087055486576
2016-12-01,Euro,4.62656175992
2016-12-01,Global BRL,10.82756740164
2016-12-01,Global USD,101.10899249492
2016-12-01,LFT,868.480434940983
2016-12-01,LFT,384.86207147391497
2016-12-01,LTN,718.19610101708
2016-12-01,LTN,399.85176503806304
2016-12-01,NTN-B,880.3733602291061
2016-12-01,NTN-B,473.7399707150791
2016-12-01,NTN-C,86.62170393465601
2016-12-01,NTN-F,383.167158151592
2016-12-01,NTN-F,264.39387479118284
2016-12-01,Organismos Multilaterais,3.79350305666
2016-12-01,TDA,2.21812226750048
2017-01-01,Credores Privados/Ag. Gov.,7.02923971159
2017-01-01,DPF EM PODER DO PÚBLICO,3053.35335486444
2017-01-01,DPFe ¹,114.79872511261001
2017-01-01,DPMFi,2938.55462975183
2017-01-01,DPMFi EM PODER DO BANCO CENTRAL,1572.3214296346102
2017-01-01,Demais,39.4730046848096
2017-01-01,Demais,0.000214019552705
2017-01-01,Dívida Contratual,10.53894361707
2017-01-01,Dívida Mobiliária,104.25978149554001
2017-01-01,Dívida Securitizada,8.1147946250236
2017-01-01,Euro,4.560806731
2017-01-01,Global BRL,10.39528224305
2017-01-01,Global USD,89.30369252149
2017-01-01,LFT,895.300963548827
2017-01-01,LFT,461.05941198291004
2017-01-01,LTN,697.8980977543811
2017-01-01,LTN,375.2728802951234
2017-01-01,NTN-B,899.890198117312
2017-01-01,NTN-B,477.817452565879
2017-01-01,NTN-C,85.17556606170629
2017-01-01,NTN-F,310.488407507342
2017-01-01,NTN-F,258.1714707711452
2017-01-01,Organismos Multilaterais,3.50970390548
2017-01-01,TDA,2.2135974524284703
2017-02-01,Credores Privados/Ag. Gov.,6.85448276563
2017-02-01,DPF EM PODER DO PÚBLICO,3134.6725929682566
2017-02-01,DPFe ¹,113.93120551241
2017-02-01,DPMFi,3020.7413874558465
2017-02-01,DPMFi EM PODER DO BANCO CENTRAL,1595.7610043440936
2017-02-01,Demais,39.3348279564769
2017-02-01,Demais,0.00021498024492100002
2017-02-01,Dívida Contratual,10.32991299737
2017-02-01,Dívida Mobiliária,103.60129251504
2017-02-01,Dívida Securitizada,7.96447652904914
2017-02-01,Euro,4.4410340891
2017-02-01,Global BRL,10.47925573891
2017-02-01,Global USD,88.68100268703
2017-02-01,LFT,920.83743761713
2017-02-01,LFT,475.3511243979581
2017-02-01,LTN,740.989179905604
2017-02-01,LTN,384.7143833933788
2017-02-01,NTN-B,905.107827423189
2017-02-01,NTN-B,475.0610593400021
2017-02-01,NTN-C,85.2290961245065
2017-02-01,NTN-F,319.08712838553004
2017-02-01,NTN-F,260.63422223250984
2017-02-01,Organismos Multilaterais,3.47543023174
2017-02-01,TDA,2.1914135143607
2017-03-01,Credores Privados/Ag. Gov.,7.36177328881
2017-03-01,DPF EM PODER DO PÚBLICO,3234.143841812
2017-03-01,DPFe ¹,120.30037026416998
2017-03-01,DPMFi,3113.84347154783
2017-03-01,DPMFi EM PODER DO BANCO CENTRAL,1612.839914617257
2017-03-01,Demais,39.591058596445805
2017-03-01,Demais,0.000216459145279
2017-03-01,Dívida Contratual,10.97307687563
2017-03-01,Dívida Mobiliária,109.32729338853999
2017-03-01,Dívida Securitizada,8.78385943136771
2017-03-01,Euro,4.61444026291
2017-03-01,Global BRL,10.56392357818
2017-03-01,Global USD,94.14892954745
2017-03-01,LFT,937.2046479746559
2017-03-01,LFT,480.3617746440118
2017-03-01,LTN,787.6104257182781
2017-03-01,LTN,389.30557659006826
2017-03-01,NTN-B,923.143859067122
2017-03-01,NTN-B,479.37080830026156
2017-03-01,NTN-C,85.9844936084838
2017-03-01,NTN-F,329.369276532988
2017-03-01,NTN-F,263.8015386237698
2017-03-01,Organismos Multilaterais,3.61130358682
2017-03-01,TDA,2.15585061848925
2017-04-01,Credores Privados/Ag. Gov.,7.51502298123
2017-04-01,DPF EM PODER DO PÚBLICO,3244.507290071608
2017-04-01,DPFe ¹,121.28051759046
2017-04-01,DPMFi,3123.226772481148
2017-04-01,DPMFi EM PODER DO BANCO CENTRAL,1625.898328574975
2017-04-01,Demais,38.8760357909066
2017-04-01,Demais,0.000217365192991
2017-04-01,Dívida Contratual,11.17526621213
2017-04-01,Dívida Mobiliária,110.10525137833
2017-04-01,Dívida Securitizada,8.11893135640814
2017-04-01,Euro,4.66240638868
2017-04-01,Global BRL,10.64922084339
2017-04-01,Global USD,94.79362414626
2017-04-01,LFT,962.763200261801
2017-04-01,LFT,484.14832000042145
2017-04-01,LTN,750.639622225915
2017-04-01,LTN,392.6420076897252
2017-04-01,NTN-B,935.809158232056
2017-04-01,NTN-B,482.68611744634615
2017-04-01,NTN-C,84.73112289231511
2017-04-01,NTN-F,340.154081767269
2017-04-01,NTN-F,266.4216660732893
2017-04-01,Organismos Multilaterais,3.6602432309
2017-04-01,TDA,2.1346199544774698
2017-05-01,Credores Privados/Ag. Gov.,7.85663467264
2017-05-01,DPF EM PODER DO PÚBLICO,3253.0253803579117
2017-05-01,DPFe ¹,122.87114021770999
2017-05-01,DPMFi,3130.1542401402016
2017-05-01,DPMFi EM PODER DO BANCO CENTRAL,1598.0931456241526
2017-05-01,Demais,38.5719766033729
2017-05-01,Demais,0.000218644744854
2017-05-01,Dívida Contratual,11.49888942316
2017-05-01,Dívida Mobiliária,111.37225079455
2017-05-01,Dívida Securitizada,8.05674528777017
2017-05-01,Euro,4.89637359634
2017-05-01,Global BRL,10.73525438285
2017-05-01,Global USD,95.74062281536
2017-05-01,LFT,980.97094962172
2017-05-01,LFT,488.64642913776396
2017-05-01,LTN,779.154791866163
2017-05-01,LTN,396.8475630426983
2017-05-01,NTN-B,889.012870345369
2017-05-01,NTN-B,443.2510350517113
2017-05-01,NTN-C,84.6413247921823
2017-05-01,NTN-F,347.645615687698
2017-05-01,NTN-F,269.34789974723407
2017-05-01,Organismos Multilaterais,3.64225475052
2017-05-01,TDA,2.09996593592573
2017-06-01,Credores Privados/Ag. Gov.,7.86885198589
2017-06-01,DPF EM PODER DO PÚBLICO,3357.647094307454
2017-06-01,DPFe ¹,123.99288727677
2017-06-01,DPMFi,3233.654207030684
2017-06-01,DPMFi EM PODER DO BANCO CENTRAL,1601.7215968858538
2017-06-01,Demais,38.8058201220792
2017-06-01,Demais,0.000220030373356
2017-06-01,Dívida Contratual,11.57162656381
2017-06-01,Dívida Mobiliária,112.42126071296
2017-06-01,Dívida Securitizada,7.99356038445489
2017-06-01,Euro,3.79
2017-06-01,Global BRL,10.82205426115
2017-06-01,Global USD,97.80920645181
2017-06-01,LFT,1025.6381039318
2017-06-01,LFT,492.36213960349306
2017-06-01,LTN,812.458665416272
2017-06-01,LTN,399.02891947991213
2017-06-01,NTN-B,907.411646178995
2017-06-01,NTN-B,438.08956057329596
2017-06-01,NTN-C,84.4480598370422
2017-06-01,NTN-F,354.81268279563295
2017-06-01,NTN-F,272.24075719877914
2017-06-01,Organismos Multilaterais,3.70277457792
2017-06-01,TDA,2.0856683644078897
2017-07-01,Credores Privados/Ag. Gov.,7.78563557342
2017-07-01,DPF EM PODER DO PÚBLICO,3341.3771282186535
2017-07-01,DPFe ¹,116.40771742058
2017-07-01,DPMFi,3224.9694107980736
2017-07-01,DPMFi EM PODER DO BANCO CENTRAL,1566.6418593085305
2017-07-01,Demais,37.621969374347
2017-07-01,Demais,0.00022123810603000003
2017-07-01,Dívida Contratual,11.16378405335
2017-07-01,Dívida Mobiliária,105.24393336723
2017-07-01,Dívida Securitizada,7.931283413606
2017-07-01,Euro,3.72666
2017-07-01,Global BRL,10.38976729011
2017-07-01,Global USD,91.12750607712
2017-07-01,LFT,1054.25871122323
2017-07-01,LFT,496.31851872985726
2017-07-01,LTN,786.696350537439
2017-07-01,LTN,369.0118813211281
2017-07-01,NTN-B,917.686542700537
2017-07-01,NTN-B,440.3709908384066
2017-07-01,NTN-C,70.802295756811
2017-07-01,NTN-F,347.913833235893
2017-07-01,NTN-F,260.94024718103236
2017-07-01,Organismos Multilaterais,3.37814847993
2017-07-01,TDA,2.058424556211
2017-08-01,Credores Privados/Ag. Gov.,8.12413391888
2017-08-01,DPF EM PODER DO PÚBLICO,3403.99522578378
2017-08-01,DPFe ¹,117.56702866894
2017-08-01,DPMFi,3286.42819711484
2017-08-01,DPMFi EM PODER DO BANCO CENTRAL,1632.4340664910546
2017-08-01,Demais,37.80520480024
2017-08-01,Demais,0.000222532760323
2017-08-01,Dívida Contratual,11.53476922197
2017-08-01,Dívida Mobiliária,106.03225944697
2017-08-01,Dívida Securitizada,7.873316219036
2017-08-01,Euro,3.77708
2017-08-01,Global BRL,10.47368828888
2017-08-01,Global USD,91.78149115809
2017-08-01,LFT,1076.65863612782
2017-08-01,LFT,518.4266096019406
2017-08-01,LTN,818.949590120009
2017-08-01,LTN,413.4910900366651
2017-08-01,NTN-B,915.53482027547
2017-08-01,NTN-B,436.80953008924644
2017-08-01,NTN-C,71.12596203671801
2017-08-01,NTN-F,356.462038719979
2017-08-01,NTN-F,263.70661423044214
2017-08-01,Organismos Multilaterais,3.41063530309
2017-08-01,TDA,2.018628815568
2017-09-01,Credores Privados/Ag. Gov.,8.32083133535
2017-09-01,DPF EM PODER DO PÚBLICO,3430.8311153613395
2017-09-01,DPFe ¹,118.88215056912
2017-09-01,DPMFi,3311.9489647922196
2017-09-01,DPMFi EM PODER DO BANCO CENTRAL,1650.4356313288768
2017-09-01,Demais,38.04953263873
2017-09-01,Demais,0.00022362095392299998
2017-09-01,Dívida Contratual,11.76073479901
2017-09-01,Dívida Mobiliária,107.12141577011
2017-09-01,Dívida Securitizada,7.80997750278
2017-09-01,Euro,3.78565
2017-09-01,Global BRL,10.55828365066
2017-09-01,Global USD,92.77748211945
2017-09-01,LFT,1056.14254332269
2017-09-01,LFT,521.0154037886174
2017-09-01,LTN,847.95796651457
2017-09-01,LTN,417.57160972118163
2017-09-01,NTN-B,923.22841054554
2017-09-01,NTN-B,445.5900632810797
2017-09-01,NTN-C,72.01993481904
2017-09-01,NTN-F,364.75476681483
2017-09-01,NTN-F,266.2583309170441
2017-09-01,Organismos Multilaterais,3.43990346366
2017-09-01,TDA,1.98583263404
2017-10-01,Credores Privados/Ag. Gov.,8.47109517453
2017-10-01,DPF EM PODER DO PÚBLICO,3438.4754856138297
2017-10-01,DPFe ¹,127.06568731531
2017-10-01,DPMFi,3311.40979829852
2017-10-01,DPMFi EM PODER DO BANCO CENTRAL,1639.0004987308
2017-10-01,Demais,38.26333619281001
2017-10-01,Demais,0.00022465744
2017-10-01,Dívida Contratual,12.04336466103
2017-10-01,Dívida Mobiliária,115.02232265428
2017-10-01,Dívida Securitizada,7.74475301964
2017-10-01,Euro,3.86703
2017-10-01,Global BRL,10.64363601527
2017-10-01,Global USD,100.51165663901
2017-10-01,LFT,1076.83696191585
2017-10-01,LFT,524.2315028728
2017-10-01,LTN,802.70425812794
2017-10-01,LTN,396.96941453161
2017-10-01,NTN-B,934.9695144457
2017-10-01,NTN-B,449.08760051026
2017-10-01,NTN-C,71.84350792036001
2017-10-01,NTN-F,377.11660719958
2017-10-01,NTN-F,268.71175615869
2017-10-01,Organismos Multilaterais,3.5722694865
2017-10-01,TDA,1.93085947664
2017-11-01,Credores Privados/Ag. Gov.,8.57012439519
2017-11-01,DPF EM PODER DO PÚBLICO,3493.3833854393797
2017-11-01,DPFe ¹,121.40217864
2017-11-01,DPMFi,3371.98120679938
2017-11-01,DPMFi EM PODER DO BANCO CENTRAL,1645.7716621245568
2017-11-01,Demais,38.04713309361
2017-11-01,Demais,0.00022569881010299996
2017-11-01,Dívida Contratual,12.06250550247
2017-11-01,Dívida Mobiliária,109.33967313753
2017-11-01,Dívida Securitizada,7.37661328053
2017-11-01,Euro,3.94736
2017-11-01,Global BRL,10.72962190688
2017-11-01,Global USD,94.66269123065
2017-11-01,LFT,1094.71617799177
2017-11-01,LFT,527.219829536266
2017-11-01,LTN,832.75890063828
2017-11-01,LTN,400.65179923530235
2017-11-01,NTN-B,939.74614491291
2017-11-01,NTN-B,446.7117557941633
2017-11-01,NTN-C,72.74827261672
2017-11-01,NTN-F,384.68128111476
2017-11-01,NTN-F,271.1880518600152
2017-11-01,Organismos Multilaterais,3.49238110728
2017-11-01,TDA,1.9066831508
2017-12-01,Credores Privados/Ag. Gov.,8.97536114047
2017-12-01,DPF EM PODER DO PÚBLICO,3559.2712582704703
2017-12-01,DPFe ¹,123.78619430383
2017-12-01,DPMFi,3435.48506396664
2017-12-01,DPMFi EM PODER DO BANCO CENTRAL,1659.45260655488
2017-12-01,Demais,43.25117449832
2017-12-01,Demais,0.00022679737
2017-12-01,Dívida Contratual,12.4629156904
2017-12-01,Dívida Mobiliária,111.32327861343
2017-12-01,Dívida Securitizada,7.06794750413
2017-12-01,Euro,4.04416
2017-12-01,Global BRL,10.81637413733
2017-12-01,Global USD,96.4627444761
2017-12-01,LFT,1112.7098532159
2017-12-01,LFT,530.2188134534799
2017-12-01,LTN,857.38276561598
2017-12-01,LTN,404.55588674728006
2017-12-01,NTN-B,949.67963079747
2017-12-01,NTN-B,450.86466684105
2017-12-01,NTN-C,73.97591104869
2017-12-01,NTN-F,389.58387233575
2017-12-01,NTN-F,273.81301271570004
2017-12-01,Organismos Multilaterais,3.48755454993
2017-12-01,TDA,1.8339089504
2018-01-01,Credores Privados/Ag. Gov.,9.40913767061
2018-01-01,DPF EM PODER DO PÚBLICO,3528.30944133372
2018-01-01,DPFe ¹,122.84647711025002
2018-01-01,DPMFi,3405.46296422347
2018-01-01,DPMFi EM PODER DO BANCO CENTRAL,1670.2847633437698
2018-01-01,Demais,42.41602325578
2018-01-01,Demais,0.00022790127
2018-01-01,Dívida Contratual,12.62509355359
2018-01-01,Dívida Mobiliária,110.22138355666002
2018-01-01,Dívida Securitizada,6.70577329504
2018-01-01,Euro,4.02463
2018-01-01,Global BRL,10.38411866629
2018-01-01,Global USD,95.81263489037
2018-01-01,LFT,1135.5953007453
2018-01-01,LFT,547.41331525932
2018-01-01,LTN,815.11249735189
2018-01-01,LTN,389.27832332827
2018-01-01,NTN-B,963.79271557856
2018-01-01,NTN-B,469.19770418478
2018-01-01,NTN-C,72.79606617993
2018-01-01,NTN-F,367.22056146133
2018-01-01,NTN-F,264.39519267013
2018-01-01,Organismos Multilaterais,3.21595588298
2018-01-01,TDA,1.82402635564
2018-02-01,Credores Privados/Ag. Gov.,9.36152688028
2018-02-01,DPF EM PODER DO PÚBLICO,3582.1487986576103
2018-02-01,DPFe ¹,125.58908024697
2018-02-01,DPMFi,3456.5597184106405
2018-02-01,DPMFi EM PODER DO BANCO CENTRAL,1674.2576124358234
2018-02-01,Demais,42.81878421741
2018-02-01,Demais,0.00022885189219
2018-02-01,Dívida Contratual,12.664869656019999
2018-02-01,Dívida Mobiliária,112.92421059095
2018-02-01,Dívida Securitizada,6.40251142003
2018-02-01,Euro,4.05222
2018-02-01,Global BRL,10.46799201721
2018-02-01,Global USD,98.40399857374
2018-02-01,LFT,1151.46969971181
2018-02-01,LFT,549.9761870618592
2018-02-01,LTN,844.78292028592
2018-02-01,LTN,392.4550335882476
2018-02-01,NTN-B,961.23627194085
2018-02-01,NTN-B,465.25711193266994
2018-02-01,NTN-C,73.36513169049
2018-02-01,NTN-F,374.67034448885
2018-02-01,NTN-F,266.5690510011545
2018-02-01,Organismos Multilaterais,3.30334277574
2018-02-01,TDA,1.81405465528
2018-03-01,Credores Privados/Ag. Gov.,9.61603936001
2018-03-01,DPF EM PODER DO PÚBLICO,3636.33216387014
2018-03-01,DPFe ¹,128.90811163393
2018-03-01,DPMFi,3507.42405223621
2018-03-01,DPMFi EM PODER DO BANCO CENTRAL,1723.08477702235
2018-03-01,Demais,43.52926342995
2018-03-01,Demais,0.00023001898
2018-03-01,Dívida Contratual,13.01589886027
2018-03-01,Dívida Mobiliária,115.89221277365999
2018-03-01,Dívida Securitizada,6.34923840631
2018-03-01,Euro,4.19205
2018-03-01,Global BRL,10.55259339513
2018-03-01,Global USD,101.14756937853
2018-03-01,LFT,1129.81138991974
2018-03-01,LFT,572.85330063015
2018-03-01,LTN,892.07331913769
2018-03-01,LTN,412.22920815528
2018-03-01,NTN-B,975.11367026324
2018-03-01,NTN-B,468.75143223126
2018-03-01,NTN-C,74.43988448581
2018-03-01,NTN-F,384.34303634449
2018-03-01,NTN-F,269.25060598668
2018-03-01,Organismos Multilaterais,3.39985950026
2018-03-01,TDA,1.76425024898
2018-04-01,Credores Privados/Ag. Gov.,9.79226868234
2018-04-01,DPF EM PODER DO PÚBLICO,3658.51287344303
2018-04-01,DPFe ¹,134.09301572140998
2018-04-01,DPMFi,3524.41985772162
2018-04-01,DPMFi EM PODER DO BANCO CENTRAL,1740.30365275945
2018-04-01,Demais,43.79739721493
2018-04-01,Demais,0.0002310851
2018-04-01,Dívida Contratual,13.376252390089999
2018-04-01,Dívida Mobiliária,120.71676333132
2018-04-01,Dívida Securitizada,5.80905680271
2018-04-01,Euro,4.20252
2018-04-01,Global BRL,10.63786661189
2018-04-01,Global USD,105.87637671943
2018-04-01,LFT,1164.16128732682
2018-04-01,LFT,575.69092610089
2018-04-01,LTN,855.48440515403
2018-04-01,LTN,420.70444824685
2018-04-01,NTN-B,985.11003449471
2018-04-01,NTN-B,472.19594509719
2018-04-01,NTN-C,74.53082744246
2018-04-01,NTN-F,393.77400802815
2018-04-01,NTN-F,271.71210222942
2018-04-01,Organismos Multilaterais,3.58398370775
2018-04-01,TDA,1.75284125781
2018-05-01,Credores Privados/Ag. Gov.,10.23735730695
2018-05-01,DPF EM PODER DO PÚBLICO,3716.714824900949
2018-05-01,DPFe ¹,142.96713868574
2018-05-01,DPMFi,3573.7476862152093
2018-05-01,DPMFi EM PODER DO BANCO CENTRAL,1753.44201870758
2018-05-01,Demais,45.17221529765
2018-05-01,Demais,0.0002322637
2018-05-01,Dívida Contratual,14.0071914538
2018-05-01,Dívida Mobiliária,128.95994723194
2018-05-01,Dívida Securitizada,5.94534082076
2018-05-01,Euro,4.37132
2018-05-01,Global BRL,10.72383635565
2018-05-01,Global USD,113.86479087629
2018-05-01,LFT,1181.56725079481
2018-05-01,LFT,578.82855201275
2018-05-01,LTN,879.29196853274
2018-05-01,LTN,430.25808997206
2018-05-01,NTN-B,985.3943565049
2018-05-01,NTN-B,469.90904381352
2018-05-01,NTN-C,76.17513413871
2018-05-01,NTN-F,398.48790836892
2018-05-01,NTN-F,274.44610064555
2018-05-01,Organismos Multilaterais,3.76983414685
2018-05-01,TDA,1.71351175672
2018-06-01,Credores Privados/Ag. Gov.,9.65395814147
2018-06-01,DPF EM PODER DO PÚBLICO,3754.0976069804005
2018-06-01,DPFe ¹,146.78907404346998
2018-06-01,DPMFi,3607.3085329369305
2018-06-01,DPMFi EM PODER DO BANCO CENTRAL,1769.5485851107198
2018-06-01,Demais,45.83011966965
2018-06-01,Demais,0.00023339423
2018-06-01,Dívida Contratual,13.49486506479
2018-06-01,Dívida Mobiliária,133.29420897868
2018-06-01,Dívida Securitizada,5.34972803988
2018-06-01,Euro,4.52461
2018-06-01,Global BRL,10.81051877426
2018-06-01,Global USD,117.95908020442
2018-06-01,LFT,1207.22916008388
2018-06-01,LFT,581.83951007701
2018-06-01,LTN,883.83835405737
2018-06-01,LTN,434.21956847015
2018-06-01,NTN-B,992.62343884876
2018-06-01,NTN-B,476.40743833022
2018-06-01,NTN-C,78.20807229466
2018-06-01,NTN-F,392.54647464878
2018-06-01,NTN-F,277.08183483911
2018-06-01,Organismos Multilaterais,3.84090692332
2018-06-01,TDA,1.68318529395
2018-07-01,Credores Privados/Ag. Gov.,9.48599355235
2018-07-01,DPF EM PODER DO PÚBLICO,3748.8361546688598
2018-07-01,DPFe ¹,141.28017884766
2018-07-01,DPMFi,3607.5559758212
2018-07-01,DPMFi EM PODER DO BANCO CENTRAL,1754.06125764645
2018-07-01,Demais,44.6643064326
2018-07-01,Demais,0.00023453032
2018-07-01,Dívida Contratual,13.08905441574
2018-07-01,Dívida Mobiliária,128.19112443192
2018-07-01,Dívida Securitizada,5.6884440307
2018-07-01,Euro,4.42772
2018-07-01,Global BRL,10.37814584353
2018-07-01,Global USD,113.38525858839
2018-07-01,LFT,1253.79759138488
2018-07-01,LFT,604.09721174405
2018-07-01,LTN,844.00989703947
2018-07-01,LTN,401.38105446549
2018-07-01,NTN-B,1005.03838591618
2018-07-01,NTN-B,482.88196627947
2018-07-01,NTN-C,76.81180842637
2018-07-01,NTN-F,375.90188296901
2018-07-01,NTN-F,265.70079062712
2018-07-01,Organismos Multilaterais,3.60306086339
2018-07-01,TDA,1.64365962199
2018-08-01,Credores Privados/Ag. Gov.,10.44486170656
2018-08-01,DPF EM PODER DO PÚBLICO,3785.6594712325705
2018-08-01,DPFe ¹,154.74739180723998
2018-08-01,DPMFi,3630.9120794253304
2018-08-01,DPMFi EM PODER DO BANCO CENTRAL,1744.8962933724601
2018-08-01,Demais,46.22480430642
2018-08-01,Demais,0.00023578083
2018-08-01,Dívida Contratual,14.45575949447
2018-08-01,Dívida Mobiliária,140.29163231277
2018-08-01,Dívida Securitizada,5.14234391312
2018-08-01,Euro,4.84287
2018-08-01,Global BRL,10.4620030466
2018-08-01,Global USD,124.98675926617
2018-08-01,LFT,1316.19768861521
2018-08-01,LFT,607.53980195535
2018-08-01,LTN,865.98095740916
2018-08-01,LTN,418.22517075885
2018-08-01,NTN-B,937.66880123724
2018-08-01,NTN-B,445.29780343698
2018-08-01,NTN-C,78.02634884892
2018-08-01,NTN-F,380.04836795495
2018-08-01,NTN-F,273.83328144045
2018-08-01,Organismos Multilaterais,4.01089778791
2018-08-01,TDA,1.62276714031
2018-09-01,Credores Privados/Ag. Gov.,10.52147198211
2018-09-01,DPF EM PODER DO PÚBLICO,3779.48410642981
2018-09-01,DPFe ¹,151.12463590016
2018-09-01,DPMFi,3628.35947052965
2018-09-01,DPMFi EM PODER DO BANCO CENTRAL,1781.94991302441
2018-09-01,Demais,44.7222973764
2018-09-01,Demais,0.00023687377
2018-09-01,Dívida Contratual,14.416613004750001
2018-09-01,Dívida Mobiliária,136.70802289541
2018-09-01,Dívida Securitizada,5.10267678211
2018-09-01,Euro,4.71117
2018-09-01,Global BRL,10.54652527667
2018-09-01,Global USD,121.45032761874
2018-09-01,LFT,1281.20749256722
2018-09-01,LFT,620.26957645888
2018-09-01,LTN,885.9792738806
2018-09-01,LTN,421.79803234992
2018-09-01,NTN-B,946.15945542011
2018-09-01,NTN-B,456.39888010531
2018-09-01,NTN-C,79.79972571547
2018-09-01,NTN-F,383.78000451063
2018-09-01,NTN-F,283.48318723653
2018-09-01,Organismos Multilaterais,3.89514102264
2018-09-01,TDA,1.60854427711
2018-10-01,Credores Privados/Ag. Gov.,9.64618319558
2018-10-01,DPF EM PODER DO PÚBLICO,3763.03891576745
2018-10-01,DPFe ¹,140.95004936656
2018-10-01,DPMFi,3622.08886640089
2018-10-01,DPMFi EM PODER DO BANCO CENTRAL,1762.9932306264302
2018-10-01,Demais,41.91897838097
2018-10-01,Demais,0.00023802676
2018-10-01,Dívida Contratual,13.27602662616
2018-10-01,Dívida Mobiliária,127.6740227404
2018-10-01,Dívida Securitizada,5.5858287179
2018-10-01,Euro,4.27553
2018-10-01,Global BRL,10.63182999343
2018-10-01,Global USD,112.76666274697
2018-10-01,LFT,1320.05766317348
2018-10-01,LFT,633.26506391237
2018-10-01,LTN,824.48592324417
2018-10-01,LTN,382.61758382049
2018-10-01,NTN-B,960.12196251852
2018-10-01,NTN-B,460.90175453218
2018-10-01,NTN-C,80.20110839365
2018-10-01,NTN-F,388.16027257153
2018-10-01,NTN-F,286.20859033463
2018-10-01,Organismos Multilaterais,3.62984343058
2018-10-01,TDA,1.55712940067
2018-11-01,Credores Privados/Ag. Gov.,10.51861147819
2018-11-01,DPF EM PODER DO PÚBLICO,3826.7367248684695
2018-11-01,DPFe ¹,146.96480982321
2018-11-01,DPMFi,3679.7719150452594
2018-11-01,DPMFi EM PODER DO BANCO CENTRAL,1773.17562939044
2018-11-01,Demais,40.96815894947
2018-11-01,Demais,0.00023913005
2018-11-01,Dívida Contratual,14.21756042985
2018-11-01,Dívida Mobiliária,132.74724939336
2018-11-01,Dívida Securitizada,5.1135201527
2018-11-01,Euro,4.45563
2018-11-01,Global BRL,10.71775208934
2018-11-01,Global USD,117.57386730402
2018-11-01,LFT,1347.84680001969
2018-11-01,LFT,636.40200567088
2018-11-01,LTN,853.88957269991
2018-11-01,LTN,385.87960308438
2018-11-01,NTN-B,956.97148107423
2018-11-01,NTN-B,456.95659629666
2018-11-01,NTN-C,80.45620157647
2018-11-01,NTN-F,392.98380027764
2018-11-01,NTN-F,293.93718520847
2018-11-01,Organismos Multilaterais,3.69894895166
2018-11-01,TDA,1.54238029515
2018-12-01,Credores Privados/Ag. Gov.,10.71067117416
2018-12-01,DPF EM PODER DO PÚBLICO,3877.0611142949797
2018-12-01,DPFe ¹,148.20391527028002
2018-12-01,DPMFi,3728.8571990246996
2018-12-01,DPMFi EM PODER DO BANCO CENTRAL,1794.2638248033802
2018-12-01,Demais,39.76593878805
2018-12-01,Demais,0.00024023854
2018-12-01,Dívida Contratual,14.394376679579999
2018-12-01,Dívida Mobiliária,133.80953859070001
2018-12-01,Dívida Securitizada,5.06280103787
2018-12-01,Euro,4.52619
2018-12-01,Global BRL,10.80444052409
2018-12-01,Global USD,118.47890806661
2018-12-01,LFT,1370.3819213975
2018-12-01,LFT,649.41869444988
2018-12-01,LTN,872.51251304242
2018-12-01,LTN,389.17086945353
2018-12-01,NTN-B,962.39227752434
2018-12-01,NTN-B,459.05538500865
2018-12-01,NTN-C,80.21173283986
2018-12-01,NTN-F,397.0939800446
2018-12-01,NTN-F,296.61863565278
2018-12-01,Organismos Multilaterais,3.68370550542
2018-12-01,TDA,1.43603435006
2019-01-01,Credores Privados/Ag. Gov.,10.44115936325
2019-01-01,DPF EM PODER DO PÚBLICO,3808.26250804812
2019-01-01,DPFe ¹,138.80660084660002
2019-01-01,DPMFi,3669.45590720152
2019-01-01,DPMFi EM PODER DO BANCO CENTRAL,1795.81764834497
2019-01-01,Demais,38.34843078252
2019-01-01,Demais,0.00024146369
2019-01-01,Dívida Contratual,13.931124708799999
2019-01-01,Dívida Mobiliária,124.8754761378
2019-01-01,Dívida Securitizada,4.70731626784
2019-01-01,Euro,4.28573
2019-01-01,Global BRL,10.37194079766
2019-01-01,Global USD,110.21780534014
2019-01-01,LFT,1399.95427182449
2019-01-01,LFT,661.68162099353
2019-01-01,LTN,793.32546416727
2019-01-01,LTN,376.61892127605
2019-01-01,NTN-B,979.5129578763
2019-01-01,NTN-B,472.8884838116
2019-01-01,NTN-C,78.36596585428
2019-01-01,NTN-F,373.80942395905
2019-01-01,NTN-F,284.6283808001
2019-01-01,Organismos Multilaterais,3.48996534555
2019-01-01,TDA,1.43207646977
2019-02-01,Credores Privados/Ag. Gov.,10.56555854073
2019-02-01,DPF EM PODER DO PÚBLICO,3873.5316023819
2019-02-01,DPFe ¹,141.91964524667
2019-02-01,DPMFi,3731.61195713523
2019-02-01,DPMFi EM PODER DO BANCO CENTRAL,1821.31981950713
2019-02-01,Demais,37.82852098298
2019-02-01,Demais,0.00024258296
2019-02-01,Dívida Contratual,14.1670494665
2019-02-01,Dívida Mobiliária,127.75259578017
2019-02-01,Dívida Securitizada,4.41041632997
2019-02-01,Euro,4.36192
2019-02-01,Global BRL,10.45579800073
2019-02-01,Global USD,112.93487777944
2019-02-01,LFT,1427.69194921492
2019-02-01,LFT,664.95935650779
2019-02-01,LTN,820.75510434908
2019-02-01,LTN,388.32284734664
2019-02-01,NTN-B,978.6229694922
2019-02-01,NTN-B,469.99077110166
2019-02-01,NTN-C,79.64003455667
2019-02-01,NTN-F,381.23905729019
2019-02-01,NTN-F,298.04660196808
2019-02-01,Organismos Multilaterais,3.60149092577
2019-02-01,TDA,1.42390491922
2019-03-01,Credores Privados/Ag. Gov.,10.94371069198
2019-03-01,DPF EM PODER DO PÚBLICO,3917.95284155628
2019-03-01,DPFe ¹,153.70274388025
2019-03-01,DPMFi,3764.25009767603
2019-03-01,DPMFi EM PODER DO BANCO CENTRAL,1819.02681128691
2019-03-01,Demais,38.59221306873
2019-03-01,Demais,0.0002437074
2019-03-01,Dívida Contratual,14.70415971709
2019-03-01,Dívida Mobiliária,138.99858416316002
2019-03-01,Dívida Securitizada,4.37097326969
2019-03-01,Euro,4.49418
2019-03-01,Global BRL,10.5402879351
2019-03-01,Global USD,123.96411622806
2019-03-01,LFT,1399.25237212294
2019-03-01,LFT,640.6645672857
2019-03-01,LTN,855.14475813686
2019-03-01,LTN,391.46901473584
2019-03-01,NTN-B,995.63249571668
2019-03-01,NTN-B,486.15182570692
2019-03-01,NTN-C,81.25058900046
2019-03-01,NTN-F,388.61632793458
2019-03-01,NTN-F,300.74115985105
2019-03-01,Organismos Multilaterais,3.76044902511
2019-03-01,TDA,1.39036842609
2019-04-01,Credores Privados/Ag. Gov.,10.9063186579
2019-04-01,DPF EM PODER DO PÚBLICO,3878.6852922191097
2019-04-01,DPFe ¹,155.29111401311002
2019-04-01,DPMFi,3723.3941782059997
2019-04-01,DPMFi EM PODER DO BANCO CENTRAL,1844.2622750806702
2019-04-01,Demais,37.45576094392
2019-04-01,Demais,0.00024483705
2019-04-01,Dívida Contratual,14.71146338144
2019-04-01,Dívida Mobiliária,140.57965063167
2019-04-01,Dívida Securitizada,4.03328651621
2019-04-01,Euro,4.42282
2019-04-01,Global BRL,10.62552284002
2019-04-01,Global USD,125.53130779165
2019-04-01,LFT,1427.86638637655
2019-04-01,LFT,655.91842521081
2019-04-01,LTN,763.48615530952
2019-04-01,LTN,392.95443002037
2019-04-01,NTN-B,1011.92508781518
2019-04-01,NTN-B,491.92871366143
2019-04-01,NTN-C,81.64694032744
2019-04-01,NTN-F,395.60994156702
2019-04-01,NTN-F,303.46046135101
2019-04-01,Organismos Multilaterais,3.80514472354
2019-04-01,TDA,1.37061935016
2019-05-01,Credores Privados/Ag. Gov.,10.91984117612
2019-05-01,DPF EM PODER DO PÚBLICO,3890.84626642906
2019-05-01,DPFe ¹,155.54147480722003
2019-05-01,DPMFi,3735.30479162184
2019-05-01,DPMFi EM PODER DO BANCO CENTRAL,1815.14104327403
2019-05-01,Demais,37.53625291992
2019-05-01,Demais,0.00024608564
2019-05-01,Dívida Contratual,14.61642103298
2019-05-01,Dívida Mobiliária,140.92505377424
2019-05-01,Dívida Securitizada,3.99694647497
2019-05-01,Euro,4.40763
2019-05-01,Global BRL,10.71141945207
2019-05-01,Global USD,125.80600432217
2019-05-01,LFT,1468.43760590018
2019-05-01,LFT,659.49441620376
2019-05-01,LTN,802.73636799095
2019-05-01,LTN,396.47381913893
2019-05-01,NTN-B,935.22233219893
2019-05-01,NTN-B,452.6920140446
2019-05-01,NTN-C,82.7157875717
2019-05-01,NTN-F,403.30912318424
2019-05-01,NTN-F,306.4805478011
2019-05-01,Organismos Multilaterais,3.69657985686
2019-05-01,TDA,1.35037538095
2019-06-01,Credores Privados/Ag. Gov.,10.0597718008
2019-06-01,DPF EM PODER DO PÚBLICO,3977.9888862459998
2019-06-01,DPFe ¹,151.68166425929002
2019-06-01,DPMFi,3826.30722198671
2019-06-01,DPMFi EM PODER DO BANCO CENTRAL,1826.8741280728502
2019-06-01,Demais,36.66676151939
2019-06-01,Demais,0.00024722633
2019-06-01,Dívida Contratual,13.58686013293
2019-06-01,Dívida Mobiliária,138.09480412636
2019-06-01,Dívida Securitizada,3.95891064783
2019-06-01,Euro,4.38284
2019-06-01,Global BRL,10.79803807498
2019-06-01,Global USD,122.91392605138
2019-06-01,LFT,1497.48819513875
2019-06-01,LFT,662.76223261811
2019-06-01,LTN,843.91468634997
2019-06-01,LTN,399.70213722116
2019-06-01,NTN-B,948.53958745184
2019-06-01,NTN-B,455.15694554659
2019-06-01,NTN-C,84.00261833291
2019-06-01,NTN-F,410.41843743931
2019-06-01,NTN-F,309.25256546066
2019-06-01,Organismos Multilaterais,3.52708833213
2019-06-01,TDA,1.31802510671
2019-07-01,Credores Privados/Ag. Gov.,9.66979561835
2019-07-01,DPF EM PODER DO PÚBLICO,3993.1949329779604
2019-07-01,DPFe ¹,146.84927088761003
2019-07-01,DPMFi,3846.3456620903503
2019-07-01,DPMFi EM PODER DO BANCO CENTRAL,1789.05841927593
2019-07-01,Demais,36.20824250953
2019-07-01,Demais,0.00024848716
2019-07-01,Dívida Contratual,12.97249706355
2019-07-01,Dívida Mobiliária,133.87677382406002
2019-07-01,Dívida Securitizada,3.92164413252
2019-07-01,Euro,4.22431
2019-07-01,Global BRL,10.36556051254
2019-07-01,Global USD,119.28690331152
2019-07-01,LFT,1526.99543152474
2019-07-01,LFT,676.60451788943
2019-07-01,LTN,827.00798436149
2019-07-01,LTN,357.57557614666
2019-07-01,NTN-B,966.02235804175
2019-07-01,NTN-B,458.01395699609
2019-07-01,NTN-C,82.43816792944
2019-07-01,NTN-F,402.46862814315
2019-07-01,NTN-F,296.86411975659
2019-07-01,Organismos Multilaterais,3.3027014452
2019-07-01,TDA,1.28320544773
2019-08-01,Credores Privados/Ag. Gov.,11.0056646874
2019-08-01,DPF EM PODER DO PÚBLICO,4074.17923420703
2019-08-01,DPFe ¹,160.87315427007997
2019-08-01,DPMFi,3913.30607993695
2019-08-01,DPMFi EM PODER DO BANCO CENTRAL,1808.5558525595
2019-08-01,Demais,36.08876592392
2019-08-01,Demais,0.00024981224
2019-08-01,Dívida Contratual,14.56455282776
2019-08-01,Dívida Mobiliária,146.30860144231997
2019-08-01,Dívida Securitizada,5.46558386104
2019-08-01,Euro,4.59605
2019-08-01,Global BRL,10.44933175592
2019-08-01,Global USD,131.2632196864
2019-08-01,LFT,1555.76393544462
2019-08-01,LFT,680.18173584361
2019-08-01,LTN,853.46946260688
2019-08-01,LTN,360.53315964066
2019-08-01,NTN-B,961.72281552714
2019-08-01,NTN-B,467.88655002707
2019-08-01,NTN-C,82.63871308622
2019-08-01,NTN-F,416.90897759773
2019-08-01,NTN-F,299.95415723592
2019-08-01,Organismos Multilaterais,3.55888814036
2019-08-01,TDA,1.2478258894
2019-09-01,Credores Privados/Ag. Gov.,11.07489131562
2019-09-01,DPF EM PODER DO PÚBLICO,4155.79759556309
2019-09-01,DPFe ¹,162.48944888212
2019-09-01,DPMFi,3993.3081466809704
2019-09-01,DPMFi EM PODER DO BANCO CENTRAL,1819.4994397820901
2019-09-01,Demais,35.9862334424
2019-09-01,Demais,0.00025097016
2019-09-01,Dívida Contratual,14.712680083430001
2019-09-01,Dívida Mobiliária,147.77676879869
2019-09-01,Dívida Securitizada,3.8553296088
2019-09-01,Euro,4.60125
2019-09-01,Global BRL,10.53379019029
2019-09-01,Global USD,132.6417286084
2019-09-01,LFT,1589.19827930829
2019-09-01,LFT,683.20677930295
2019-09-01,LTN,879.46123798095
2019-09-01,LTN,363.12556530143
2019-09-01,NTN-B,971.03806384
2019-09-01,NTN-B,470.49915295908
2019-09-01,NTN-C,83.24959421516
2019-09-01,NTN-F,429.2896478352
2019-09-01,NTN-F,302.66769124847
2019-09-01,Organismos Multilaterais,3.63778876781
2019-09-01,TDA,1.22976045017
2019-10-01,Credores Privados/Ag. Gov.,11.05458776076
2019-10-01,DPF EM PODER DO PÚBLICO,4120.84302524238
2019-10-01,DPFe ¹,154.7104906974
2019-10-01,DPMFi,3966.13253454498
2019-10-01,DPMFi EM PODER DO BANCO CENTRAL,1807.49650826892
2019-10-01,Demais,34.85420535142
2019-10-01,Demais,0.00025230839
2019-10-01,Dívida Contratual,14.56597093371
2019-10-01,Dívida Mobiliária,140.14451976369
2019-10-01,Dívida Securitizada,3.80793883452
2019-10-01,Euro,4.53594
2019-10-01,Global BRL,10.6189519635
2019-10-01,Global USD,124.98962780019
2019-10-01,LFT,1617.79893887066
2019-10-01,LFT,686.50938274116
2019-10-01,LTN,804.93795747376
2019-10-01,LTN,341.9585757593
2019-10-01,NTN-B,982.01567647314
2019-10-01,NTN-B,473.20920143456
2019-10-01,NTN-C,83.53011832536
2019-10-01,NTN-F,438.00001761512
2019-10-01,NTN-F,305.81909602551
2019-10-01,Organismos Multilaterais,3.51138317295
2019-10-01,TDA,1.187681601
2019-11-01,Credores Privados/Ag. Gov.,11.66153206225
2019-11-01,DPF EM PODER DO PÚBLICO,4205.417970902299
2019-11-01,DPFe ¹,171.51031562270998
2019-11-01,DPMFi,4033.9076552795896
2019-11-01,DPMFi EM PODER DO BANCO CENTRAL,1853.1971203064002
2019-11-01,Demais,35.90656447593
2019-11-01,Demais,0.0002535365
2019-11-01,Dívida Contratual,15.2743270696
2019-11-01,Dívida Mobiliária,156.23598855311
2019-11-01,Dívida Securitizada,3.77121680683
2019-11-01,Euro,4.74236
2019-11-01,Global BRL,10.7048324277
2019-11-01,Global USD,140.78879612541
2019-11-01,LFT,1646.59696266748
2019-11-01,LFT,689.26560944352
2019-11-01,LTN,832.91316647722
2019-11-01,LTN,378.3501953693
2019-11-01,NTN-B,984.74106172026
2019-11-01,NTN-B,470.57257532964
2019-11-01,NTN-C,84.46533074202
2019-11-01,NTN-F,444.34144014672
2019-11-01,NTN-F,315.00848662744
2019-11-01,Organismos Multilaterais,3.61279500735
2019-11-01,TDA,1.17191224313
2019-12-01,Credores Privados/Ag. Gov.,11.85098739172
2019-12-01,DPF EM PODER DO PÚBLICO,4248.909490862409
2019-12-01,DPFe ¹,165.68019116418003
2019-12-01,DPMFi,4083.229299698229
2019-12-01,DPMFi EM PODER DO BANCO CENTRAL,1888.70208931667
2019-12-01,Demais,35.43727843126
2019-12-01,Demais,0.00025471169
2019-12-01,Dívida Contratual,15.31023413201
2019-12-01,Dívida Mobiliária,150.36995703217002
2019-12-01,Dívida Securitizada,3.73585166122
2019-12-01,Euro,4.62288
2019-12-01,Global BRL,10.79137190276
2019-12-01,Global USD,134.95570512941
2019-12-01,LFT,1648.88904943759
2019-12-01,LFT,691.74349999758
2019-12-01,LTN,855.03302212957
2019-12-01,LTN,396.04696655576
2019-12-01,NTN-B,1002.19665304866
2019-12-01,NTN-B,476.79764511373
2019-12-01,NTN-C,86.84391334479
2019-12-01,NTN-F,449.97780767674
2019-12-01,NTN-F,324.11372293791
2019-12-01,Organismos Multilaterais,3.45924674029
2019-12-01,TDA,1.1157239684
2020-01-01,Credores Privados/Ag. Gov.,12.44818543399
2020-01-01,DPF EM PODER DO PÚBLICO,4229.61837904891
2020-01-01,DPFe ¹,172.07111988686
2020-01-01,DPMFi,4057.5472591620505
2020-01-01,DPMFi EM PODER DO BANCO CENTRAL,1890.79364048162
2020-01-01,Demais,36.08115900068
2020-01-01,Demais,0.0002456263
2020-01-01,Dívida Contratual,15.95354072629
2020-01-01,Dívida Mobiliária,156.11757916057002
2020-01-01,Dívida Securitizada,3.98485195483
2020-01-01,Euro,4.83985
2020-01-01,Global BRL,10.35886204462
2020-01-01,Global USD,140.91886711595
2020-01-01,LFT,1669.89096672865
2020-01-01,LFT,694.36362790236
2020-01-01,LTN,799.22307043459
2020-01-01,LTN,389.49753334193
2020-01-01,NTN-B,1022.81035331067
2020-01-01,NTN-B,489.65530493348
2020-01-01,NTN-C,85.34603303664
2020-01-01,NTN-F,439.10699782989
2020-01-01,NTN-F,317.27692867755
2020-01-01,Organismos Multilaterais,3.5053552923
2020-01-01,TDA,1.1038268661
2020-02-01,Credores Privados/Ag. Gov.,13.0608629285
2020-02-01,DPF EM PODER DO PÚBLICO,4281.03110430392
2020-02-01,DPFe ¹,181.07270036911999
2020-02-01,DPMFi,4099.9584039348
2020-02-01,DPMFi EM PODER DO BANCO CENTRAL,1901.57600989576
2020-02-01,Demais,36.4763855691
2020-02-01,Demais,0.00024670779
2020-02-01,Dívida Contratual,16.89499899845
2020-02-01,Dívida Mobiliária,164.17770137066998
2020-02-01,Dívida Securitizada,3.60373377951
2020-02-01,Euro,5.06767
2020-02-01,Global BRL,10.442601788
2020-02-01,Global USD,148.66742958267
2020-02-01,LFT,1679.21392256372
2020-02-01,LFT,696.53499549987
2020-02-01,LTN,825.51547928736
2020-02-01,LTN,391.9525731985
2020-02-01,NTN-B,1024.28301815275
2020-02-01,NTN-B,493.13647321376
2020-02-01,NTN-C,85.94679930806
2020-02-01,NTN-F,443.81706516921
2020-02-01,NTN-F,319.95172127584
2020-02-01,Organismos Multilaterais,3.83413606995
2020-02-01,TDA,1.10200010509
2020-03-01,Credores Privados/Ag. Gov.,14.93508996233
2020-03-01,DPF EM PODER DO PÚBLICO,4214.79094001561
2020-03-01,DPFe ¹,208.28942808673
2020-03-01,DPMFi,4006.50151192888
2020-03-01,DPMFi EM PODER DO BANCO CENTRAL,1857.25410576443
2020-03-01,Demais,38.61493375092
2020-03-01,Demais,0.0002479087
2020-03-01,Dívida Contratual,19.373560897049998
2020-03-01,Dívida Mobiliária,188.91586718968
2020-03-01,Dívida Securitizada,4.0489817023
2020-03-01,Euro,5.88566
2020-03-01,Global BRL,10.52704407452
2020-03-01,Global USD,172.50316311516
2020-03-01,LFT,1585.36881601831
2020-03-01,LFT,643.28148327418
2020-03-01,LTN,839.00114222132
2020-03-01,LTN,394.68512666251
2020-03-01,NTN-B,1009.12119086838
2020-03-01,NTN-B,496.3523340265
2020-03-01,NTN-C,87.6792378737
2020-03-01,NTN-F,441.60201152943
2020-03-01,NTN-F,322.93491389254
2020-03-01,Organismos Multilaterais,4.43847093472
2020-03-01,TDA,1.06519796452
2020-04-01,Credores Privados/Ag. Gov.,15.59212794918
2020-04-01,DPF EM PODER DO PÚBLICO,4160.81066094181
2020-04-01,DPFe ¹,217.10690077716998
2020-04-01,DPMFi,3943.7037601646402
2020-04-01,DPMFi EM PODER DO BANCO CENTRAL,1920.83817537204
2020-04-01,Demais,38.90473486414
2020-04-01,Demais,0.00024905782
2020-04-01,Dívida Contratual,20.28345352013
2020-04-01,Dívida Mobiliária,196.82344725704
2020-04-01,Dívida Securitizada,3.65766742474
2020-04-01,Euro,5.94205
2020-04-01,Global BRL,10.61218969988
2020-04-01,Global USD,180.26920755716
2020-04-01,LFT,1606.83438256138
2020-04-01,LFT,666.29823934276
2020-04-01,LTN,744.45399628874
2020-04-01,LTN,406.23835896961
2020-04-01,NTN-B,1015.26999167146
2020-04-01,NTN-B,498.04455504988
2020-04-01,NTN-C,88.02164168455
2020-04-01,NTN-F,445.51560747535
2020-04-01,NTN-F,350.25677295197
2020-04-01,Organismos Multilaterais,4.69132557095
2020-04-01,TDA,1.04573819428
2020-05-01,Credores Privados/Ag. Gov.,16.06321486382
2020-05-01,DPF EM PODER DO PÚBLICO,4250.92434308209
2020-05-01,DPFe ¹,217.9992961154
2020-05-01,DPMFi,4032.92504696669
2020-05-01,DPMFi EM PODER DO BANCO CENTRAL,1922.2478973335
2020-05-01,Demais,38.84580933189
2020-05-01,Demais,0.00025027008
2020-05-01,Dívida Contratual,20.64119154302
2020-05-01,Dívida Mobiliária,197.35810457238
2020-05-01,Dívida Securitizada,3.57431458845
2020-05-01,Euro,6.05248
2020-05-01,Global BRL,10.69796885224
2020-05-01,Global USD,180.60765572014
2020-05-01,LFT,1646.73277547901
2020-05-01,LFT,667.98016199468
2020-05-01,LTN,789.55133540875
2020-05-01,LTN,409.00938920911
2020-05-01,NTN-B,1014.06232296904
2020-05-01,NTN-B,491.81784426667
2020-05-01,NTN-C,88.99481084073
2020-05-01,NTN-F,450.13721244643
2020-05-01,NTN-F,353.44025159296
2020-05-01,Organismos Multilaterais,4.5779766792
2020-05-01,TDA,1.02646590239
2020-06-01,Credores Privados/Ag. Gov.,15.41209994659
2020-06-01,DPF EM PODER DO PÚBLICO,4389.93679881977
2020-06-01,DPFe ¹,239.02760904169
2020-06-01,DPMFi,4150.90918977808
2020-06-01,DPMFi EM PODER DO BANCO CENTRAL,1931.34956500393
2020-06-01,Demais,39.079145139
2020-06-01,Demais,0.00025143011
2020-06-01,Dívida Contratual,19.92454936483
2020-06-01,Dívida Mobiliária,219.10305967686
2020-06-01,Dívida Securitizada,3.65230023737
2020-06-01,Euro,6.19312
2020-06-01,Global BRL,10.78446669559
2020-06-01,Global USD,202.12547298127
2020-06-01,LFT,1673.71456182591
2020-06-01,LFT,669.35698558235
2020-06-01,LTN,855.99274976805
2020-06-01,LTN,411.66727851014
2020-06-01,NTN-B,1031.38680946776
2020-06-01,NTN-B,493.8251683698
2020-06-01,NTN-C,91.0351180344
2020-06-01,NTN-F,455.04457590723
2020-06-01,NTN-F,356.49988111153
2020-06-01,Organismos Multilaterais,4.51244941824
2020-06-01,TDA,1.00392939836
2020-07-01,Credores Privados/Ag. Gov.,15.52706697323
2020-07-01,DPF EM PODER DO PÚBLICO,4344.59175433426
2020-07-01,DPFe ¹,226.12895287389
2020-07-01,DPMFi,4118.46280146037
2020-07-01,DPMFi EM PODER DO BANCO CENTRAL,1877.52159272932
2020-07-01,Demais,36.85990858303
2020-07-01,Demais,0.00025277083
2020-07-01,Dívida Contratual,19.66123093697
2020-07-01,Dívida Mobiliária,206.46772193692001
2020-07-01,Dívida Securitizada,3.53819027553
2020-07-01,Euro,6.20642
2020-07-01,Global BRL,10.35193467346
2020-07-01,Global USD,189.90936726346
2020-07-01,LFT,1706.63878010848
2020-07-01,LFT,670.67513270127
2020-07-01,LTN,782.18652716604
2020-07-01,LTN,336.27444487984
2020-07-01,NTN-B,1055.36824492828
2020-07-01,NTN-B,517.87641167428
2020-07-01,NTN-C,91.00569359787
2020-07-01,NTN-F,441.88210526727
2020-07-01,NTN-F,352.6953507031
2020-07-01,Organismos Multilaterais,4.13416396374
2020-07-01,TDA,0.98335153387
2020-08-01,Credores Privados/Ag. Gov.,16.88561035441
2020-08-01,DPF EM PODER DO PÚBLICO,4412.418765559691
2020-08-01,DPFe ¹,238.25499855425
2020-08-01,DPMFi,4174.163767005441
2020-08-01,DPMFi EM PODER DO BANCO CENTRAL,1866.8128024406196
2020-08-01,Demais,38.51434311546
2020-08-01,Demais,0.00025399766
2020-08-01,Dívida Contratual,21.233685061800003
2020-08-01,Dívida Mobiliária,217.02131349245
2020-08-01,Dívida Securitizada,3.50450271289
2020-08-01,Euro,6.61364
2020-08-01,Global BRL,10.43557912114
2020-08-01,Global USD,199.97209437131
2020-08-01,LFT,1723.93129141064
2020-08-01,LFT,686.7033662741
2020-08-01,LTN,871.96148477519
2020-08-01,LTN,352.17621294169
2020-08-01,NTN-B,993.53637115763
2020-08-01,NTN-B,472.06613310886
2020-08-01,NTN-C,94.24041343555
2020-08-01,NTN-F,447.51101913567
2020-08-01,NTN-F,355.86683611831
2020-08-01,Organismos Multilaterais,4.34807470739
2020-08-01,TDA,0.96434126241
2020-09-01,Credores Privados/Ag. Gov.,17.19613768004
2020-09-01,DPF EM PODER DO PÚBLICO,4526.80894363518
2020-09-01,DPFe ¹,245.89369234019
2020-09-01,DPMFi,4280.91525129499
2020-09-01,DPMFi EM PODER DO BANCO CENTRAL,1869.72723868848
2020-09-01,Demais,39.88282837367
2020-09-01,Demais,0.00025523228
2020-09-01,Dívida Contratual,21.68196867471
2020-09-01,Dívida Mobiliária,224.21172366548
2020-09-01,Dívida Securitizada,3.47050423734
2020-09-01,Euro,6.70441
2020-09-01,Global BRL,10.5200274238
2020-09-01,Global USD,206.98728624168
2020-09-01,LFT,1660.14538195249
2020-09-01,LFT,638.87677695466
2020-09-01,LTN,1007.42281291905
2020-09-01,LTN,374.24947635627
2020-09-01,NTN-B,1013.86628346705
2020-09-01,NTN-B,476.35835716972
2020-09-01,NTN-C,99.06941477622
2020-09-01,NTN-F,456.10744676537
2020-09-01,NTN-F,380.24237297555
2020-09-01,Organismos Multilaterais,4.48583099467
2020-09-01,TDA,0.9505788038
2020-10-01,Credores Privados/Ag. Gov.,17.49501357091
2020-10-01,DPF EM PODER DO PÚBLICO,4638.54756060232
2020-10-01,DPFe ¹,251.59381517354
2020-10-01,DPMFi,4386.95374542878
2020-10-01,DPMFi EM PODER DO BANCO CENTRAL,1906.1216035455602
2020-10-01,Demais,40.02079983723
2020-10-01,Demais,0.00025653766
2020-10-01,Dívida Contratual,22.09158902435
2020-10-01,Dívida Mobiliária,229.50222614919
2020-10-01,Dívida Securitizada,4.63330411705
2020-10-01,Euro,6.83388
2020-10-01,Global BRL,10.60512540131
2020-10-01,Global USD,212.06322074788
2020-10-01,LFT,1678.16047021892
2020-10-01,LFT,655.50034004549
2020-10-01,LTN,1041.97549165028
2020-10-01,LTN,374.430600395
2020-10-01,NTN-B,1050.51797198998
2020-10-01,NTN-B,482.3677353597
2020-10-01,NTN-C,101.96382243374
2020-10-01,NTN-F,468.74792019339
2020-10-01,NTN-F,393.82267120771
2020-10-01,Organismos Multilaterais,4.59657545344
2020-10-01,TDA,0.93396498819
2020-11-01,Credores Privados/Ag. Gov.,16.87607022986
2020-11-01,DPF EM PODER DO PÚBLICO,4787.978015129081
2020-11-01,DPFe ¹,234.56754544072004
2020-11-01,DPMFi,4553.4104696883605
2020-11-01,DPMFi EM PODER DO BANCO CENTRAL,1910.91944732693
2020-11-01,Demais,38.52319741971
2020-11-01,Demais,0.00025766199
2020-11-01,Dívida Contratual,21.07208293261
2020-11-01,Dívida Mobiliária,213.49546250811002
2020-11-01,Dívida Securitizada,3.4360934543
2020-11-01,Euro,6.49959
2020-11-01,Global BRL,10.69088840582
2020-11-01,Global USD,196.30498410229
2020-11-01,LFT,1698.71738063342
2020-11-01,LFT,656.45127543685
2020-11-01,LTN,1142.53566031627
2020-11-01,LTN,376.32926263563
2020-11-01,NTN-B,1081.02088324399
2020-11-01,NTN-B,481.19484464796
2020-11-01,NTN-C,105.78179591181
2020-11-01,NTN-F,482.47463420532
2020-11-01,NTN-F,396.9438069445
2020-11-01,Organismos Multilaterais,4.19601270275
2020-11-01,TDA,0.92082450354
2020-12-01,Credores Privados/Ag. Gov.,16.73215775571
2020-12-01,DPF EM PODER DO PÚBLICO,5009.615682646979
2020-12-01,DPFe ¹,243.45399380405
2020-12-01,DPMFi,4766.161688842929
2020-12-01,DPMFi EM PODER DO BANCO CENTRAL,1925.7770956520399
2020-12-01,Demais,36.98966603785
2020-12-01,Demais,0.00025897562
2020-12-01,Dívida Contratual,20.76559660325
2020-12-01,Dívida Mobiliária,222.68839720079998
2020-12-01,Dívida Securitizada,3.77869611723
2020-12-01,Euro,6.51369
2020-12-01,Global BRL,10.77733860132
2020-12-01,Global USD,205.39736859948
2020-12-01,LFT,1739.30270218514
2020-12-01,LFT,657.55413440033
2020-12-01,LTN,1237.20234146303
2020-12-01,LTN,378.5407803352
2020-12-01,NTN-B,1145.73642255412
2020-12-01,NTN-B,489.09192248715
2020-12-01,NTN-C,107.77963801563
2020-12-01,NTN-F,494.52026526728
2020-12-01,NTN-F,400.58999945374
2020-12-01,Organismos Multilaterais,4.03343884754
2020-12-01,TDA,0.85195720265
2021-01-01,Credores Privados/Ag. Gov.,17.40526688234
2021-01-01,DPF EM PODER DO PÚBLICO,5059.37215065724
2021-01-01,DPFe ¹,237.88333696554002
2021-01-01,DPMFi,4821.4888136917
2021-01-01,DPMFi EM PODER DO BANCO CENTRAL,1887.9620930497697
2021-01-01,Demais,38.25796070358
2021-01-01,Demais,5.410965e-05
2021-01-01,Dívida Contratual,21.48364716521
2021-01-01,Dívida Mobiliária,216.39968980033
2021-01-01,Dívida Securitizada,3.37024431325
2021-01-01,Euro,6.81169
2021-01-01,Global BRL,10.34475893134
2021-01-01,Global USD,199.24324086899
2021-01-01,LFT,1781.52790292944
2021-01-01,LFT,658.6084915886
2021-01-01,LTN,1308.25094909211
2021-01-01,LTN,410.61485098704
2021-01-01,NTN-B,1192.41820442677
2021-01-01,NTN-B,495.23460361961
2021-01-01,NTN-C,108.00781917483
2021-01-01,NTN-F,388.80721403666
2021-01-01,NTN-F,323.50409274487
2021-01-01,Organismos Multilaterais,4.07838028287
2021-01-01,TDA,0.84851901506
2021-02-01,Credores Privados/Ag. Gov.,17.52565213615
2021-02-01,DPF EM PODER DO PÚBLICO,5198.587854756521
2021-02-01,DPFe ¹,247.92877936486002
2021-02-01,DPMFi,4950.659075391661
2021-02-01,DPMFi EM PODER DO BANCO CENTRAL,1921.0355099000399
2021-02-01,Demais,39.01790138049
2021-02-01,Demais,5.433836e-05
2021-02-01,Dívida Contratual,29.118147193810003
2021-02-01,Dívida Mobiliária,218.81063217105
2021-02-01,Dívida Securitizada,4.36402186585
2021-02-01,Euro,6.88959
2021-02-01,Global BRL,10.42836174731
2021-02-01,Global USD,201.49268042374
2021-02-01,LFT,1805.00225152825
2021-02-01,LFT,659.51365527951
2021-02-01,LTN,1372.14680305673
2021-02-01,LTN,442.63089682285
2021-02-01,NTN-B,1214.38976307545
2021-02-01,NTN-B,493.05318224674
2021-02-01,NTN-C,111.49225637539
2021-02-01,NTN-F,403.4034983783
2021-02-01,NTN-F,325.83772121258
2021-02-01,Organismos Multilaterais,11.59249505766
2021-02-01,TDA,0.8425797312
2021-03-01,Credores Privados/Ag. Gov.,17.69923225726
2021-03-01,DPF EM PODER DO PÚBLICO,5242.588432538119
2021-03-01,DPFe ¹,255.45849701850997
2021-03-01,DPMFi,4987.12993551961
2021-03-01,DPMFi EM PODER DO BANCO CENTRAL,1936.55289621277
2021-03-01,Demais,40.42845922973
2021-03-01,Demais,5.461357e-05
2021-03-01,Dívida Contratual,29.66184502794
2021-03-01,Dívida Mobiliária,225.79665199056998
2021-03-01,Dívida Securitizada,3.4338408077
2021-03-01,Euro,6.88325
2021-03-01,Global BRL,10.51270873813
2021-03-01,Global USD,208.40069325244
2021-03-01,LFT,1766.48113511579
2021-03-01,LFT,637.22474303654
2021-03-01,LTN,1395.46353019289
2021-03-01,LTN,465.32189735463
2021-03-01,NTN-B,1252.96876241099
2021-03-01,NTN-B,500.15166915148
2021-03-01,NTN-C,115.73213962078
2021-03-01,NTN-F,411.80312331128
2021-03-01,NTN-F,333.85453205655
2021-03-01,Organismos Multilaterais,11.96261277068
2021-03-01,TDA,0.81894483045
2021-04-01,Credores Privados/Ag. Gov.,17.14468519337
2021-04-01,DPF EM PODER DO PÚBLICO,5089.302676929359
2021-04-01,DPFe ¹,236.99899819678
2021-04-01,DPMFi,4852.303678732579
2021-04-01,DPMFi EM PODER DO BANCO CENTRAL,1961.68058238827
2021-04-01,Demais,38.29917326476
2021-04-01,Demais,5.486733e-05
2021-04-01,Dívida Contratual,28.506049436690002
2021-04-01,Dívida Mobiliária,208.49294876009
2021-04-01,Dívida Securitizada,3.39267174726
2021-04-01,Euro,0.0
2021-04-01,Global BRL,10.59768925595
2021-04-01,Global USD,197.89525950414
2021-04-01,LFT,1802.47540711512
2021-04-01,LFT,648.66258567598
2021-04-01,LTN,1196.12051507585
2021-04-01,LTN,450.72201573828
2021-04-01,NTN-B,1323.93394906326
2021-04-01,NTN-B,520.77983645663
2021-04-01,NTN-C,70.47115206277
2021-04-01,NTN-F,416.80866481436
2021-04-01,NTN-F,341.51608965005
2021-04-01,Organismos Multilaterais,11.36136424332
2021-04-01,TDA,0.8021455892
2021-05-01,Credores Privados/Ag. Gov.,16.96057304896
2021-05-01,DPF EM PODER DO PÚBLICO,5171.23327393689
2021-05-01,DPFe ¹,230.74661505909
2021-05-01,DPMFi,4940.4866588778
2021-05-01,DPMFi EM PODER DO BANCO CENTRAL,1967.38679897953
2021-05-01,Demais,38.22737959403
2021-05-01,Demais,5.513537e-05
2021-05-01,Dívida Contratual,28.05103562541
2021-05-01,Dívida Mobiliária,202.69557943368
2021-05-01,Dívida Securitizada,3.38055284351
2021-05-01,Euro,0.0
2021-05-01,Global BRL,10.6834582766
2021-05-01,Global USD,192.01212115708
2021-05-01,LFT,1826.16037161426
2021-05-01,LFT,650.4225481503
2021-05-01,LTN,1267.96178614433
2021-05-01,LTN,463.19926592937
2021-05-01,NTN-B,1304.72052266372
2021-05-01,NTN-B,499.29885985662
2021-05-01,NTN-C,73.89435463131
2021-05-01,NTN-F,425.35315526705
2021-05-01,NTN-F,354.46606990787
2021-05-01,Organismos Multilaterais,11.09046257645
2021-05-01,TDA,0.78853611959
2021-06-01,Credores Privados/Ag. Gov.,16.43719520178
2021-06-01,DPF EM PODER DO PÚBLICO,5329.9416761863995
2021-06-01,DPFe ¹,226.67351237679
2021-06-01,DPMFi,5103.268163809609
2021-06-01,DPMFi EM PODER DO BANCO CENTRAL,1980.5894224119102
2021-06-01,Demais,36.83442872268
2021-06-01,Demais,5.54034e-05
2021-06-01,Dívida Contratual,32.000597424380004
2021-06-01,Dívida Mobiliária,194.67291495241
2021-06-01,Dívida Securitizada,3.32416939001
2021-06-01,Global BRL,10.76988630811
2021-06-01,Global USD,183.9030286443
2021-06-01,LFT,1865.44231559489
2021-06-01,LFT,652.43103083657
2021-06-01,LTN,1322.53661717999
2021-06-01,LTN,465.74136804789
2021-06-01,NTN-B,1356.09000455189
2021-06-01,NTN-B,504.98525734059
2021-06-01,NTN-C,75.02451501058
2021-06-01,NTN-F,443.24683515899
2021-06-01,NTN-F,357.43171078346
2021-06-01,Organismos Multilaterais,15.5634022226
2021-06-01,TDA,0.76927820058
2021-07-01,Credores Privados/Ag. Gov.,16.88702519004
2021-07-01,DPF EM PODER DO PÚBLICO,5395.96564870614
2021-07-01,DPFe ¹,240.87156071555
2021-07-01,DPMFi,5155.09408799059
2021-07-01,DPMFi EM PODER DO BANCO CENTRAL,1962.82750869898
2021-07-01,Demais,37.09131353406
2021-07-01,Demais,5.569652e-05
2021-07-01,Dívida Contratual,32.75349338439
2021-07-01,Dívida Mobiliária,208.11806733116
2021-07-01,Dívida Securitizada,3.76292646524
2021-07-01,Euro,0.0
2021-07-01,Global BRL,10.33721134243
2021-07-01,Global USD,197.78085598873
2021-07-01,LFT,1920.03703072609
2021-07-01,LFT,665.0752444894
2021-07-01,LTN,1286.5666979989
2021-07-01,LTN,442.40034144661
2021-07-01,NTN-B,1402.05593677082
2021-07-01,NTN-B,511.44106064881
2021-07-01,NTN-C,72.4466285952
2021-07-01,NTN-F,432.38091486621
2021-07-01,NTN-F,343.91080641764
2021-07-01,Organismos Multilaterais,15.86646819435
2021-07-01,TDA,0.75263903407
2021-08-01,Credores Privados/Ag. Gov.,17.0363790145
2021-08-01,DPF EM PODER DO PÚBLICO,5480.747885960909
2021-08-01,DPFe ¹,243.50577120603998
2021-08-01,DPMFi,5237.242114754869
2021-08-01,DPMFi EM PODER DO BANCO CENTRAL,1970.1837603198
2021-08-01,Demais,37.56602343865
2021-08-01,Demais,5.596811e-05
2021-08-01,Dívida Contratual,34.17105057665
2021-08-01,Dívida Mobiliária,209.33472062938998
2021-08-01,Dívida Securitizada,3.45622193749
2021-08-01,Global BRL,10.42079801055
2021-08-01,Global USD,198.91392261884
2021-08-01,LFT,1974.77777129175
2021-08-01,LFT,667.81673230541
2021-08-01,LTN,1299.33003878697
2021-08-01,LTN,444.76663235701
2021-08-01,NTN-B,1411.27516035975
2021-08-01,NTN-B,510.81261841769
2021-08-01,NTN-C,73.52151966747
2021-08-01,NTN-F,436.57615140558
2021-08-01,NTN-F,346.78772127158
2021-08-01,Organismos Multilaterais,17.13467156215
2021-08-01,TDA,0.73922786721
2021-09-01,Credores Privados/Ag. Gov.,17.93091460759
2021-09-01,DPF EM PODER DO PÚBLICO,5443.404091578341
2021-09-01,DPFe ¹,257.70125536834
2021-09-01,DPMFi,5185.702836210001
2021-09-01,DPMFi EM PODER DO BANCO CENTRAL,1975.85892393513
2021-09-01,Demais,38.56087571074
2021-09-01,Demais,5.624328e-05
2021-09-01,Dívida Contratual,36.00544691741
2021-09-01,Dívida Mobiliária,221.69580845093
2021-09-01,Dívida Securitizada,4.75680752854
2021-09-01,Global BRL,10.50506585352
2021-09-01,Global USD,211.19074259741
2021-09-01,LFT,1842.71104855778
2021-09-01,LFT,570.45653951374
2021-09-01,LTN,1321.76432468913
2021-09-01,LTN,487.04231218232
2021-09-01,NTN-B,1462.04787167328
2021-09-01,NTN-B,548.62768855629
2021-09-01,NTN-C,73.6757614664
2021-09-01,NTN-F,441.45865340702
2021-09-01,NTN-F,369.7323274395
2021-09-01,Organismos Multilaterais,18.07453230982
2021-09-01,TDA,0.7274931771099999
2021-10-01,Credores Privados/Ag. Gov.,18.6569952174
2021-10-01,DPF EM PODER DO PÚBLICO,5373.109480855638
2021-10-01,DPFe ¹,267.40709524884
2021-10-01,DPMFi,5105.702385606798
2021-10-01,DPMFi EM PODER DO BANCO CENTRAL,1996.6832125971
2021-10-01,Demais,39.13832518775
2021-10-01,Demais,5.651491e-05
2021-10-01,Dívida Contratual,37.428298207089995
2021-10-01,Dívida Mobiliária,229.97879704175
2021-10-01,Dívida Securitizada,3.29047442701
2021-10-01,Euro,0.0
2021-10-01,Global BRL,10.59005238748
2021-10-01,Global USD,219.38874465427
2021-10-01,LFT,1938.38443973465
2021-10-01,LFT,593.49782313804
2021-10-01,LTN,1101.81399366511
2021-10-01,LTN,452.24423329263
2021-10-01,NTN-B,1499.45563345501
2021-10-01,NTN-B,578.10823910743
2021-10-01,NTN-C,74.72002130026
2021-10-01,NTN-F,448.1884939581
2021-10-01,NTN-F,372.83286054409
2021-10-01,Organismos Multilaterais,18.77130298969
2021-10-01,TDA,0.71100387891
2021-11-01,Credores Privados/Ag. Gov.,17.9895384343
2021-11-01,DPF EM PODER DO PÚBLICO,5498.8324067697895
2021-11-01,DPFe ¹,266.30308209947
2021-11-01,DPMFi,5232.5293246703195
2021-11-01,DPMFi EM PODER DO BANCO CENTRAL,2006.4285214312401
2021-11-01,Demais,38.54230243401
2021-11-01,Demais,5.676509e-05
2021-11-01,Dívida Contratual,36.66859262256
2021-11-01,Dívida Mobiliária,229.63448947691
2021-11-01,Dívida Securitizada,7.77428459138
2021-11-01,Euro,0.0
2021-11-01,Global BRL,10.67570394844
2021-11-01,Global USD,218.95878552847
2021-11-01,LFT,2009.2591998388
2021-11-01,LFT,596.8421921808
2021-11-01,LTN,1122.25403161899
2021-11-01,LTN,454.60447204139
2021-11-01,NTN-B,1523.10773500673
2021-11-01,NTN-B,579.32042608715
2021-11-01,NTN-C,75.29766636891
2021-11-01,NTN-F,455.59665235731
2021-11-01,NTN-F,375.66137435681
2021-11-01,Organismos Multilaterais,18.67905418826
2021-11-01,TDA,0.69745245419
2021-12-01,Credores Privados/Ag. Gov.,17.63407118937
2021-12-01,DPF EM PODER DO PÚBLICO,5613.65586037961
2021-12-01,DPFe ¹,264.71981039155
2021-12-01,DPMFi,5348.93604998806
2021-12-01,DPMFi EM PODER DO BANCO CENTRAL,2029.3940347264797
2021-12-01,Demais,37.94660351549
2021-12-01,Demais,5.709191e-05
2021-12-01,Dívida Contratual,36.11933385183
2021-12-01,Dívida Mobiliária,228.60047653972
2021-12-01,Dívida Securitizada,3.66040745481
2021-12-01,Euro,0.0
2021-12-01,Global BRL,10.76209034824
2021-12-01,Global USD,217.83838619148
2021-12-01,LFT,2063.54297285825
2021-12-01,LFT,601.44406651922
2021-12-01,LTN,1147.52455390595
2021-12-01,LTN,461.61431895698
2021-12-01,NTN-B,1554.78380019046
2021-12-01,NTN-B,587.22038393991
2021-12-01,NTN-C,76.60823915382
2021-12-01,NTN-F,464.21672191896
2021-12-01,NTN-F,379.11520821846
2021-12-01,Organismos Multilaterais,18.48526266246
2021-12-01,TDA,0.65275099032
2022-01-01,Credores Privados/Ag. Gov.,16.63299592063
2022-01-01,DPF EM PODER DO PÚBLICO,5616.22093730975
2022-01-01,DPFe ¹,249.43747041366004
2022-01-01,DPMFi,5366.78346689609
2022-01-01,DPMFi EM PODER DO BANCO CENTRAL,2022.61114161984
2022-01-01,Demais,37.12369997976
2022-01-01,Demais,5.740509e-05
2022-01-01,Dívida Contratual,34.231791807600004
2022-01-01,Dívida Mobiliária,215.20567860606002
2022-01-01,Dívida Securitizada,5.31679149792
2022-01-01,Euro,0.0
2022-01-01,Global BRL,8.09426232715
2022-01-01,Global USD,207.11141627891
2022-01-01,LFT,2152.34608259714
2022-01-01,LFT,610.89599905806
2022-01-01,LTN,1049.92546049641
2022-01-01,LTN,428.66949489291
2022-01-01,NTN-B,1594.39084401056
2022-01-01,NTN-B,612.9893782827
2022-01-01,NTN-C,74.65469314048
2022-01-01,NTN-F,452.37405317466
2022-01-01,NTN-F,370.05621198108
2022-01-01,Organismos Multilaterais,17.59879588697
2022-01-01,TDA,0.65184199916
2022-02-01,Credores Privados/Ag. Gov.,15.90450804756
2022-02-01,DPF EM PODER DO PÚBLICO,5730.3315174337395
2022-02-01,DPFe ¹,240.01488658364002
2022-02-01,DPMFi,5490.3166308500995
2022-02-01,DPMFi EM PODER DO BANCO CENTRAL,2030.25500455088
2022-02-01,Demais,36.20435952077
2022-02-01,Demais,5.767512e-05
2022-02-01,Dívida Contratual,32.879478681820004
2022-02-01,Dívida Mobiliária,207.13540790182
2022-02-01,Dívida Securitizada,3.26874182709
2022-02-01,Euro,0.0
2022-02-01,Global BRL,8.15512758565
2022-02-01,Global USD,198.98028031617
2022-02-01,LFT,2236.87503839265
2022-02-01,LFT,615.76295516235
2022-02-01,LTN,1070.02944743734
2022-02-01,LTN,431.02433513055
2022-02-01,NTN-B,1603.95259736191
2022-02-01,NTN-B,610.4514251537
2022-02-01,NTN-C,76.60564218572
2022-02-01,NTN-F,462.73420570595
2022-02-01,NTN-F,373.01623142916
2022-02-01,Organismos Multilaterais,16.97497063426
2022-02-01,TDA,0.64659841867
2022-03-01,Credores Privados/Ag. Gov.,14.71050515219
2022-03-01,DPF EM PODER DO PÚBLICO,5564.94859954017
2022-03-01,DPFe ¹,222.49921114577
2022-03-01,DPMFi,5342.4493883944
2022-03-01,DPMFi EM PODER DO BANCO CENTRAL,2050.47473513869
2022-03-01,Demais,34.61372658386
2022-03-01,Demais,5.800786e-05
2022-03-01,Dívida Contratual,30.3128961913
2022-03-01,Dívida Mobiliária,192.18631495447
2022-03-01,Dívida Securitizada,3.25479877383
2022-03-01,Global BRL,8.21643623125
2022-03-01,Global USD,183.96987872322
2022-03-01,LFT,2011.35646518521
2022-03-01,LFT,602.83402372146
2022-03-01,LTN,1097.27294286597
2022-03-01,LTN,441.64200635226
2022-03-01,NTN-B,1648.98131287237
2022-03-01,NTN-B,625.85867005751
2022-03-01,NTN-C,78.57934318178
2022-03-01,NTN-F,467.76271279963
2022-03-01,NTN-F,380.1399769996
2022-03-01,Organismos Multilaterais,15.60239103911
2022-03-01,TDA,0.62808613175
2022-04-01,Credores Privados/Ag. Gov.,14.43447454024
2022-04-01,DPF EM PODER DO PÚBLICO,5589.95143248488
2022-04-01,DPFe ¹,230.19470214229
2022-04-01,DPMFi,5359.756730342589
2022-04-01,DPMFi EM PODER DO BANCO CENTRAL,2074.07230083572
2022-04-01,Demais,35.05362543062
2022-04-01,Demais,5.831139e-05
2022-04-01,Dívida Contratual,30.650052230380002
2022-04-01,Dívida Mobiliária,199.54464991191
2022-04-01,Dívida Securitizada,2.58468647233
2022-04-01,Global BRL,8.2782359118
2022-04-01,Global USD,191.26641400011
2022-04-01,LFT,2045.72819779327
2022-04-01,LFT,614.35412624299
2022-04-01,LTN,1026.60501122399
2022-04-01,LTN,421.06327758283
2022-04-01,NTN-B,1696.54954084612
2022-04-01,NTN-B,649.4631686373
2022-04-01,NTN-C,80.31183394562
2022-04-01,NTN-F,472.30729518662
2022-04-01,NTN-F,389.19167006121
2022-04-01,Organismos Multilaterais,16.21557769014
2022-04-01,TDA,0.61653944402
2022-05-01,Credores Privados/Ag. Gov.,14.10791446843
2022-05-01,DPF EM PODER DO PÚBLICO,5702.23133532125
2022-05-01,DPFe ¹,226.26714013701002
2022-05-01,DPMFi,5475.96419518424
2022-05-01,DPMFi EM PODER DO BANCO CENTRAL,2085.80769346506
2022-05-01,Demais,34.35516574165
2022-05-01,Demais,5.868751e-05
2022-05-01,Dívida Contratual,33.661380185750005
2022-05-01,Dívida Mobiliária,192.60575995126
2022-05-01,Dívida Securitizada,2.59070150174
2022-05-01,Euro,0.0
2022-05-01,Global BRL,8.34047897945
2022-05-01,Global USD,184.26528097181
2022-05-01,LFT,2094.93892214017
2022-05-01,LFT,620.46126229048
2022-05-01,LTN,1066.14273158828
2022-05-01,LTN,423.65955383601
2022-05-01,NTN-B,1718.59756886815
2022-05-01,NTN-B,649.20840793987
2022-05-01,NTN-C,81.41096994025
2022-05-01,NTN-F,477.31907330866
2022-05-01,NTN-F,392.47841071119
2022-05-01,Organismos Multilaterais,19.55346571732
2022-05-01,TDA,0.60906209534
2022-06-01,Credores Privados/Ag. Gov.,14.63206968859
2022-06-01,DPF EM PODER DO PÚBLICO,5845.544107255629
2022-06-01,DPFe ¹,250.16507142236003
2022-06-01,DPMFi,5595.379035833269
2022-06-01,DPMFi EM PODER DO BANCO CENTRAL,2104.74748417981
2022-06-01,Demais,36.53675994585
2022-06-01,Demais,5.906242e-05
2022-06-01,Dívida Contratual,37.268994903250004
2022-06-01,Dívida Mobiliária,212.89607651911
2022-06-01,Dívida Securitizada,2.88313792163
2022-06-01,Global BRL,8.40321308205
2022-06-01,Global USD,204.49286343706
2022-06-01,LFT,2140.79173215891
2022-06-01,LFT,626.79481123351
2022-06-01,LTN,1101.38597280412
2022-06-01,LTN,426.27350018089
2022-06-01,NTN-B,1748.49891338158
2022-06-01,NTN-B,655.88516055735
2022-06-01,NTN-C,82.55057912791
2022-06-01,NTN-F,482.138260653
2022-06-01,NTN-F,395.79395314564
2022-06-01,Organismos Multilaterais,22.63692521466
2022-06-01,TDA,0.59367984027
2022-07-01,Credores Privados/Ag. Gov.,14.66761831952
2022-07-01,DPF EM PODER DO PÚBLICO,5804.391664586829
2022-07-01,DPFe ¹,245.80596347553
2022-07-01,DPMFi,5558.585701111299
2022-07-01,DPMFi EM PODER DO BANCO CENTRAL,2098.95898348759
2022-07-01,Demais,35.89236838086
2022-07-01,Demais,5.946533e-05
2022-07-01,Dívida Contratual,37.11720005256
2022-07-01,Dívida Mobiliária,208.68876342297
2022-07-01,Dívida Securitizada,3.4816842262
2022-07-01,Euro,0.0
2022-07-01,Global BRL,8.08624634855
2022-07-01,Global USD,200.60251707442
2022-07-01,LFT,2188.28193073409
2022-07-01,LFT,633.63917211301
2022-07-01,LTN,1021.76378469289
2022-07-01,LTN,425.68588287417
2022-07-01,NTN-B,1764.64208354043
2022-07-01,NTN-B,658.97902422532
2022-07-01,NTN-C,79.22088735955
2022-07-01,NTN-F,464.72382448304
2022-07-01,NTN-F,380.65484480976
2022-07-01,Organismos Multilaterais,22.44958173304
2022-07-01,TDA,0.57913769424
2022-08-01,Credores Privados/Ag. Gov.,14.39821148067
2022-08-01,DPF EM PODER DO PÚBLICO,5781.3675538219195
2022-08-01,DPFe ¹,245.85222080544003
2022-08-01,DPMFi,5535.515333016479
2022-08-01,DPMFi EM PODER DO BANCO CENTRAL,2091.60670589612
2022-08-01,Demais,35.27466154173
2022-08-01,Demais,5.990552e-05
2022-08-01,Dívida Contratual,37.166716558160005
2022-08-01,Dívida Mobiliária,208.68550424728002
2022-08-01,Dívida Securitizada,4.58707619718
2022-08-01,Euro,0.0
2022-08-01,Global BRL,8.1470639592
2022-08-01,Global USD,200.53844028808
2022-08-01,LFT,2258.830550706
2022-08-01,LFT,650.83147083913
2022-08-01,LTN,1083.76807777674
2022-08-01,LTN,443.52577842521
2022-08-01,NTN-B,1600.59835859461
2022-08-01,NTN-B,613.22525764096
2022-08-01,NTN-C,79.36032577876
2022-08-01,NTN-F,472.52319605852
2022-08-01,NTN-F,384.0241390853
2022-08-01,Organismos Multilaterais,22.76850507749
2022-08-01,TDA,0.57308636294
2022-09-01,Credores Privados/Ag. Gov.,14.60388252336
2022-09-01,DPF EM PODER DO PÚBLICO,5751.983877804951
2022-09-01,DPFe ¹,256.47338874503
2022-09-01,DPMFi,5495.5104890599205
2022-09-01,DPMFi EM PODER DO BANCO CENTRAL,2044.7298421385099
2022-09-01,Demais,36.57551878925
2022-09-01,Demais,6.030758e-05
2022-09-01,Dívida Contratual,38.24300324148
2022-09-01,Dívida Mobiliária,218.23038550355
2022-09-01,Dívida Securitizada,2.5805294757
2022-09-01,Euro,0.0
2022-09-01,Global BRL,8.20835645695
2022-09-01,Global USD,210.0220290466
2022-09-01,LFT,2131.1944578845
2022-09-01,LFT,422.06188569661
2022-09-01,LTN,1136.74218515879
2022-09-01,LTN,506.61116038499
2022-09-01,NTN-B,1629.95694861457
2022-09-01,NTN-B,668.6673344254
2022-09-01,NTN-C,79.25535649491
2022-09-01,NTN-F,478.64477547987
2022-09-01,NTN-F,447.38940132393
2022-09-01,Organismos Multilaterais,23.63912071812
2022-09-01,TDA,0.56071716233
2022-10-01,Credores Privados/Ag. Gov.,14.19255858312
2022-10-01,DPF EM PODER DO PÚBLICO,5778.275256854269
2022-10-01,DPFe ¹,249.99639240155
2022-10-01,DPMFi,5528.278864452719
2022-10-01,DPMFi EM PODER DO BANCO CENTRAL,2071.94672223148
2022-10-01,Demais,34.7017937133
2022-10-01,Demais,6.067716e-05
2022-10-01,Dívida Contratual,37.241168794909996
2022-10-01,Dívida Mobiliária,212.75522360664
2022-10-01,Dívida Securitizada,2.89669062953
2022-10-01,Euro,0.0
2022-10-01,Global BRL,8.2700608418
2022-10-01,Global USD,204.48516276484
2022-10-01,LFT,2187.48162254213
2022-10-01,LFT,456.46703451393
2022-10-01,LTN,1069.05769282223
2022-10-01,LTN,471.78036453992
2022-10-01,NTN-B,1668.4191785991
2022-10-01,NTN-B,692.64994222127
2022-10-01,NTN-C,79.09253843615
2022-10-01,NTN-F,486.07809044907
2022-10-01,NTN-F,451.0493202792
2022-10-01,Organismos Multilaterais,23.04861021179
2022-10-01,TDA,0.55125726121
2022-11-01,Credores Privados/Ag. Gov.,16.78347431944
2022-11-01,DPF EM PODER DO PÚBLICO,5870.83866349773
2022-11-01,DPFe ¹,254.73235762718002
2022-11-01,DPMFi,5616.1063058705495
2022-11-01,DPMFi EM PODER DO BANCO CENTRAL,2126.41150637452
2022-11-01,Demais,33.73553705023
2022-11-01,Demais,6.105142e-05
2022-11-01,Dívida Contratual,40.02917978076
2022-11-01,Dívida Mobiliária,214.70317784642
2022-11-01,Dívida Securitizada,3.94100089138
2022-11-01,Euro,0.0
2022-11-01,Global BRL,8.3322562616
2022-11-01,Global USD,206.37092158482
2022-11-01,LFT,2237.03085013885
2022-11-01,LFT,476.35644343234
2022-11-01,LTN,1087.49282768707
2022-11-01,LTN,475.06477911342
2022-11-01,NTN-B,1683.26468072445
2022-11-01,NTN-B,700.21805975902
2022-11-01,NTN-C,79.24448296762
2022-11-01,NTN-F,490.85633191315
2022-11-01,NTN-F,474.77216301832
2022-11-01,Organismos Multilaterais,23.24570546132
2022-11-01,TDA,0.5405944978
2022-12-01,Credores Privados/Ag. Gov.,17.31806599939
2022-12-01,DPF EM PODER DO PÚBLICO,5951.42944050224
2022-12-01,DPFe ¹,252.45420418476002
2022-12-01,DPMFi,5698.97523631748
2022-12-01,DPMFi EM PODER DO BANCO CENTRAL,2155.46363579886
2022-12-01,Demais,33.22555040018
2022-12-01,Demais,6.15096e-05
2022-12-01,Dívida Contratual,40.276772633700006
2022-12-01,Dívida Mobiliária,212.17743155106
2022-12-01,Dívida Securitizada,3.13693922397
2022-12-01,Euro,0.0
2022-12-01,Global BRL,8.3949265685
2022-12-01,Global USD,203.78250498256
2022-12-01,LFT,2272.57207020236
2022-12-01,LFT,482.00364795489
2022-12-01,LTN,1102.49222602299
2022-12-01,LTN,480.58952716077
2022-12-01,NTN-B,1710.38846000208
2022-12-01,NTN-B,707.54219745527
2022-12-01,NTN-C,80.28159981343
2022-12-01,NTN-F,496.37665902388
2022-12-01,NTN-F,485.32820171833
2022-12-01,Organismos Multilaterais,22.95870663431
2022-12-01,TDA,0.50173162859
2023-01-01,Credores Privados/Ag. Gov.,17.13352065079
2023-01-01,DPF EM PODER DO PÚBLICO,5768.72770037271
2023-01-01,DPFe ¹,233.98261100708
2023-01-01,DPMFi,5534.7450893656305
2023-01-01,DPMFi EM PODER DO BANCO CENTRAL,2155.73253179554
2023-01-01,Demais,32.71079599772
2023-01-01,Demais,6.193035e-05
2023-01-01,Dívida Contratual,39.64986684995
2023-01-01,Dívida Mobiliária,194.33274415713
2023-01-01,Dívida Securitizada,3.00802039317
2023-01-01,Euro,0.0
2023-01-01,Global BRL,8.077959835
2023-01-01,Global USD,186.25478432213
2023-01-01,LFT,2331.7881529769
2023-01-01,LFT,507.32316443649
2023-01-01,LTN,991.17136353621
2023-01-01,LTN,494.19720679023
2023-01-01,NTN-B,1743.68984545578
2023-01-01,NTN-B,739.97217468566
2023-01-01,NTN-B1,0.013010950969999999
2023-01-01,NTN-C,77.00247563237
2023-01-01,NTN-F,354.85898903992
2023-01-01,NTN-F,414.23992395281
2023-01-01,Organismos Multilaterais,22.51634619916
2023-01-01,TDA,0.50243538259
2023-02-01,Credores Privados/Ag. Gov.,17.42762978208
2023-02-01,DPF EM PODER DO PÚBLICO,5856.033797117971
2023-02-01,DPFe ¹,239.14497837333
2023-02-01,DPMFi,5616.888818744641
2023-02-01,DPMFi EM PODER DO BANCO CENTRAL,2182.32918098686
2023-02-01,Demais,33.207216639760006
2023-02-01,Demais,6.224352e-05
2023-02-01,Dívida Contratual,40.511473545019996
2023-02-01,Dívida Mobiliária,198.63350482831
2023-02-01,Dívida Securitizada,2.51080608589
2023-02-01,Euro,0.0
2023-02-01,Global BRL,8.13871364995
2023-02-01,Global USD,190.49479117836
2023-02-01,LFT,2376.58927712871
2023-02-01,LFT,512.02483361693
2023-02-01,LTN,1021.33718309324
2023-02-01,LTN,497.56363794257
2023-02-01,NTN-B,1744.52544845592
2023-02-01,NTN-B,755.44273534988
2023-02-01,NTN-B1,0.18976089010000002
2023-02-01,NTN-C,77.49857889021
2023-02-01,NTN-F,360.53028651981
2023-02-01,NTN-F,417.29791183396
2023-02-01,Organismos Multilaterais,23.08384376294
2023-02-01,TDA,0.500261041
2023-03-01,Credores Privados/Ag. Gov.,17.40055711695
2023-03-01,DPF EM PODER DO PÚBLICO,5892.702691728169
2023-03-01,DPFe ¹,234.35765131709996
2023-03-01,DPMFi,5658.345040411069
2023-03-01,DPMFi EM PODER DO BANCO CENTRAL,2206.02540782668
2023-03-01,Demais,32.75144315246
2023-03-01,Demais,6.272123e-05
2023-03-01,Dívida Contratual,39.71632411768
2023-03-01,Dívida Mobiliária,194.64132719941998
2023-03-01,Dívida Securitizada,7.67219409818
2023-03-01,Euro,0.0
2023-03-01,Global BRL,8.199910852
2023-03-01,Global USD,186.44141634742
2023-03-01,LFT,2294.30619974326
2023-03-01,LFT,517.3509848406
2023-03-01,LTN,1079.80866207166
2023-03-01,LTN,501.9009950797
2023-03-01,NTN-B,1797.42156262395
2023-03-01,NTN-B,765.5339962742
2023-03-01,NTN-B1,0.44481762701000005
2023-03-01,NTN-C,78.22596906661
2023-03-01,NTN-F,367.22611511774
2023-03-01,NTN-F,421.23936891095
2023-03-01,Organismos Multilaterais,22.31576700073
2023-03-01,TDA,0.4880769102
2023-04-01,Credores Privados/Ag. Gov.,17.1936209999
2023-04-01,DPF EM PODER DO PÚBLICO,6032.820728137492
2023-04-01,DPFe ¹,242.41660049952003
2023-04-01,DPMFi,5790.404127637971
2023-04-01,DPMFi EM PODER DO BANCO CENTRAL,2225.31576847425
2023-04-01,Demais,31.01961600262
2023-04-01,Demais,6.30571e-05
2023-04-01,Dívida Contratual,39.247022702959995
2023-04-01,Dívida Mobiliária,203.16957779656002
2023-04-01,Dívida Securitizada,2.86828962144
2023-04-01,Euro,0.0
2023-04-01,Global BRL,8.261567589
2023-04-01,Global USD,194.90801020756
2023-04-01,LFT,2339.56126562932
2023-04-01,LFT,522.4167918172
2023-04-01,LTN,1112.54607911478
2023-04-01,LTN,504.28530744815
2023-04-01,NTN-B,1849.520317952
2023-04-01,NTN-B,774.08920333557
2023-04-01,NTN-B1,0.5979061749
2023-04-01,NTN-C,78.07864800882
2023-04-01,NTN-F,375.73688072226
2023-04-01,NTN-F,424.52440281623
2023-04-01,Organismos Multilaterais,22.05340170306
2023-04-01,TDA,0.47512441183
2023-05-01,Credores Privados/Ag. Gov.,16.70121191352
2023-05-01,DPF EM PODER DO PÚBLICO,6013.962889444
2023-05-01,DPFe ¹,246.78042488557003
2023-05-01,DPMFi,5767.18246455843
2023-05-01,DPMFi EM PODER DO BANCO CENTRAL,2235.2074546793497
2023-05-01,Demais,31.194439108770002
2023-05-01,Demais,6.34941e-05
2023-05-01,Dívida Contratual,39.37851947421
2023-05-01,Dívida Mobiliária,207.40190541136002
2023-05-01,Dívida Securitizada,2.47873382948
2023-05-01,Euro,0.0
2023-05-01,Global BRL,8.3236992131
2023-05-01,Global USD,199.07820619826
2023-05-01,LFT,2386.55753572095
2023-05-01,LFT,542.07448303682
2023-05-01,LTN,1180.30397986616
2023-05-01,LTN,518.31326046619
2023-05-01,NTN-B,1702.66964041054
2023-05-01,NTN-B,746.6335607462
2023-05-01,NTN-B1,0.75124446471
2023-05-01,NTN-C,77.28382095214
2023-05-01,NTN-F,385.47413523172
2023-05-01,NTN-F,428.18608693604
2023-05-01,Organismos Multilaterais,22.67730756069
2023-05-01,TDA,0.46893497396
2023-06-01,Credores Privados/Ag. Gov.,15.61834728426
2023-06-01,DPF EM PODER DO PÚBLICO,6191.46305812111
2023-06-01,DPFe ¹,234.04429877996
2023-06-01,DPMFi,5957.418759341151
2023-06-01,DPMFi EM PODER DO BANCO CENTRAL,2252.93244617589
2023-06-01,Demais,30.24947822012
2023-06-01,Demais,6.391741e-05
2023-06-01,Dívida Contratual,36.997325412020004
2023-06-01,Dívida Mobiliária,197.04697336794
2023-06-01,Dívida Securitizada,2.88752868975
2023-06-01,Euro,0.0
2023-06-01,Global BRL,8.38632187215
2023-06-01,Global USD,188.66065149579
2023-06-01,LFT,2442.97758852374
2023-06-01,LFT,547.94346674345
2023-06-01,LTN,1260.42683231136
2023-06-01,LTN,522.45097679998
2023-06-01,NTN-B,1738.01118504469
2023-06-01,NTN-B,750.65747976296
2023-06-01,NTN-B1,0.88017281915
2023-06-01,NTN-C,76.41244360648
2023-06-01,NTN-F,405.1156240485
2023-06-01,NTN-F,431.88045895209
2023-06-01,Organismos Multilaterais,21.37897812776
2023-06-01,TDA,0.45790607736
2023-07-01,Credores Privados/Ag. Gov.,15.76927500082
2023-07-01,DPF EM PODER DO PÚBLICO,6142.2192990779195
2023-07-01,DPFe ¹,228.95964553683
2023-07-01,DPMFi,5913.259653541089
2023-07-01,DPMFi EM PODER DO BANCO CENTRAL,2248.29967921028
2023-07-01,Demais,29.654415984739998
2023-07-01,Demais,6.433161e-05
2023-07-01,Dívida Contratual,36.8901652008
2023-07-01,Dívida Mobiliária,192.06948033603
2023-07-01,Dívida Securitizada,2.99630615179
2023-07-01,Euro,0.0
2023-07-01,Global BRL,8.06929134295
2023-07-01,Global USD,184.00018899308
2023-07-01,LFT,2526.97662456935
2023-07-01,LFT,568.93908548823
2023-07-01,LTN,1105.20914744722
2023-07-01,LTN,510.13532047454
2023-07-01,NTN-B,1773.43754437037
2023-07-01,NTN-B,754.30940166137
2023-07-01,NTN-B1,0.99156364778
2023-07-01,NTN-C,72.55569111325
2023-07-01,NTN-F,400.99360863901
2023-07-01,NTN-F,414.91580725453
2023-07-01,Organismos Multilaterais,21.12089019998
2023-07-01,TDA,0.44475161758
2023-08-01,Credores Privados/Ag. Gov.,15.98993967584
2023-08-01,DPF EM PODER DO PÚBLICO,6265.382971579601
2023-08-01,DPFe ¹,237.46319878367
2023-08-01,DPMFi,6027.919772795931
2023-08-01,DPMFi EM PODER DO BANCO CENTRAL,2256.28859103552
2023-08-01,Demais,30.32932002377
2023-08-01,Demais,6.481201e-05
2023-08-01,Dívida Contratual,38.01349455027
2023-08-01,Dívida Mobiliária,199.4497042334
2023-08-01,Dívida Securitizada,3.60199731128
2023-08-01,Euro,0.0
2023-08-01,Global BRL,8.12999751005
2023-08-01,Global USD,191.31970672335
2023-08-01,LFT,2588.81288878045
2023-08-01,LFT,575.48820988807
2023-08-01,LTN,1143.7684620443
2023-08-01,LTN,514.79730618546
2023-08-01,NTN-B,1772.39750535038
2023-08-01,NTN-B,747.16489966667
2023-08-01,NTN-B1,1.1365534908500001
2023-08-01,NTN-C,73.08883748547
2023-08-01,NTN-F,414.34666897999
2023-08-01,NTN-F,418.83811048331
2023-08-01,Organismos Multilaterais,22.02355487443
2023-08-01,TDA,0.43753932944
2023-09-01,Credores Privados/Ag. Gov.,16.22256950358
2023-09-01,DPF EM PODER DO PÚBLICO,6075.85952036195
2023-09-01,DPFe ¹,241.77922101994
2023-09-01,DPMFi,5834.080299342009
2023-09-01,DPMFi EM PODER DO BANCO CENTRAL,2271.54797920819
2023-09-01,Demais,29.98069249729
2023-09-01,Demais,6.520853e-05
2023-09-01,Dívida Contratual,38.28060299494
2023-09-01,Dívida Mobiliária,203.498618025
2023-09-01,Dívida Securitizada,2.32352701547
2023-09-01,Euro,0.0
2023-09-01,Global BRL,8.19114706425
2023-09-01,Global USD,195.30747096075
2023-09-01,LFT,2341.25349486575
2023-09-01,LFT,552.58512534847
2023-09-01,LTN,1174.27804084686
2023-09-01,LTN,544.06154255104
2023-09-01,NTN-B,1789.44094813458
2023-09-01,NTN-B,752.44839554573
2023-09-01,NTN-B1,1.28712741147
2023-09-01,NTN-C,73.94090015804
2023-09-01,NTN-F,421.14455755773
2023-09-01,NTN-F,422.45285055442
2023-09-01,Organismos Multilaterais,22.05803349136
2023-09-01,TDA,0.43101085482
2023-10-01,Credores Privados/Ag. Gov.,16.50064408349
2023-10-01,DPF EM PODER DO PÚBLICO,6171.990067374611
2023-10-01,DPFe ¹,244.32484368563001
2023-10-01,DPMFi,5927.66522368898
2023-10-01,DPMFi EM PODER DO BANCO CENTRAL,2273.12501763892
2023-10-01,Demais,29.57387560559
2023-10-01,Demais,6.557684e-05
2023-10-01,Dívida Contratual,38.87347138433
2023-10-01,Dívida Mobiliária,205.4513723013
2023-10-01,Dívida Securitizada,5.57949114444
2023-10-01,Euro,0.0
2023-10-01,Global BRL,8.25274000555
2023-10-01,Global USD,197.19863229575
2023-10-01,LFT,2412.77813474435
2023-10-01,LFT,557.89404464108
2023-10-01,LTN,1169.32937189691
2023-10-01,LTN,531.60777305095
2023-10-01,NTN-B,1807.75755466773
2023-10-01,NTN-B,757.69766132038
2023-10-01,NTN-B1,1.4304954942499999
2023-10-01,NTN-C,74.88176335803
2023-10-01,NTN-F,425.91391073041
2023-10-01,NTN-F,425.92547304967
2023-10-01,Organismos Multilaterais,22.37282730084
2023-10-01,TDA,0.42062604727
2023-11-01,Credores Privados/Ag. Gov.,17.08402161622
2023-11-01,DPF EM PODER DO PÚBLICO,6325.0997134911695
2023-11-01,DPFe ¹,250.04699565970998
2023-11-01,DPMFi,6075.05271783146
2023-11-01,DPMFi EM PODER DO BANCO CENTRAL,2296.24492092435
2023-11-01,Demais,29.202428207079997
2023-11-01,Demais,6.593149e-05
2023-11-01,Dívida Contratual,39.097070166319995
2023-11-01,Dívida Mobiliária,210.94992549339
2023-11-01,Dívida Securitizada,2.52904314601
2023-11-01,Euro,0.0
2023-11-01,Global BRL,8.3148239818
2023-11-01,Global USD,202.63510151159
2023-11-01,LFT,2487.56913852629
2023-11-01,LFT,567.62606312504
2023-11-01,LTN,1212.95127119023
2023-11-01,LTN,535.73361715746
2023-11-01,NTN-B,1829.27663577559
2023-11-01,NTN-B,763.45753839992
2023-11-01,NTN-B1,1.53115050027
2023-11-01,NTN-C,75.9065478367
2023-11-01,NTN-F,435.67275072853
2023-11-01,NTN-F,429.42763631044
2023-11-01,Organismos Multilaterais,22.0130485501
2023-11-01,TDA,0.41375192076
2023-12-01,Credores Privados/Ag. Gov.,17.47741520664
2023-12-01,DPF EM PODER DO PÚBLICO,6520.328667414062
2023-12-01,DPFe ¹,251.46361793903
2023-12-01,DPMFi,6268.865049475032
2023-12-01,DPMFi EM PODER DO BANCO CENTRAL,2318.58041289811
2023-12-01,Demais,29.15426087002
2023-12-01,Demais,6.637467e-05
2023-12-01,Dívida Contratual,43.87261009072
2023-12-01,Dívida Mobiliária,207.59100784831
2023-12-01,Dívida Securitizada,4.6487327343
2023-12-01,Euro,0.0
2023-12-01,Global BRL,8.37735134515
2023-12-01,Global USD,199.21365650316
2023-12-01,LFT,2580.72559251742
2023-12-01,LFT,573.03925748013
2023-12-01,LTN,1273.35543437876
2023-12-01,LTN,540.3313270125
2023-12-01,NTN-B,1853.8810521047
2023-12-01,NTN-B,771.54840990858
2023-12-01,NTN-B1,1.6484788566700002
2023-12-01,NTN-C,77.20664993274
2023-12-01,NTN-F,447.86179008226
2023-12-01,NTN-F,433.66135212223
2023-12-01,Organismos Multilaterais,26.39519488408
2023-12-01,TDA,0.38305799816
2024-01-01,Credores Privados/Ag. Gov.,17.53406239662
2024-01-01,DPF EM PODER DO PÚBLICO,6449.859718684711
2024-01-01,DPFe ¹,273.82610214744
2024-01-01,DPMFi,6176.033616537271
2024-01-01,DPMFi EM PODER DO BANCO CENTRAL,2364.08703170203
2024-01-01,Demais,29.84765036493
2024-01-01,Demais,6.623907e-05
2024-01-01,Dívida Contratual,44.66617010802
2024-01-01,Dívida Mobiliária,229.15993203942
2024-01-01,Dívida Securitizada,2.32582950551
2024-01-01,Euro,0.0
2024-01-01,Global BRL,4.8918141681
2024-01-01,Global USD,224.26811787132
2024-01-01,LFT,2708.05379501527
2024-01-01,LFT,598.48417430314
2024-01-01,LTN,1029.05037300114
2024-01-01,LTN,530.01355253486
2024-01-01,NTN-B,1885.88120753674
2024-01-01,NTN-B,798.6613262281
2024-01-01,NTN-B1,1.77593342482
2024-01-01,NTN-C,73.93363903673
2024-01-01,NTN-F,444.78231063782
2024-01-01,NTN-F,436.92791239686
2024-01-01,Organismos Multilaterais,27.1321077114
2024-01-01,TDA,0.38287801431
2024-02-01,Credores Privados/Ag. Gov.,17.66410345257
2024-02-01,DPF EM PODER DO PÚBLICO,6595.29158730945
2024-02-01,DPFe ¹,276.13697874233
2024-02-01,DPMFi,6319.15460856712
2024-02-01,DPMFi EM PODER DO BANCO CENTRAL,2371.77528154986
2024-02-01,Demais,29.867819520909997
2024-02-01,Demais,6.653681e-05
2024-02-01,Dívida Contratual,45.08905175476
2024-02-01,Dívida Mobiliária,231.04792698756998
2024-02-01,Dívida Securitizada,11.00851351786
2024-02-01,Euro,0.0
2024-02-01,Global BRL,4.9301230395
2024-02-01,Global USD,226.11780394807
2024-02-01,LFT,2800.60828500095
2024-02-01,LFT,603.34671117587
2024-02-01,LTN,1065.37569308594
2024-02-01,LTN,534.14702617437
2024-02-01,NTN-B,1879.96327204567
2024-02-01,NTN-B,793.94186809934
2024-02-01,NTN-B1,1.90325886896
2024-02-01,NTN-C,74.107373946
2024-02-01,NTN-F,455.93946927626
2024-02-01,NTN-F,440.33960956347
2024-02-01,Organismos Multilaterais,27.42494830219
2024-02-01,TDA,0.38092330457
2024-03-01,Credores Privados/Ag. Gov.,17.3542337093
2024-03-01,DPF EM PODER DO PÚBLICO,6638.374068188861
2024-03-01,DPFe ¹,276.72890724254
2024-03-01,DPMFi,6361.645160946321
2024-03-01,DPMFi EM PODER DO BANCO CENTRAL,2399.0591022702297
2024-03-01,Demais,30.07321739886
2024-03-01,Demais,6.688245e-05
2024-03-01,Dívida Contratual,44.42836713418
2024-03-01,Dívida Mobiliária,232.30054010836
2024-03-01,Dívida Securitizada,2.92400345275
2024-03-01,Euro,0.0
2024-03-01,Global BRL,4.968717798
2024-03-01,Global USD,227.33182231036
2024-03-01,LFT,2769.39300238367
2024-03-01,LFT,575.87846825074
2024-03-01,LTN,1110.89352468183
2024-03-01,LTN,569.27864694475
2024-03-01,NTN-B,1903.75666339953
2024-03-01,NTN-B,809.75945340911
2024-03-01,NTN-B1,2.06298450974
2024-03-01,NTN-C,74.35948701701
2024-03-01,NTN-F,467.81261829976
2024-03-01,NTN-F,444.14246678318
2024-03-01,Organismos Multilaterais,27.07413342488
2024-03-01,TDA,0.36965980317
2024-04-01,Credores Privados/Ag. Gov.,17.46330960948
2024-04-01,DPF EM PODER DO PÚBLICO,6703.952403907939
2024-04-01,DPFe ¹,280.51192005772
2024-04-01,DPMFi,6423.440483850219
2024-04-01,DPMFi EM PODER DO BANCO CENTRAL,2415.76920840296
2024-04-01,Demais,11.52133093541
2024-04-01,Demais,6.727507e-05
2024-04-01,Dívida Contratual,45.83414231277
2024-04-01,Dívida Mobiliária,234.67777774495
2024-04-01,Dívida Securitizada,3.6705416433
2024-04-01,Euro,0.0
2024-04-01,Global BRL,5.00764609145
2024-04-01,Global USD,229.6701316535
2024-04-01,LFT,2886.03667567698
2024-04-01,LFT,608.58914479242
2024-04-01,LTN,1041.98537244247
2024-04-01,LTN,543.50264980674
2024-04-01,NTN-B,1928.72275732444
2024-04-01,NTN-B,815.69808814715
2024-04-01,NTN-B1,2.3488342154299997
2024-04-01,NTN-C,75.17667242804
2024-04-01,NTN-F,473.5984894108
2024-04-01,NTN-F,447.97925838158
2024-04-01,Organismos Multilaterais,28.37083270329
2024-04-01,TDA,0.37980977335
2024-05-01,Credores Privados/Ag. Gov.,18.41111456763
2024-05-01,DPF EM PODER DO PÚBLICO,6912.04057904805
2024-05-01,DPFe ¹,285.47411388435
2024-05-01,DPMFi,6626.5664651637
2024-05-01,DPMFi EM PODER DO BANCO CENTRAL,2426.12119233869
2024-05-01,Demais,11.625027288400002
2024-05-01,Demais,6.766153e-05
2024-05-01,Dívida Contratual,47.29966087422
2024-05-01,Dívida Mobiliária,238.17445301013
2024-05-01,Dívida Securitizada,9.89018859721
2024-05-01,Euro,0.0
2024-05-01,Global BRL,5.046860272
2024-05-01,Global USD,233.12759273813
2024-05-01,LFT,3015.66684512308
2024-05-01,LFT,613.73886372218
2024-05-01,LTN,1081.42982309738
2024-05-01,LTN,548.13690882727
2024-05-01,NTN-B,1947.46974140822
2024-05-01,NTN-B,812.39505647029
2024-05-01,NTN-B1,2.5924175526199997
2024-05-01,NTN-C,76.44966947405
2024-05-01,NTN-F,481.06855516308
2024-05-01,NTN-F,451.85029565742
2024-05-01,Organismos Multilaterais,28.88854630659
2024-05-01,TDA,0.37419745966
2024-06-01,Credores Privados/Ag. Gov.,19.12909932741
2024-06-01,DPF EM PODER DO PÚBLICO,7067.8487683343
2024-06-01,DPFe ¹,313.60768266909
2024-06-01,DPMFi,6754.24108566521
2024-06-01,DPMFi EM PODER DO BANCO CENTRAL,2447.36897218483
2024-06-01,Demais,12.163339935109999
2024-06-01,Demais,6.802042e-05
2024-06-01,Dívida Contratual,49.74848249747
2024-06-01,Dívida Mobiliária,263.85920017162005
2024-06-01,Dívida Securitizada,9.03269319709
2024-06-01,Euro,0.0
2024-06-01,Global BRL,5.0864079875
2024-06-01,Global USD,258.77279218412
2024-06-01,LFT,3081.98571178241
2024-06-01,LFT,618.8988253239
2024-06-01,LTN,1110.15923248692
2024-06-01,LTN,552.83848048824
2024-06-01,NTN-B,1972.77153618645
2024-06-01,NTN-B,819.00977314673
2024-06-01,NTN-B1,2.88268021126
2024-06-01,NTN-C,78.00894825189
2024-06-01,NTN-F,486.87230572089
2024-06-01,NTN-F,456.62182520554
2024-06-01,Organismos Multilaterais,30.61938317006
2024-06-01,TDA,0.36463789319
2024-07-01,Credores Privados/Ag. Gov.,19.56170003672
2024-07-01,DPF EM PODER DO PÚBLICO,7139.681338999479
2024-07-01,DPFe ¹,317.63265752383
2024-07-01,DPMFi,6822.048681475649
2024-07-01,DPMFi EM PODER DO BANCO CENTRAL,2464.77665864844
2024-07-01,Demais,12.30704948447
2024-07-01,Demais,6.841493e-05
2024-07-01,Dívida Contratual,50.91047782721
2024-07-01,Dívida Mobiliária,266.72217969662
2024-07-01,Dívida Securitizada,3.26961388134
2024-07-01,Euro,0.0
2024-07-01,Global BRL,4.88080751475
2024-07-01,Global USD,261.84137218187
2024-07-01,LFT,3205.50559683244
2024-07-01,LFT,639.34274829353
2024-07-01,LTN,1043.5581716212
2024-07-01,LTN,544.45493335573
2024-07-01,NTN-B,2004.3469130803
2024-07-01,NTN-B,825.47839863433
2024-07-01,NTN-B1,3.17916990426
2024-07-01,NTN-C,75.11229015744
2024-07-01,NTN-F,474.41755481764
2024-07-01,NTN-F,455.50050994992
2024-07-01,Organismos Multilaterais,31.34877779049
2024-07-01,TDA,0.35232169656
2024-08-01,Credores Privados/Ag. Gov.,20.62581105249
2024-08-01,DPF EM PODER DO PÚBLICO,7035.51093237463
2024-08-01,DPFe ¹,319.16979757830995
2024-08-01,DPMFi,6716.34113479632
2024-08-01,DPMFi EM PODER DO BANCO CENTRAL,2446.95141257241
2024-08-01,Demais,12.295021737270002
2024-08-01,Demais,6.883054e-05
2024-08-01,Dívida Contratual,52.11820517637
2024-08-01,Dívida Mobiliária,267.05159240193996
2024-08-01,Dívida Securitizada,2.44588059779
2024-08-01,Euro,0.0
2024-08-01,Global BRL,4.91902109045
2024-08-01,Global USD,262.13257131149
2024-08-01,LFT,3293.20339205791
2024-08-01,LFT,645.2325295585
2024-08-01,LTN,1072.68014856866
2024-08-01,LTN,564.10930414684
2024-08-01,NTN-B,1771.87979126821
2024-08-01,NTN-B,763.01331733467
2024-08-01,NTN-B1,3.4894732875
2024-08-01,NTN-C,75.99983981329
2024-08-01,NTN-F,484.00154920954
2024-08-01,NTN-F,474.59619270186
2024-08-01,Organismos Multilaterais,31.49239412388
2024-08-01,TDA,0.34603825615
2024-09-01,Credores Privados/Ag. Gov.,20.11497538134
2024-09-01,DPF EM PODER DO PÚBLICO,6947.711448904442
2024-09-01,DPFe ¹,307.33981226042
2024-09-01,DPMFi,6640.371636644021
2024-09-01,DPMFi EM PODER DO BANCO CENTRAL,2461.19562008797
2024-09-01,Demais,12.230620084229999
2024-09-01,Demais,6.919213e-05
2024-09-01,Dívida Contratual,49.80215457843
2024-09-01,Dívida Mobiliária,257.53765768198997
2024-09-01,Dívida Securitizada,2.84914191465
2024-09-01,Euro,0.0
2024-09-01,Global BRL,4.9575682011
2024-09-01,Global USD,252.58008948089
2024-09-01,LFT,3146.07838074177
2024-09-01,LFT,619.47101694761
2024-09-01,LTN,1101.52746038473
2024-09-01,LTN,595.25088947785
2024-09-01,NTN-B,1804.11601966755
2024-09-01,NTN-B,767.96191564155
2024-09-01,NTN-B1,3.75026122575
2024-09-01,NTN-C,77.05192242245
2024-09-01,NTN-F,492.42695091058
2024-09-01,NTN-F,478.51172882883
2024-09-01,Organismos Multilaterais,29.68717919709
2024-09-01,TDA,0.34087929231
2024-10-01,Credores Privados/Ag. Gov.,20.28759315634
2024-10-01,DPF EM PODER DO PÚBLICO,7072.93228018314
2024-10-01,DPFe ¹,325.21793101087997
2024-10-01,DPMFi,6747.714349172261
2024-10-01,DPMFi EM PODER DO BANCO CENTRAL,2479.84395294761
2024-10-01,Demais,12.57674902126
2024-10-01,Demais,6.96284e-05
2024-10-01,Dívida Contratual,51.912768070940004
2024-10-01,Dívida Mobiliária,273.30516293994
2024-10-01,Dívida Securitizada,2.2430866616
2024-10-01,Euro,0.0
2024-10-01,Global BRL,4.99640119885
2024-10-01,Global USD,268.30876174109
2024-10-01,LFT,3244.40426176647
2024-10-01,LFT,645.37220557303
2024-10-01,LTN,1063.27468049934
2024-10-01,LTN,555.51044087605
2024-10-01,NTN-B,1840.6652770085
2024-10-01,NTN-B,795.90537228889
2024-10-01,NTN-B1,4.03839034539
2024-10-01,NTN-C,78.89354363302
2024-10-01,NTN-F,501.28611545642
2024-10-01,NTN-F,483.05586458124
2024-10-01,Organismos Multilaterais,31.6251749146
2024-10-01,TDA,0.33224478026
2024-11-01,Credores Privados/Ag. Gov.,21.10696553441112
2024-11-01,DPF EM PODER DO PÚBLICO,7204.102156670235
2024-11-01,DPFe ¹,340.7573096768151
2024-11-01,DPMFi,6863.344846993419
2024-11-01,DPMFi EM PODER DO BANCO CENTRAL,2489.7789627934
2024-11-01,Demais,12.87896997015
2024-11-01,Demais,7.00018e-05
2024-11-01,Dívida Contratual,54.34246077251518
2024-11-01,Dívida Mobiliária,286.41484890429996
2024-11-01,Dívida Securitizada,2.253357463
2024-11-01,Global BRL,5.0355677315500005
2024-11-01,Global USD,281.37928117275
2024-11-01,LFT,3320.47604983736
2024-11-01,LFT,650.83491823952
2024-11-01,LTN,1083.03468355761
2024-11-01,LTN,560.22609493215
2024-11-01,NTN-B,1852.77887455685
2024-11-01,NTN-B,791.6743764039
2024-11-01,NTN-B1,4.29115442762
2024-11-01,NTN-C,80.53550551945
2024-11-01,NTN-F,506.76978355522
2024-11-01,NTN-F,487.04350321603
2024-11-01,Organismos Multilaterais,33.235495238104065
2024-11-01,TDA,0.32646810616
2024-12-01,Credores Privados/Ag. Gov.,21.58297230746
2024-12-01,DPF EM PODER DO PÚBLICO,7316.072715245719
2024-12-01,DPFe ¹,349.19333668193
2024-12-01,DPMFi,6966.879378563789
2024-12-01,DPMFi EM PODER DO BANCO CENTRAL,2517.51268942625
2024-12-01,Demais,13.03739166955
2024-12-01,Demais,7.037844e-05
2024-12-01,Dívida Contratual,55.56705051849001
2024-12-01,Dívida Mobiliária,293.62628616344
2024-12-01,Dívida Securitizada,7.12081495354
2024-12-01,Euro,0.0
2024-12-01,Global BRL,5.07502015135
2024-12-01,Global USD,288.55126601209
2024-12-01,LFT,3378.73623288209
2024-12-01,LFT,662.57390717212
2024-12-01,LTN,1093.93898756915
2024-12-01,LTN,564.9821501662
2024-12-01,NTN-B,1877.32920655773
2024-12-01,NTN-B,798.89142069666
2024-12-01,NTN-B1,4.71444952912
2024-12-01,NTN-C,81.92431649638
2024-12-01,NTN-F,509.78044896731
2024-12-01,NTN-F,491.06514101283
2024-12-01,Organismos Multilaterais,33.98407821103
2024-12-01,TDA,0.29752993892
2025-01-01,Credores Privados/Ag. Gov.,20.45984643525
2025-01-01,DPF EM PODER DO PÚBLICO,7252.681132657791
2025-01-01,DPFe ¹,301.80805912898
2025-01-01,DPMFi,6950.873073528811
2025-01-01,DPMFi EM PODER DO BANCO CENTRAL,2629.0900261837805
2025-01-01,Demais,12.867852424119999
2025-01-01,Demais,7.085409e-05
2025-01-01,Dívida Contratual,52.59407435685
2025-01-01,Dívida Mobiliária,249.21398477213
2025-01-01,Dívida Securitizada,3.57394338405
2025-01-01,Euro,0.0
2025-01-01,Global BRL,4.8693243829
2025-01-01,Global USD,244.34466038923
2025-01-01,LFT,3475.55789763454
2025-01-01,LFT,748.23011994064
2025-01-01,LTN,1059.03008177744
2025-01-01,LTN,683.99565373697
2025-01-01,NTN-B,1917.96968848075
2025-01-01,NTN-B,809.52667843212
2025-01-01,NTN-B1,5.15348967952
2025-01-01,NTN-C,78.61616599609
2025-01-01,NTN-F,397.80553365654
2025-01-01,NTN-F,387.33750321996
2025-01-01,Organismos Multilaterais,32.1342279216
2025-01-01,TDA,0.29842049576
2025-02-01,Credores Privados/Ag. Gov.,20.98567809735
2025-02-01,DPF EM PODER DO PÚBLICO,7492.01445655141
2025-02-01,DPFe ¹,314.3443923503
2025-02-01,DPMFi,7177.67006420111
2025-02-01,DPMFi EM PODER DO BANCO CENTRAL,2643.22763276506
2025-02-01,Demais,12.921131678780002
2025-02-01,Demais,7.127889e-05
2025-02-01,Dívida Contratual,53.36098079986
2025-02-01,Dívida Mobiliária,260.98341155044
2025-02-01,Dívida Securitizada,4.01063244366
2025-02-01,Euro,0.0
2025-02-01,Global BRL,4.90749031075
2025-02-01,Global USD,256.07592123969
2025-02-01,LFT,3574.05006502883
2025-02-01,LFT,755.69587862566
2025-02-01,LTN,1112.62375816725
2025-02-01,LTN,690.4300634597
2025-02-01,NTN-B,1967.09289629867
2025-02-01,NTN-B,806.67699956045
2025-02-01,NTN-B1,5.6849943849399995
2025-02-01,NTN-C,80.03683140055
2025-02-01,NTN-F,420.95399856954
2025-02-01,NTN-F,390.42461984036
2025-02-01,Organismos Multilaterais,32.37530270251
2025-02-01,TDA,0.29575622889
2025-03-01,Credores Privados/Ag. Gov.,21.78432325756
2025-03-01,DPF EM PODER DO PÚBLICO,7508.31198025165
2025-03-01,DPFe ¹,309.54319030629
2025-03-01,DPMFi,7198.76878994536
2025-03-01,DPMFi EM PODER DO BANCO CENTRAL,2672.93441737945
2025-03-01,Demais,12.82317609283
2025-03-01,Demais,7.167302e-05
2025-03-01,Dívida Contratual,53.02668299838
2025-03-01,Dívida Mobiliária,256.51650730791
2025-03-01,Dívida Securitizada,3.96858739243
2025-03-01,Euro,0.0
2025-03-01,Global BRL,4.9459421257
2025-03-01,Global USD,251.57056518221
2025-03-01,LFT,3477.46740242336
2025-03-01,LFT,740.49000924384
2025-03-01,LTN,1168.62222860691
2025-03-01,LTN,705.30989391895
2025-03-01,NTN-B,2007.4696712128
2025-03-01,NTN-B,818.0771119154
2025-03-01,NTN-B1,6.45834624312
2025-03-01,NTN-C,80.3890004886
2025-03-01,NTN-F,441.27937209672
2025-03-01,NTN-F,409.05733062824
2025-03-01,Organismos Multilaterais,31.24235974082
2025-03-01,TDA,0.29100538859
2025-04-01,Credores Privados/Ag. Gov.,21.78959297647
2025-04-01,DPF EM PODER DO PÚBLICO,7616.62449183826
2025-04-01,DPFe ¹,306.13407575325004
2025-04-01,DPMFi,7310.49041608501
2025-04-01,DPMFi EM PODER DO BANCO CENTRAL,2692.23582153677
2025-04-01,Demais,12.759664444099998
2025-04-01,Demais,7.212327e-05
2025-04-01,Dívida Contratual,52.75085078157
2025-04-01,Dívida Mobiliária,253.38322497168002
2025-04-01,Dívida Securitizada,6.19974576711
2025-04-01,Euro,0.0
2025-04-01,Global BRL,4.9847274756
2025-04-01,Global USD,248.39849749608
2025-04-01,LFT,3596.10573669602
2025-04-01,LFT,778.66185182195
2025-04-01,LTN,1078.4642568726
2025-04-01,LTN,675.52767170428
2025-04-01,NTN-B,2070.81917747158
2025-04-01,NTN-B,825.67699112017
2025-04-01,NTN-B1,7.11060395496
2025-04-01,NTN-C,81.18362518021
2025-04-01,NTN-F,457.56210244997
2025-04-01,NTN-F,412.3692347671
2025-04-01,Organismos Multilaterais,30.9612578051
2025-04-01,TDA,0.28550324846
2025-05-01,Credores Privados/Ag. Gov.,22.09598190202
2025-05-01,DPF EM PODER DO PÚBLICO,7670.49151362322
2025-05-01,DPFe ¹,309.16758162797
2025-05-01,DPMFi,7361.32393199525
2025-05-01,DPMFi EM PODER DO BANCO CENTRAL,2696.10682667455
2025-05-01,Demais,12.765431822890001
2025-05-01,Demais,7.262184e-05
2025-05-01,Dívida Contratual,53.42090940059
2025-05-01,Dívida Mobiliária,255.74667222738
2025-05-01,Dívida Securitizada,5.80569228053
2025-05-01,Euro,0.0
2025-05-01,Global BRL,5.0237987126
2025-05-01,Global USD,250.72287351478
2025-05-01,LFT,3694.44036444645
2025-05-01,LFT,788.05233814606
2025-05-01,LTN,1139.98767663101
2025-05-01,LTN,701.46107018287
2025-05-01,NTN-B,1945.63129631658
2025-05-01,NTN-B,780.41858455029
2025-05-01,NTN-B1,7.706331221239999
2025-05-01,NTN-C,81.49016704817
2025-05-01,NTN-F,473.21614917201
2025-05-01,NTN-F,426.17476117349
2025-05-01,Organismos Multilaterais,31.32492749857
2025-05-01,TDA,0.28082305637
2025-06-01,Credores Privados/Ag. Gov.,21.0828697
2025-06-01,DPF EM PODER DO PÚBLICO,7883.197236148031
2025-06-01,DPFe ¹,302.122206047
2025-06-01,DPMFi,7581.075030101031
2025-06-01,DPMFi EM PODER DO BANCO CENTRAL,2735.32875035109
2025-06-01,Demais,12.41600276626
2025-06-01,Demais,7.306007e-05
2025-06-01,Dívida Contratual,51.28465251
2025-06-01,Dívida Mobiliária,250.83755353700002
2025-06-01,Dívida Securitizada,5.53656409156
2025-06-01,Euro,0.0
2025-06-01,Global BRL,5.063155837
2025-06-01,Global USD,245.7743977
2025-06-01,LFT,3790.82052253982
2025-06-01,LFT,808.06447312783
2025-06-01,LTN,1207.51833760689
2025-06-01,LTN,707.7802607657
2025-06-01,NTN-B,1987.96769916082
2025-06-01,NTN-B,790.00739595945
2025-06-01,NTN-B1,8.17290097203
2025-06-01,NTN-C,80.74890119287
2025-06-01,NTN-F,487.62041484544
2025-06-01,NTN-F,429.47654743804
2025-06-01,Organismos Multilaterais,30.20178281
2025-06-01,TDA,0.27368692534
2025-07-01,Credores Privados/Ag. Gov.,21.27727792762
2025-07-01,DPF EM PODER DO PÚBLICO,7939.026603851859
2025-07-01,DPFe ¹,308.05174626153
2025-07-01,DPMFi,7630.9748575903295
2025-07-01,DPMFi EM PODER DO BANCO CENTRAL,2750.56312447527
2025-07-01,Demais,12.46572547623
2025-07-01,Demais,7.357803e-05
2025-07-01,Dívida Contratual,52.41500023278
2025-07-01,Dívida Mobiliária,255.63674602875
2025-07-01,Dívida Securitizada,3.23466832556
2025-07-01,Euro,0.0
2025-07-01,Global BRL,4.85736477255
2025-07-01,Global USD,250.7793812562
2025-07-01,LFT,3905.96111420079
2025-07-01,LFT,823.5737762467
2025-07-01,LTN,1118.5195457306
2025-07-01,LTN,718.19630681172
2025-07-01,NTN-B,2027.41615685406
2025-07-01,NTN-B,796.16631082639
2025-07-01,NTN-B1,9.02590075952
2025-07-01,NTN-C,76.65352477829
2025-07-01,NTN-F,477.42548531741
2025-07-01,NTN-F,412.62665701243
2025-07-01,Organismos Multilaterais,31.13772230516
2025-07-01,TDA,0.27273614787
2025-08-01,Credores Privados/Ag. Gov.,21.38671920139
2025-08-01,DPF EM PODER DO PÚBLICO,8144.99430063061
2025-08-01,DPFe ¹,300.22895810786
2025-08-01,DPMFi,7844.76534252275
2025-08-01,DPMFi EM PODER DO BANCO CENTRAL,2774.38551635166
2025-08-01,Demais,12.38325403472
2025-08-01,Demais,7.408883e-05
2025-08-01,Dívida Contratual,51.69188630077
2025-08-01,Dívida Mobiliária,248.53707180709
2025-08-01,Dívida Securitizada,6.68455406765
2025-08-01,Euro,0.0
2025-08-01,Global BRL,4.8954354047
2025-08-01,Global USD,243.64163640239
2025-08-01,LFT,4007.09272234401
2025-08-01,LFT,844.02528003521
2025-08-01,LTN,1201.3482277175
2025-08-01,LTN,725.72961656727
2025-08-01,NTN-B,2029.86774183218
2025-08-01,NTN-B,788.30069446478
2025-08-01,NTN-B1,9.82481521136
2025-08-01,NTN-C,77.54985608863
2025-08-01,NTN-F,499.74537209933
2025-08-01,NTN-F,416.32985119557
2025-08-01,Organismos Multilaterais,30.30516709938
2025-08-01,TDA,0.26879912737
2025-09-01,Credores Privados/Ag. Gov.,21.09137992284
2025-09-01,DPF EM PODER DO PÚBLICO,8122.010993969231
2025-09-01,DPFe ¹,301.52811320009005
2025-09-01,DPMFi,7820.482880769141
2025-09-01,DPMFi EM PODER DO BANCO CENTRAL,2792.6575534996
2025-09-01,Demais,12.35132814472
2025-09-01,Demais,7.457219e-05
2025-09-01,Dívida Contratual,50.16535965071
2025-09-01,Dívida Mobiliária,251.36275354938002
2025-09-01,Dívida Securitizada,2.36275691284
2025-09-01,Euro,0.0
2025-09-01,Global BRL,4.9338395718
2025-09-01,Global USD,246.42891397758
2025-09-01,LFT,3852.75093513812
2025-09-01,LFT,815.55285252052
2025-09-01,LTN,1264.20384170231
2025-09-01,LTN,763.65714350899
2025-09-01,NTN-B,2079.60468286236
2025-09-01,NTN-B,793.550692524
2025-09-01,NTN-B1,10.71206711829
2025-09-01,NTN-C,78.49951121513
2025-09-01,NTN-F,519.72002412832
2025-09-01,NTN-F,419.8967903739
2025-09-01,Organismos Multilaterais,29.07397972787
2025-09-01,TDA,0.27773354705
2025-10-01,Credores Privados/Ag. Gov.,20.60314789007
2025-10-01,DPF EM PODER DO PÚBLICO,8253.513050368148
2025-10-01,DPFe ¹,305.06198828427
2025-10-01,DPMFi,7948.451062083879
2025-10-01,DPMFi EM PODER DO BANCO CENTRAL,2777.59231800308
2025-10-01,Demais,12.36661879516
2025-10-01,Demais,7.510203e-05
2025-10-01,Dívida Contratual,50.13302132179
2025-10-01,Dívida Mobiliária,254.92896696248002
2025-10-01,Dívida Securitizada,2.3638830729
2025-10-01,Euro,0.0
2025-10-01,Global BRL,4.972529626
2025-10-01,Global USD,249.95643733648
2025-10-01,LFT,3974.67401006762
2025-10-01,LFT,861.2165483469
2025-10-01,LTN,1230.78603263663
2025-10-01,LTN,692.53921650489
2025-10-01,NTN-B,2103.74478117166
2025-10-01,NTN-B,799.99675389402
2025-10-01,NTN-B1,11.37397825187
2025-10-01,NTN-C,78.92888920677
2025-10-01,NTN-F,533.94924409981
2025-10-01,NTN-F,423.83972415524
2025-10-01,Organismos Multilaterais,29.52987343172
2025-10-01,TDA,0.26362478146
2025-11-01,Credores Privados/Ag. Gov.,20.801120764237105
2025-11-01,DPF EM PODER DO PÚBLICO,8480.336504895382
2025-11-01,DPFe ¹,314.94882642455195
2025-11-01,DPMFi,8165.387678470829
2025-11-01,DPMFi EM PODER DO BANCO CENTRAL,2813.09689582836
2025-11-01,Demais,12.42262296738
2025-11-01,Demais,7.557691e-05
2025-11-01,Dívida Contratual,50.13446889516203
2025-11-01,Dívida Mobiliária,264.81435752938995
2025-11-01,Dívida Securitizada,2.65359098966
2025-11-01,Global BRL,5.0115055673
2025-11-01,Global USD,259.80285196208996
2025-11-01,LFT,4079.02045033793
2025-11-01,LFT,870.87402174072
2025-11-01,LTN,1308.42842370464
2025-11-01,LTN,720.92299823931
2025-11-01,NTN-B,2113.23125251831
2025-11-01,NTN-B,794.00031640593
2025-11-01,NTN-B1,11.81182704556
2025-11-01,NTN-C,79.73259225638
2025-11-01,NTN-F,557.82771177394
2025-11-01,NTN-F,427.29948386549
2025-11-01,Organismos Multilaterais,29.33334813092493
2025-11-01,TDA,0.25920687703
2025-12-01,Credores Privados/Ag. Gov.,21.89034182379
2025-12-01,DPF EM PODER DO PÚBLICO,8635.09322655333
2025-12-01,DPFe ¹,326.06515786355
2025-12-01,DPMFi,8309.02806868978
2025-12-01,DPMFi EM PODER DO BANCO CENTRAL,2860.60771744318
2025-12-01,Demais,12.61771646306
2025-12-01,Demais,7.607222e-05
2025-12-01,Dívida Contratual,52.083216187999994
2025-12-01,Dívida Mobiliária,273.98194167555
2025-12-01,Dívida Securitizada,2.04664675548
2025-12-01,Euro,0.0
2025-12-01,Global BRL,5.05081504355
2025-12-01,Global USD,268.931126632
2025-12-01,LFT,4164.11817607288
2025-12-01,LFT,891.82679738594
2025-12-01,LTN,1331.87032215137
2025-12-01,LTN,728.24639759233
2025-12-01,NTN-B,2137.95080682765
2025-12-01,NTN-B,809.57076870252
2025-12-01,NTN-B1,12.73849648745
2025-12-01,NTN-C,80.37216476283
2025-12-01,NTN-F,567.08219734398
2025-12-01,NTN-F,430.96367769017
2025-12-01,Organismos Multilaterais,30.19287436421
2025-12-01,TDA,0.23154182508
2026-01-01,Credores Privados/Ag. Gov.,21.55733732562
2026-01-01,DPF EM PODER DO PÚBLICO,8641.126255990192
2026-01-01,DPFe ¹,310.59252152788
2026-01-01,DPMFi,8330.533734462311
2026-01-01,DPMFi EM PODER DO BANCO CENTRAL,2854.83347764615
2026-01-01,Demais,12.53297199725
2026-01-01,Demais,7.659813e-05
2026-01-01,Dívida Contratual,51.62286824977
2026-01-01,Dívida Mobiliária,258.96965327811
2026-01-01,Dívida Securitizada,1.94719996237
2026-01-01,Euro,0.0
2026-01-01,Global BRL,4.8449286837
2026-01-01,Global USD,254.12472459441
2026-01-01,LFT,4267.9340038863
2026-01-01,LFT,911.92801149334
2026-01-01,LTN,1197.36665935206
2026-01-01,LTN,658.5464593536
2026-01-01,NTN-B,2177.60256224259
2026-01-01,NTN-B,853.20891280349
2026-01-01,NTN-B1,13.69841297406
2026-01-01,NTN-C,77.16958406973
2026-01-01,NTN-F,582.05009888651
2026-01-01,NTN-F,431.15001739759
2026-01-01,Organismos Multilaterais,30.06553092415
2026-01-01,TDA,0.23224109144
2026-02-01,Credores Privados/Ag. Gov.,20.96376720068
2026-02-01,DPF EM PODER DO PÚBLICO,8840.746460811848
2026-02-01,DPFe ¹,329.6466833536
2026-02-01,DPMFi,8511.099777458248
2026-02-01,DPMFi EM PODER DO BANCO CENTRAL,2867.79741333871
2026-02-01,Demais,12.41568581699
2026-02-01,Demais,7.700839e-05
2026-02-01,Dívida Contratual,50.676527736400004
2026-02-01,Dívida Mobiliária,278.9701556172
2026-02-01,Dívida Securitizada,2.51033372497
2026-02-01,Euro,0.0
2026-02-01,Global BRL,4.88290402015
2026-02-01,Global USD,274.08725159705
2026-02-01,LFT,4337.8332555467
2026-02-01,LFT,921.12562912919
2026-02-01,LTN,1267.94025072089
2026-02-01,LTN,664.32890686554
2026-02-01,NTN-B,2185.50648740151
2026-02-01,NTN-B,848.00445883409
2026-02-01,NTN-B1,14.41509361269
2026-02-01,NTN-C,77.16787008256
2026-02-01,NTN-F,613.08519132277
2026-02-01,NTN-F,434.3383415015
2026-02-01,Organismos Multilaterais,29.71276053572
2026-02-01,TDA,0.22560922917
2026-03-01,Credores Privados/Ag. Gov.,20.32687909278
2026-03-01,DPF EM PODER DO PÚBLICO,8633.44117032119
2026-03-01,DPFe ¹,331.64265210287
2026-03-01,DPMFi,8301.79851821832
2026-03-01,DPMFi EM PODER DO BANCO CENTRAL,2893.22380891614
2026-03-01,Demais,12.53473634823
2026-03-01,Demais,7.751491e-05
2026-03-01,Dívida Contratual,49.252550708970006
2026-03-01,Dívida Mobiliária,282.3901013939
2026-03-01,Dívida Securitizada,1.53485033571
2026-03-01,Euro,0.0
2026-03-01,Global BRL,4.92121289155
2026-03-01,Global USD,277.46888850235
2026-03-01,LFT,4116.52196988826
2026-03-01,LFT,874.76949584264
2026-03-01,LTN,1266.65997466109
2026-03-01,LTN,694.92824591972
2026-03-01,NTN-B,2200.13911216515
2026-03-01,NTN-B,885.43712155624
2026-03-01,NTN-B1,15.70747731194
2026-03-01,NTN-C,78.16270350235
2026-03-01,NTN-F,610.31501553406
2026-03-01,NTN-F,438.08886808263
2026-03-01,Organismos Multilaterais,28.92567161619
2026-03-01,TDA,0.22267847153
2026-04-01,Credores Privados/Ag. Gov.,19.25172372818
2026-04-01,DPF EM PODER DO PÚBLICO,8798.259629292748
2026-04-01,DPFe ¹,335.88385766242
2026-04-01,DPMFi,8462.375771630328
2026-04-01,DPMFi EM PODER DO BANCO CENTRAL,2916.48357197082
2026-04-01,Demais,12.53895790037
2026-04-01,Demais,7.80015e-05
2026-04-01,Dívida Contratual,46.97512680146
2026-04-01,Dívida Mobiliária,288.90873086095996
2026-04-01,Dívida Securitizada,2.04305657271
2026-04-01,Euro,29.01820588762
2026-04-01,Global BRL,4.95980765005
2026-04-01,Global USD,254.93071732329
2026-04-01,LFT,4272.45756249411
2026-04-01,LFT,893.82049568628
2026-04-01,LTN,1197.75015174689
2026-04-01,LTN,670.3861556408
2026-04-01,NTN-B,2248.10387872099
2026-04-01,NTN-B,910.5849270372
2026-04-01,NTN-B1,16.35651927078
2026-04-01,NTN-C,80.85244508684
2026-04-01,NTN-F,632.05344721703
2026-04-01,NTN-F,441.69191560504
2026-04-01,Organismos Multilaterais,27.72340307328
2026-04-01,TDA,0.21975262061
2026-05-01,Credores Privados/Ag. Gov.,19.5988234146
2026-05-01,DPF EM PODER DO PÚBLICO,9032.65551704585
2026-05-01,DPFe ¹,340.49219833701
2026-05-01,DPMFi,8692.163318708841
2026-05-01,DPMFi EM PODER DO BANCO CENTRAL,2934.15921681457
2026-05-01,Demais,12.81488726111
2026-05-01,Demais,7.851987e-05
2026-05-01,Dívida Contratual,47.7710464987
2026-05-01,Dívida Mobiliária,292.72115183831
2026-05-01,Dívida Securitizada,2.38473938545
2026-05-01,Euro,29.40904986025
2026-05-01,Global BRL,4.99868829565
2026-05-01,Global USD,258.31341368241
2026-05-01,LFT,4421.78814438321
2026-05-01,LFT,904.0233001593
2026-05-01,LTN,1241.32047135626
2026-05-01,LTN,677.32877585478
2026-05-01,NTN-B,2263.66722561697
2026-05-01,NTN-B,907.29897897279
2026-05-01,NTN-B1,17.13910579557
2026-05-01,NTN-C,82.24109620277
2026-05-01,NTN-F,650.59162299507
2026-05-01,NTN-F,445.50808330783
2026-05-01,Organismos Multilaterais,28.1722230841
2026-05-01,TDA,0.21602571243
2026-06-01,Credores Privados/Ag. Gov.,18.98142686931
2026-06-01,DPF EM PODER DO PÚBLICO,9268.392367515391
2026-06-01,DPFe ¹,347.71431784811995
2026-06-01,DPMFi,8920.67804966727
2026-06-01,DPMFi EM PODER DO BANCO CENTRAL,2971.01574240433
2026-06-01,Demais,12.89646327838
2026-06-01,Demais,7.901333e-05
2026-06-01,Dívida Contratual,47.76338094485
2026-06-01,Dívida Mobiliária,299.95093690326996
2026-06-01,Dívida Securitizada,3.39534613199
2026-06-01,Euro,29.54812624799
2026-06-01,Global BRL,5.0379024762
2026-06-01,Global USD,265.36490817908
2026-06-01,LFT,4567.28356869561
2026-06-01,LFT,923.00073639486
2026-06-01,LTN,1280.97976532305
2026-06-01,LTN,684.00862082139
2026-06-01,NTN-B,2291.45680255073
2026-06-01,NTN-B,914.83210086442
2026-06-01,NTN-B1,18.10677755544
2026-06-01,NTN-C,82.49640094282
2026-06-01,NTN-F,663.78665640144
2026-06-01,NTN-F,449.17420531033
2026-06-01,Organismos Multilaterais,28.78195407554
2026-06-01,TDA,0.27626878781
2026-07-01,Credores Privados/Ag. Gov.,18.96131274751
2026-07-01,DPF EM PODER DO PÚBLICO,9288.780271377798
2026-07-01,DPFe ¹,340.06350629133004
2026-07-01,DPMFi,8948.716765086469
2026-07-01,DPMFi EM PODER DO BANCO CENTRAL,2979.60489867891
2026-07-01,Demais,12.8330247083
2026-07-01,Demais,7.95739e-05
2026-07-01,Dívida Contratual,47.31348888456
2026-07-01,Dívida Mobiliária,292.75001740677004
2026-07-01,Dívida Securitizada,2.55976602907
2026-07-01,Euro,29.35907050521
2026-07-01,Global BRL,4.8319684685
2026-07-01,Global USD,258.55897843306
2026-07-01,LFT,4744.0948174678
2026-07-01,LFT,944.0705921088
2026-07-01,LTN,1133.36280870436
2026-07-01,LTN,671.18982279254
2026-07-01,NTN-B,2311.59609166885
2026-07-01,NTN-B,933.68963513899
2026-07-01,NTN-B1,18.84368998871
2026-07-01,NTN-C,78.00736909523
2026-07-01,NTN-F,647.15128811584
2026-07-01,NTN-F,430.65476906468
2026-07-01,Organismos Multilaterais,28.35217613705
2026-07-01,TDA,0.26790930831
2026-08-01,Credores Privados/Ag. Gov.,19.50580255804
2026-08-01,DPF EM PODER DO PÚBLICO,9292.734408373897
2026-08-01,DPFe ¹,348.25619901765
2026-08-01,DPMFi,8944.478209356248
2026-08-01,DPMFi EM PODER DO BANCO CENTRAL,2929.8218208853496
2026-08-01,Demais,12.935366986
2026-08-01,Demais,8.009419e-05
2026-08-01,Dívida Contratual,48.55940265564
2026-08-01,Dívida Mobiliária,299.69679636201
2026-08-01,Dívida Securitizada,3.78009891993
2026-08-01,Euro,30.33476838881
2026-08-01,Global BRL,4.86984850925
2026-08-01,Global USD,264.49217946395
2026-08-01,LFT,4896.64654445568
2026-08-01,LFT,954.53065396085
2026-08-01,LTN,1213.77566902765
2026-08-01,LTN,678.19042020724
2026-08-01,NTN-B,2050.69022791318
2026-08-01,NTN-B,862.71386722373
2026-08-01,NTN-B1,19.36629410758
2026-08-01,NTN-C,78.43751593457
2026-08-01,NTN-F,668.58223900943
2026-08-01,NTN-F,434.38679939934
2026-08-01,Organismos Multilaterais,29.0536000976
2026-08-01,TDA,0.26425300223
